learner_id,intervention_id,intervention_number,timestamp,intervention_type,completed,mastery_before,mastery_after,improvement,retained_mastery,retention_rate,retention_success,data_source
learner_0001,intervention_0001_01,1,2026-01-01T09:00:00,peer_discussion,False,0.1466,0.1585,0.0119,0.1539,0.6121,False,[SANDBOX DATA]
learner_0001,intervention_0001_02,2,2026-01-06T09:00:00,targeted_practice,True,0.1585,0.3168,0.1583,0.2982,0.8822,True,[SANDBOX DATA]
learner_0001,intervention_0001_03,3,2026-01-12T09:00:00,peer_discussion,False,0.3168,0.3338,0.017,0.3261,0.5469,False,[SANDBOX DATA]
learner_0002,intervention_0002_01,1,2026-01-01T09:00:00,worked_example,True,0.245,0.3765,0.1315,0.3512,0.8076,True,[SANDBOX DATA]
learner_0002,intervention_0002_02,2,2026-01-07T09:00:00,peer_discussion,True,0.3765,0.4455,0.069,0.4351,0.8492,True,[SANDBOX DATA]
learner_0002,intervention_0002_03,3,2026-01-12T09:00:00,targeted_practice,True,0.4455,0.5722,0.1267,0.5453,0.7875,True,[SANDBOX DATA]
learner_0003,intervention_0003_01,1,2026-01-01T09:00:00,video_lesson,True,0.1621,0.2391,0.077,0.2292,0.872,True,[SANDBOX DATA]
learner_0003,intervention_0003_02,2,2026-01-08T09:00:00,worked_example,False,0.2391,0.2391,0.0,0.2391,0.7152,True,[SANDBOX DATA]
learner_0003,intervention_0003_03,3,2026-01-14T09:00:00,adaptive_quiz,True,0.2391,0.3403,0.1012,0.3238,0.8375,True,[SANDBOX DATA]
learner_0003,intervention_0003_04,4,2026-01-17T09:00:00,peer_discussion,True,0.3403,0.4152,0.0749,0.4021,0.8254,True,[SANDBOX DATA]
learner_0004,intervention_0004_01,1,2026-01-01T09:00:00,peer_discussion,True,0.5684,0.6092,0.0408,0.6068,0.9396,True,[SANDBOX DATA]
learner_0004,intervention_0004_02,2,2026-01-05T09:00:00,peer_discussion,True,0.6092,0.6352,0.0259,0.6298,0.7932,True,[SANDBOX DATA]
learner_0004,intervention_0004_03,3,2026-01-10T09:00:00,peer_discussion,True,0.6352,0.6768,0.0417,0.672,0.8835,True,[SANDBOX DATA]
learner_0004,intervention_0004_04,4,2026-01-15T09:00:00,targeted_practice,True,0.6768,0.7374,0.0606,0.7256,0.8047,True,[SANDBOX DATA]
learner_0004,intervention_0004_05,5,2026-01-22T09:00:00,adaptive_quiz,True,0.7374,0.7653,0.0279,0.7614,0.8598,True,[SANDBOX DATA]
learner_0005,intervention_0005_01,1,2026-01-01T09:00:00,video_lesson,True,0.5037,0.5633,0.0596,0.5494,0.767,True,[SANDBOX DATA]
learner_0005,intervention_0005_02,2,2026-01-05T09:00:00,targeted_practice,True,0.5633,0.6165,0.0532,0.609,0.859,True,[SANDBOX DATA]
learner_0005,intervention_0005_03,3,2026-01-11T09:00:00,targeted_practice,True,0.6165,0.6837,0.0673,0.674,0.8557,True,[SANDBOX DATA]
learner_0005,intervention_0005_04,4,2026-01-15T09:00:00,worked_example,True,0.6837,0.7243,0.0405,0.7167,0.8136,True,[SANDBOX DATA]
learner_0005,intervention_0005_05,5,2026-01-20T09:00:00,video_lesson,True,0.7243,0.7466,0.0223,0.7408,0.7402,True,[SANDBOX DATA]
learner_0006,intervention_0006_01,1,2026-01-01T09:00:00,adaptive_quiz,True,0.1405,0.2314,0.0909,0.2135,0.8036,True,[SANDBOX DATA]
learner_0006,intervention_0006_02,2,2026-01-03T09:00:00,targeted_practice,False,0.2314,0.254,0.0226,0.2414,0.4427,False,[SANDBOX DATA]
learner_0006,intervention_0006_03,3,2026-01-09T09:00:00,video_lesson,True,0.254,0.3263,0.0723,0.3049,0.7043,True,[SANDBOX DATA]
learner_0006,intervention_0006_04,4,2026-01-11T09:00:00,peer_discussion,True,0.3263,0.3968,0.0705,0.3842,0.8217,True,[SANDBOX DATA]
learner_0007,intervention_0007_01,1,2026-01-01T09:00:00,worked_example,True,0.3441,0.4513,0.1072,0.435,0.8485,True,[SANDBOX DATA]
learner_0007,intervention_0007_02,2,2026-01-07T09:00:00,targeted_practice,True,0.4513,0.5278,0.0766,0.5084,0.7459,True,[SANDBOX DATA]
learner_0007,intervention_0007_03,3,2026-01-14T09:00:00,worked_example,True,0.5278,0.6023,0.0745,0.5876,0.8022,True,[SANDBOX DATA]
learner_0008,intervention_0008_01,1,2026-01-01T09:00:00,adaptive_quiz,True,0.1565,0.2752,0.1187,0.2445,0.7408,True,[SANDBOX DATA]
learner_0008,intervention_0008_02,2,2026-01-06T09:00:00,worked_example,True,0.2752,0.3602,0.085,0.3421,0.7868,True,[SANDBOX DATA]
learner_0008,intervention_0008_03,3,2026-01-13T09:00:00,worked_example,True,0.3602,0.4689,0.1087,0.4507,0.8326,True,[SANDBOX DATA]
learner_0009,intervention_0009_01,1,2026-01-01T09:00:00,targeted_practice,True,0.2856,0.4403,0.1547,0.4141,0.8304,True,[SANDBOX DATA]
learner_0009,intervention_0009_02,2,2026-01-04T09:00:00,targeted_practice,False,0.4403,0.4403,0.0,0.4403,0.5342,False,[SANDBOX DATA]
learner_0009,intervention_0009_03,3,2026-01-06T09:00:00,worked_example,True,0.4403,0.5058,0.0655,0.4984,0.8871,True,[SANDBOX DATA]
learner_0009,intervention_0009_04,4,2026-01-13T09:00:00,video_lesson,False,0.5058,0.5216,0.0158,0.5158,0.6312,False,[SANDBOX DATA]
learner_0010,intervention_0010_01,1,2026-01-01T09:00:00,video_lesson,False,0.3575,0.37,0.0126,0.368,0.8395,True,[SANDBOX DATA]
learner_0010,intervention_0010_02,2,2026-01-08T09:00:00,adaptive_quiz,False,0.37,0.3843,0.0143,0.3816,0.8067,True,[SANDBOX DATA]
learner_0010,intervention_0010_03,3,2026-01-10T09:00:00,peer_discussion,True,0.3843,0.4595,0.0752,0.4486,0.8543,True,[SANDBOX DATA]
learner_0010,intervention_0010_04,4,2026-01-16T09:00:00,peer_discussion,True,0.4595,0.5003,0.0408,0.4885,0.7105,True,[SANDBOX DATA]
learner_0010,intervention_0010_05,5,2026-01-18T09:00:00,targeted_practice,True,0.5003,0.5774,0.0771,0.5612,0.7893,True,[SANDBOX DATA]
learner_0011,intervention_0011_01,1,2026-01-01T09:00:00,worked_example,True,0.1582,0.2722,0.114,0.2548,0.847,True,[SANDBOX DATA]
learner_0011,intervention_0011_02,2,2026-01-04T09:00:00,video_lesson,True,0.2722,0.3626,0.0904,0.3315,0.656,False,[SANDBOX DATA]
learner_0011,intervention_0011_03,3,2026-01-07T09:00:00,worked_example,True,0.3626,0.4301,0.0675,0.4132,0.7497,True,[SANDBOX DATA]
learner_0011,intervention_0011_04,4,2026-01-14T09:00:00,adaptive_quiz,True,0.4301,0.4845,0.0544,0.4749,0.8225,True,[SANDBOX DATA]
learner_0012,intervention_0012_01,1,2026-01-01T09:00:00,targeted_practice,True,0.5471,0.6389,0.0919,0.6212,0.8076,True,[SANDBOX DATA]
learner_0012,intervention_0012_02,2,2026-01-08T09:00:00,adaptive_quiz,True,0.6389,0.6881,0.0492,0.68,0.8341,True,[SANDBOX DATA]
learner_0012,intervention_0012_03,3,2026-01-15T09:00:00,targeted_practice,True,0.6881,0.7403,0.0522,0.7393,0.98,True,[SANDBOX DATA]
learner_0012,intervention_0012_04,4,2026-01-17T09:00:00,worked_example,False,0.7403,0.746,0.0057,0.743,0.4744,False,[SANDBOX DATA]
learner_0013,intervention_0013_01,1,2026-01-01T09:00:00,peer_discussion,True,0.5864,0.6265,0.04,0.6158,0.735,True,[SANDBOX DATA]
learner_0013,intervention_0013_02,2,2026-01-08T09:00:00,adaptive_quiz,True,0.6265,0.6699,0.0434,0.659,0.7499,True,[SANDBOX DATA]
learner_0013,intervention_0013_03,3,2026-01-10T09:00:00,peer_discussion,False,0.6699,0.6699,0.0,0.6699,0.9,True,[SANDBOX DATA]
learner_0013,intervention_0013_04,4,2026-01-13T09:00:00,video_lesson,True,0.6699,0.7195,0.0497,0.7185,0.98,True,[SANDBOX DATA]
learner_0014,intervention_0014_01,1,2026-01-01T09:00:00,targeted_practice,True,0.1757,0.3281,0.1524,0.306,0.8548,True,[SANDBOX DATA]
learner_0014,intervention_0014_02,2,2026-01-03T09:00:00,video_lesson,True,0.3281,0.3817,0.0536,0.371,0.8009,True,[SANDBOX DATA]
learner_0014,intervention_0014_03,3,2026-01-09T09:00:00,targeted_practice,True,0.3817,0.4696,0.0879,0.4571,0.8577,True,[SANDBOX DATA]
learner_0014,intervention_0014_04,4,2026-01-14T09:00:00,peer_discussion,True,0.4696,0.5264,0.0568,0.5164,0.8243,True,[SANDBOX DATA]
learner_0014,intervention_0014_05,5,2026-01-20T09:00:00,adaptive_quiz,True,0.5264,0.5919,0.0655,0.5796,0.8122,True,[SANDBOX DATA]
learner_0015,intervention_0015_01,1,2026-01-01T09:00:00,video_lesson,True,0.7551,0.776,0.0209,0.7743,0.9153,True,[SANDBOX DATA]
learner_0015,intervention_0015_02,2,2026-01-03T09:00:00,targeted_practice,False,0.776,0.776,0.0,0.776,0.7613,True,[SANDBOX DATA]
learner_0015,intervention_0015_03,3,2026-01-09T09:00:00,adaptive_quiz,False,0.776,0.779,0.0029,0.778,0.6816,False,[SANDBOX DATA]
learner_0016,intervention_0016_01,1,2026-01-01T09:00:00,peer_discussion,False,0.3965,0.3965,0.0,0.3965,0.6216,False,[SANDBOX DATA]
learner_0016,intervention_0016_02,2,2026-01-07T09:00:00,peer_discussion,True,0.3965,0.4524,0.0559,0.4344,0.6795,False,[SANDBOX DATA]
learner_0016,intervention_0016_03,3,2026-01-09T09:00:00,worked_example,True,0.4524,0.5055,0.0532,0.4996,0.8891,True,[SANDBOX DATA]
learner_0016,intervention_0016_04,4,2026-01-15T09:00:00,video_lesson,True,0.5055,0.5484,0.0429,0.5396,0.7932,True,[SANDBOX DATA]
learner_0017,intervention_0017_01,1,2026-01-01T09:00:00,adaptive_quiz,True,0.3534,0.4448,0.0914,0.4344,0.8862,True,[SANDBOX DATA]
learner_0017,intervention_0017_02,2,2026-01-06T09:00:00,worked_example,True,0.4448,0.5117,0.0669,0.505,0.8992,True,[SANDBOX DATA]
learner_0017,intervention_0017_03,3,2026-01-08T09:00:00,video_lesson,True,0.5117,0.5634,0.0517,0.5589,0.9137,True,[SANDBOX DATA]
learner_0017,intervention_0017_04,4,2026-01-13T09:00:00,targeted_practice,True,0.5634,0.6435,0.0801,0.619,0.6942,False,[SANDBOX DATA]
learner_0017,intervention_0017_05,5,2026-01-19T09:00:00,targeted_practice,False,0.6435,0.6457,0.0022,0.6453,0.8313,True,[SANDBOX DATA]
learner_0018,intervention_0018_01,1,2026-01-01T09:00:00,peer_discussion,True,0.2814,0.3577,0.0763,0.3511,0.9124,True,[SANDBOX DATA]
learner_0018,intervention_0018_02,2,2026-01-03T09:00:00,worked_example,True,0.3577,0.4531,0.0954,0.4365,0.8258,True,[SANDBOX DATA]
learner_0018,intervention_0018_03,3,2026-01-10T09:00:00,peer_discussion,True,0.4531,0.4852,0.0321,0.4779,0.7727,True,[SANDBOX DATA]
learner_0018,intervention_0018_04,4,2026-01-17T09:00:00,targeted_practice,True,0.4852,0.5919,0.1067,0.5759,0.8495,True,[SANDBOX DATA]
learner_0019,intervention_0019_01,1,2026-01-01T09:00:00,worked_example,True,0.198,0.3164,0.1183,0.2869,0.7509,True,[SANDBOX DATA]
learner_0019,intervention_0019_02,2,2026-01-06T09:00:00,video_lesson,True,0.3164,0.3974,0.081,0.3893,0.9,True,[SANDBOX DATA]
learner_0019,intervention_0019_03,3,2026-01-11T09:00:00,worked_example,True,0.3974,0.5067,0.1094,0.4805,0.7605,True,[SANDBOX DATA]
learner_0019,intervention_0019_04,4,2026-01-18T09:00:00,adaptive_quiz,True,0.5067,0.5817,0.075,0.5683,0.8209,True,[SANDBOX DATA]
learner_0019,intervention_0019_05,5,2026-01-23T09:00:00,adaptive_quiz,True,0.5817,0.6452,0.0635,0.6366,0.8643,True,[SANDBOX DATA]
learner_0020,intervention_0020_01,1,2026-01-01T09:00:00,adaptive_quiz,True,0.2042,0.3347,0.1306,0.2945,0.6918,False,[SANDBOX DATA]
learner_0020,intervention_0020_02,2,2026-01-05T09:00:00,video_lesson,True,0.3347,0.3963,0.0616,0.3874,0.8552,True,[SANDBOX DATA]
learner_0020,intervention_0020_03,3,2026-01-10T09:00:00,adaptive_quiz,True,0.3963,0.4526,0.0563,0.432,0.6352,False,[SANDBOX DATA]
learner_0021,intervention_0021_01,1,2026-01-01T09:00:00,adaptive_quiz,True,0.245,0.3459,0.1009,0.3339,0.8808,True,[SANDBOX DATA]
learner_0021,intervention_0021_02,2,2026-01-07T09:00:00,adaptive_quiz,True,0.3459,0.4189,0.073,0.4047,0.8056,True,[SANDBOX DATA]
learner_0021,intervention_0021_03,3,2026-01-14T09:00:00,peer_discussion,True,0.4189,0.4725,0.0535,0.4651,0.8617,True,[SANDBOX DATA]
learner_0022,intervention_0022_01,1,2026-01-01T09:00:00,targeted_practice,True,0.7545,0.7755,0.0209,0.7706,0.7657,True,[SANDBOX DATA]
learner_0022,intervention_0022_02,2,2026-01-07T09:00:00,adaptive_quiz,False,0.7755,0.7884,0.013,0.7856,0.7807,True,[SANDBOX DATA]
learner_0022,intervention_0022_03,3,2026-01-13T09:00:00,adaptive_quiz,True,0.7884,0.8117,0.0233,0.81,0.9283,True,[SANDBOX DATA]
learner_0022,intervention_0022_04,4,2026-01-18T09:00:00,peer_discussion,False,0.8117,0.8128,0.0011,0.8122,0.4723,False,[SANDBOX DATA]
learner_0022,intervention_0022_05,5,2026-01-20T09:00:00,targeted_practice,True,0.8128,0.8476,0.0348,0.8461,0.9577,True,[SANDBOX DATA]
learner_0023,intervention_0023_01,1,2026-01-01T09:00:00,peer_discussion,True,0.4111,0.4809,0.0698,0.4649,0.7716,True,[SANDBOX DATA]
learner_0023,intervention_0023_02,2,2026-01-07T09:00:00,targeted_practice,False,0.4809,0.4811,0.0002,0.481,0.7013,True,[SANDBOX DATA]
learner_0023,intervention_0023_03,3,2026-01-10T09:00:00,peer_discussion,True,0.4811,0.5367,0.0556,0.5326,0.9257,True,[SANDBOX DATA]
learner_0023,intervention_0023_04,4,2026-01-15T09:00:00,video_lesson,True,0.5367,0.5986,0.0618,0.5858,0.7935,True,[SANDBOX DATA]
learner_0023,intervention_0023_05,5,2026-01-19T09:00:00,adaptive_quiz,True,0.5986,0.6494,0.0508,0.6417,0.8479,True,[SANDBOX DATA]
learner_0024,intervention_0024_01,1,2026-01-01T09:00:00,worked_example,True,0.685,0.732,0.047,0.7234,0.8179,True,[SANDBOX DATA]
learner_0024,intervention_0024_02,2,2026-01-08T09:00:00,worked_example,True,0.732,0.7576,0.0256,0.7487,0.6542,False,[SANDBOX DATA]
learner_0024,intervention_0024_03,3,2026-01-13T09:00:00,video_lesson,True,0.7576,0.7827,0.0251,0.7821,0.975,True,[SANDBOX DATA]
learner_0024,intervention_0024_04,4,2026-01-15T09:00:00,video_lesson,True,0.7827,0.8083,0.0256,0.8028,0.7874,True,[SANDBOX DATA]
learner_0024,intervention_0024_05,5,2026-01-20T09:00:00,peer_discussion,True,0.8083,0.8298,0.0215,0.8253,0.7929,True,[SANDBOX DATA]
learner_0025,intervention_0025_01,1,2026-01-01T09:00:00,worked_example,True,0.0683,0.2011,0.1328,0.1834,0.8665,True,[SANDBOX DATA]
learner_0025,intervention_0025_02,2,2026-01-08T09:00:00,worked_example,True,0.2011,0.2956,0.0944,0.2818,0.8544,True,[SANDBOX DATA]
learner_0025,intervention_0025_03,3,2026-01-13T09:00:00,adaptive_quiz,True,0.2956,0.3983,0.1028,0.3853,0.8732,True,[SANDBOX DATA]
learner_0025,intervention_0025_04,4,2026-01-20T09:00:00,adaptive_quiz,True,0.3983,0.4721,0.0737,0.4615,0.8563,True,[SANDBOX DATA]
learner_0026,intervention_0026_01,1,2026-01-01T09:00:00,targeted_practice,False,0.6161,0.6465,0.0305,0.6392,0.7574,True,[SANDBOX DATA]
learner_0026,intervention_0026_02,2,2026-01-04T09:00:00,peer_discussion,True,0.6465,0.6609,0.0144,0.6577,0.7765,True,[SANDBOX DATA]
learner_0026,intervention_0026_03,3,2026-01-06T09:00:00,adaptive_quiz,True,0.6609,0.7001,0.0391,0.6945,0.8572,True,[SANDBOX DATA]
learner_0026,intervention_0026_04,4,2026-01-08T09:00:00,peer_discussion,True,0.7001,0.7307,0.0306,0.725,0.8131,True,[SANDBOX DATA]
learner_0027,intervention_0027_01,1,2026-01-01T09:00:00,video_lesson,False,0.5841,0.5841,0.0,0.5841,0.5435,False,[SANDBOX DATA]
learner_0027,intervention_0027_02,2,2026-01-07T09:00:00,adaptive_quiz,True,0.5841,0.6534,0.0692,0.6385,0.7846,True,[SANDBOX DATA]
learner_0027,intervention_0027_03,3,2026-01-10T09:00:00,targeted_practice,True,0.6534,0.7117,0.0583,0.7085,0.9452,True,[SANDBOX DATA]
learner_0027,intervention_0027_04,4,2026-01-17T09:00:00,targeted_practice,True,0.7117,0.7537,0.042,0.7477,0.8562,True,[SANDBOX DATA]
learner_0027,intervention_0027_05,5,2026-01-22T09:00:00,video_lesson,True,0.7537,0.7779,0.0242,0.7757,0.9118,True,[SANDBOX DATA]
learner_0028,intervention_0028_01,1,2026-01-01T09:00:00,worked_example,True,0.3913,0.4722,0.0809,0.4566,0.8073,True,[SANDBOX DATA]
learner_0028,intervention_0028_02,2,2026-01-06T09:00:00,targeted_practice,True,0.4722,0.5686,0.0964,0.5564,0.873,True,[SANDBOX DATA]
learner_0028,intervention_0028_03,3,2026-01-13T09:00:00,adaptive_quiz,True,0.5686,0.628,0.0594,0.6268,0.98,True,[SANDBOX DATA]
learner_0028,intervention_0028_04,4,2026-01-17T09:00:00,worked_example,False,0.628,0.628,0.0,0.628,0.5261,False,[SANDBOX DATA]
learner_0028,intervention_0028_05,5,2026-01-21T09:00:00,video_lesson,True,0.628,0.6647,0.0367,0.6555,0.7489,True,[SANDBOX DATA]
learner_0029,intervention_0029_01,1,2026-01-01T09:00:00,video_lesson,True,0.5959,0.6389,0.043,0.6289,0.7678,True,[SANDBOX DATA]
learner_0029,intervention_0029_02,2,2026-01-07T09:00:00,worked_example,True,0.6389,0.6748,0.0359,0.6682,0.8146,True,[SANDBOX DATA]
learner_0029,intervention_0029_03,3,2026-01-11T09:00:00,video_lesson,True,0.6748,0.7119,0.0371,0.7009,0.7036,True,[SANDBOX DATA]
learner_0030,intervention_0030_01,1,2026-01-01T09:00:00,peer_discussion,False,0.5563,0.5619,0.0056,0.5592,0.5213,False,[SANDBOX DATA]
learner_0030,intervention_0030_02,2,2026-01-03T09:00:00,targeted_practice,True,0.5619,0.6155,0.0536,0.6022,0.753,True,[SANDBOX DATA]
learner_0030,intervention_0030_03,3,2026-01-10T09:00:00,peer_discussion,False,0.6155,0.6155,0.0,0.6155,0.6799,False,[SANDBOX DATA]
learner_0030,intervention_0030_04,4,2026-01-16T09:00:00,peer_discussion,True,0.6155,0.6507,0.0352,0.6397,0.6879,False,[SANDBOX DATA]
learner_0030,intervention_0030_05,5,2026-01-19T09:00:00,targeted_practice,True,0.6507,0.7007,0.0501,0.695,0.885,True,[SANDBOX DATA]
learner_0031,intervention_0031_01,1,2026-01-01T09:00:00,worked_example,True,0.1567,0.2598,0.103,0.2457,0.8633,True,[SANDBOX DATA]
learner_0031,intervention_0031_02,2,2026-01-05T09:00:00,adaptive_quiz,True,0.2598,0.3235,0.0638,0.3148,0.863,True,[SANDBOX DATA]
learner_0031,intervention_0031_03,3,2026-01-09T09:00:00,targeted_practice,True,0.3235,0.401,0.0774,0.3898,0.8557,True,[SANDBOX DATA]
learner_0031,intervention_0031_04,4,2026-01-11T09:00:00,adaptive_quiz,True,0.401,0.49,0.089,0.4757,0.8393,True,[SANDBOX DATA]
learner_0031,intervention_0031_05,5,2026-01-18T09:00:00,video_lesson,True,0.49,0.5411,0.0512,0.532,0.8226,True,[SANDBOX DATA]
learner_0032,intervention_0032_01,1,2026-01-01T09:00:00,worked_example,True,0.3769,0.446,0.0691,0.4203,0.627,False,[SANDBOX DATA]
learner_0032,intervention_0032_02,2,2026-01-06T09:00:00,video_lesson,True,0.446,0.502,0.056,0.4833,0.6651,False,[SANDBOX DATA]
learner_0032,intervention_0032_03,3,2026-01-10T09:00:00,video_lesson,True,0.502,0.5547,0.0527,0.5405,0.7309,True,[SANDBOX DATA]
learner_0032,intervention_0032_04,4,2026-01-16T09:00:00,targeted_practice,True,0.5547,0.6047,0.05,0.5985,0.8759,True,[SANDBOX DATA]
learner_0032,intervention_0032_05,5,2026-01-21T09:00:00,adaptive_quiz,True,0.6047,0.6526,0.0479,0.6434,0.8086,True,[SANDBOX DATA]
learner_0033,intervention_0033_01,1,2026-01-01T09:00:00,worked_example,True,0.1476,0.3068,0.1591,0.2641,0.7317,True,[SANDBOX DATA]
learner_0033,intervention_0033_02,2,2026-01-05T09:00:00,video_lesson,True,0.3068,0.3698,0.063,0.3593,0.8342,True,[SANDBOX DATA]
learner_0033,intervention_0033_03,3,2026-01-12T09:00:00,video_lesson,True,0.3698,0.4156,0.0459,0.4073,0.8186,True,[SANDBOX DATA]
learner_0034,intervention_0034_01,1,2026-01-01T09:00:00,worked_example,False,0.6605,0.6627,0.0022,0.6612,0.3422,False,[SANDBOX DATA]
learner_0034,intervention_0034_02,2,2026-01-04T09:00:00,worked_example,True,0.6627,0.7032,0.0405,0.6916,0.7147,True,[SANDBOX DATA]
learner_0034,intervention_0034_03,3,2026-01-07T09:00:00,video_lesson,True,0.7032,0.7514,0.0482,0.7443,0.8536,True,[SANDBOX DATA]
learner_0034,intervention_0034_04,4,2026-01-10T09:00:00,peer_discussion,False,0.7514,0.7736,0.0223,0.7675,0.725,True,[SANDBOX DATA]
learner_0035,intervention_0035_01,1,2026-01-01T09:00:00,adaptive_quiz,True,0.3914,0.4831,0.0916,0.4776,0.9399,True,[SANDBOX DATA]
learner_0035,intervention_0035_02,2,2026-01-05T09:00:00,peer_discussion,False,0.4831,0.4978,0.0147,0.4922,0.6205,False,[SANDBOX DATA]
learner_0035,intervention_0035_03,3,2026-01-07T09:00:00,targeted_practice,False,0.4978,0.4978,0.0,0.4978,0.5561,False,[SANDBOX DATA]
learner_0035,intervention_0035_04,4,2026-01-09T09:00:00,video_lesson,True,0.4978,0.5429,0.0451,0.5341,0.8039,True,[SANDBOX DATA]
learner_0035,intervention_0035_05,5,2026-01-15T09:00:00,video_lesson,True,0.5429,0.5828,0.0399,0.5755,0.8154,True,[SANDBOX DATA]
learner_0036,intervention_0036_01,1,2026-01-01T09:00:00,targeted_practice,True,0.183,0.3133,0.1304,0.2972,0.8761,True,[SANDBOX DATA]
learner_0036,intervention_0036_02,2,2026-01-05T09:00:00,adaptive_quiz,True,0.3133,0.3988,0.0855,0.3751,0.7227,True,[SANDBOX DATA]
learner_0036,intervention_0036_03,3,2026-01-07T09:00:00,video_lesson,True,0.3988,0.4603,0.0615,0.4442,0.7382,True,[SANDBOX DATA]
learner_0036,intervention_0036_04,4,2026-01-12T09:00:00,video_lesson,True,0.4603,0.4926,0.0323,0.4829,0.7003,True,[SANDBOX DATA]
learner_0036,intervention_0036_05,5,2026-01-19T09:00:00,peer_discussion,True,0.4926,0.5462,0.0536,0.5399,0.8814,True,[SANDBOX DATA]
learner_0037,intervention_0037_01,1,2026-01-01T09:00:00,targeted_practice,True,0.206,0.3401,0.1341,0.3177,0.8326,True,[SANDBOX DATA]
learner_0037,intervention_0037_02,2,2026-01-08T09:00:00,targeted_practice,True,0.3401,0.4115,0.0714,0.3858,0.6402,False,[SANDBOX DATA]
learner_0037,intervention_0037_03,3,2026-01-12T09:00:00,video_lesson,True,0.4115,0.463,0.0515,0.4461,0.6712,False,[SANDBOX DATA]
learner_0037,intervention_0037_04,4,2026-01-16T09:00:00,targeted_practice,False,0.463,0.5,0.037,0.4893,0.712,True,[SANDBOX DATA]
learner_0038,intervention_0038_01,1,2026-01-01T09:00:00,peer_discussion,True,0.288,0.3847,0.0966,0.376,0.9109,True,[SANDBOX DATA]
learner_0038,intervention_0038_02,2,2026-01-07T09:00:00,adaptive_quiz,True,0.3847,0.4749,0.0902,0.4618,0.8554,True,[SANDBOX DATA]
learner_0038,intervention_0038_03,3,2026-01-10T09:00:00,video_lesson,True,0.4749,0.5412,0.0663,0.5326,0.871,True,[SANDBOX DATA]
learner_0038,intervention_0038_04,4,2026-01-17T09:00:00,targeted_practice,True,0.5412,0.6158,0.0746,0.5991,0.7755,True,[SANDBOX DATA]
learner_0038,intervention_0038_05,5,2026-01-22T09:00:00,peer_discussion,True,0.6158,0.6675,0.0517,0.6639,0.9287,True,[SANDBOX DATA]
learner_0039,intervention_0039_01,1,2026-01-01T09:00:00,adaptive_quiz,True,0.5929,0.6465,0.0536,0.6313,0.7158,True,[SANDBOX DATA]
learner_0039,intervention_0039_02,2,2026-01-04T09:00:00,targeted_practice,True,0.6465,0.7234,0.0769,0.715,0.8915,True,[SANDBOX DATA]
learner_0039,intervention_0039_03,3,2026-01-08T09:00:00,targeted_practice,False,0.7234,0.734,0.0107,0.7301,0.6257,False,[SANDBOX DATA]
learner_0040,intervention_0040_01,1,2026-01-01T09:00:00,peer_discussion,True,0.6022,0.6278,0.0256,0.6229,0.8102,True,[SANDBOX DATA]
learner_0040,intervention_0040_02,2,2026-01-03T09:00:00,worked_example,True,0.6278,0.6906,0.0628,0.6795,0.8231,True,[SANDBOX DATA]
learner_0040,intervention_0040_03,3,2026-01-08T09:00:00,peer_discussion,True,0.6906,0.7237,0.0331,0.7187,0.8503,True,[SANDBOX DATA]
learner_0041,intervention_0041_01,1,2026-01-01T09:00:00,peer_discussion,True,0.7748,0.7964,0.0216,0.7915,0.7738,True,[SANDBOX DATA]
learner_0041,intervention_0041_02,2,2026-01-05T09:00:00,worked_example,True,0.7964,0.8213,0.0249,0.8175,0.8449,True,[SANDBOX DATA]
learner_0041,intervention_0041_03,3,2026-01-10T09:00:00,video_lesson,True,0.8213,0.842,0.0207,0.8364,0.7288,True,[SANDBOX DATA]
learner_0041,intervention_0041_04,4,2026-01-13T09:00:00,targeted_practice,True,0.842,0.8614,0.0194,0.8547,0.6507,False,[SANDBOX DATA]
learner_0042,intervention_0042_01,1,2026-01-01T09:00:00,peer_discussion,True,0.4347,0.4957,0.061,0.4924,0.9449,True,[SANDBOX DATA]
learner_0042,intervention_0042_02,2,2026-01-05T09:00:00,targeted_practice,False,0.4957,0.4957,0.0,0.4957,0.5427,False,[SANDBOX DATA]
learner_0042,intervention_0042_03,3,2026-01-10T09:00:00,targeted_practice,True,0.4957,0.6061,0.1103,0.5832,0.7931,True,[SANDBOX DATA]
learner_0042,intervention_0042_04,4,2026-01-13T09:00:00,adaptive_quiz,True,0.6061,0.6752,0.0692,0.6623,0.8125,True,[SANDBOX DATA]
learner_0042,intervention_0042_05,5,2026-01-18T09:00:00,video_lesson,True,0.6752,0.7337,0.0584,0.7271,0.8881,True,[SANDBOX DATA]
learner_0043,intervention_0043_01,1,2026-01-01T09:00:00,worked_example,True,0.6447,0.6972,0.0525,0.6878,0.8211,True,[SANDBOX DATA]
learner_0043,intervention_0043_02,2,2026-01-04T09:00:00,targeted_practice,True,0.6972,0.7269,0.0297,0.7232,0.8733,True,[SANDBOX DATA]
learner_0043,intervention_0043_03,3,2026-01-10T09:00:00,video_lesson,True,0.7269,0.7566,0.0297,0.7515,0.8267,True,[SANDBOX DATA]
learner_0043,intervention_0043_04,4,2026-01-14T09:00:00,video_lesson,True,0.7566,0.7762,0.0196,0.772,0.7874,True,[SANDBOX DATA]
learner_0044,intervention_0044_01,1,2026-01-01T09:00:00,worked_example,True,0.5745,0.6115,0.037,0.599,0.6633,False,[SANDBOX DATA]
learner_0044,intervention_0044_02,2,2026-01-04T09:00:00,video_lesson,True,0.6115,0.6533,0.0419,0.6457,0.8178,True,[SANDBOX DATA]
learner_0044,intervention_0044_03,3,2026-01-10T09:00:00,adaptive_quiz,False,0.6533,0.6533,0.0,0.6533,0.5094,False,[SANDBOX DATA]
learner_0045,intervention_0045_01,1,2026-01-01T09:00:00,targeted_practice,False,0.531,0.531,0.0,0.531,0.5831,False,[SANDBOX DATA]
learner_0045,intervention_0045_02,2,2026-01-06T09:00:00,targeted_practice,True,0.531,0.6014,0.0704,0.5946,0.9039,True,[SANDBOX DATA]
learner_0045,intervention_0045_03,3,2026-01-10T09:00:00,worked_example,True,0.6014,0.6625,0.0612,0.644,0.6971,False,[SANDBOX DATA]
learner_0045,intervention_0045_04,4,2026-01-17T09:00:00,worked_example,True,0.6625,0.7084,0.0459,0.7059,0.9471,True,[SANDBOX DATA]
learner_0046,intervention_0046_01,1,2026-01-01T09:00:00,adaptive_quiz,True,0.8546,0.8707,0.0161,0.8683,0.8518,True,[SANDBOX DATA]
learner_0046,intervention_0046_02,2,2026-01-03T09:00:00,worked_example,True,0.8707,0.8923,0.0217,0.8904,0.9126,True,[SANDBOX DATA]
learner_0046,intervention_0046_03,3,2026-01-08T09:00:00,adaptive_quiz,True,0.8923,0.9078,0.0155,0.9067,0.9291,True,[SANDBOX DATA]
learner_0046,intervention_0046_04,4,2026-01-11T09:00:00,video_lesson,True,0.9078,0.9162,0.0084,0.9148,0.8295,True,[SANDBOX DATA]
learner_0047,intervention_0047_01,1,2026-01-01T09:00:00,peer_discussion,True,0.4073,0.4675,0.0602,0.4567,0.8205,True,[SANDBOX DATA]
learner_0047,intervention_0047_02,2,2026-01-04T09:00:00,adaptive_quiz,True,0.4675,0.5595,0.092,0.5452,0.8448,True,[SANDBOX DATA]
learner_0047,intervention_0047_03,3,2026-01-08T09:00:00,worked_example,True,0.5595,0.6201,0.0606,0.6138,0.8952,True,[SANDBOX DATA]
learner_0048,intervention_0048_01,1,2026-01-01T09:00:00,targeted_practice,True,0.3794,0.4716,0.0922,0.4575,0.8469,True,[SANDBOX DATA]
learner_0048,intervention_0048_02,2,2026-01-08T09:00:00,adaptive_quiz,True,0.4716,0.4902,0.0186,0.4843,0.6821,False,[SANDBOX DATA]
learner_0048,intervention_0048_03,3,2026-01-15T09:00:00,targeted_practice,False,0.4902,0.4902,0.0,0.4902,0.5645,False,[SANDBOX DATA]
learner_0048,intervention_0048_04,4,2026-01-22T09:00:00,video_lesson,True,0.4902,0.5714,0.0812,0.5568,0.8198,True,[SANDBOX DATA]
learner_0049,intervention_0049_01,1,2026-01-01T09:00:00,peer_discussion,True,0.7904,0.8057,0.0152,0.8026,0.7995,True,[SANDBOX DATA]
learner_0049,intervention_0049_02,2,2026-01-08T09:00:00,targeted_practice,True,0.8057,0.837,0.0313,0.8306,0.7974,True,[SANDBOX DATA]
learner_0049,intervention_0049_03,3,2026-01-14T09:00:00,peer_discussion,True,0.837,0.8553,0.0183,0.8505,0.74,True,[SANDBOX DATA]
learner_0049,intervention_0049_04,4,2026-01-18T09:00:00,peer_discussion,True,0.8553,0.8686,0.0133,0.8647,0.7067,True,[SANDBOX DATA]
learner_0050,intervention_0050_01,1,2026-01-01T09:00:00,worked_example,False,0.4569,0.4764,0.0195,0.4663,0.4815,False,[SANDBOX DATA]
learner_0050,intervention_0050_02,2,2026-01-04T09:00:00,adaptive_quiz,True,0.4764,0.5527,0.0763,0.5371,0.7958,True,[SANDBOX DATA]
learner_0050,intervention_0050_03,3,2026-01-10T09:00:00,peer_discussion,True,0.5527,0.6107,0.058,0.6086,0.9635,True,[SANDBOX DATA]
learner_0051,intervention_0051_01,1,2026-01-01T09:00:00,peer_discussion,False,0.2943,0.3167,0.0224,0.3087,0.6429,False,[SANDBOX DATA]
learner_0051,intervention_0051_02,2,2026-01-05T09:00:00,video_lesson,True,0.3167,0.4014,0.0847,0.3862,0.8202,True,[SANDBOX DATA]
learner_0051,intervention_0051_03,3,2026-01-11T09:00:00,targeted_practice,True,0.4014,0.49,0.0886,0.4794,0.8805,True,[SANDBOX DATA]
learner_0051,intervention_0051_04,4,2026-01-14T09:00:00,targeted_practice,True,0.49,0.5951,0.1051,0.572,0.7799,True,[SANDBOX DATA]
learner_0051,intervention_0051_05,5,2026-01-21T09:00:00,adaptive_quiz,True,0.5951,0.637,0.0419,0.6297,0.8242,True,[SANDBOX DATA]
learner_0052,intervention_0052_01,1,2026-01-01T09:00:00,video_lesson,True,0.3068,0.3924,0.0856,0.3626,0.6514,False,[SANDBOX DATA]
learner_0052,intervention_0052_02,2,2026-01-07T09:00:00,adaptive_quiz,True,0.3924,0.472,0.0796,0.4576,0.8196,True,[SANDBOX DATA]
learner_0052,intervention_0052_03,3,2026-01-09T09:00:00,video_lesson,False,0.472,0.485,0.013,0.4797,0.59,False,[SANDBOX DATA]
learner_0052,intervention_0052_04,4,2026-01-14T09:00:00,targeted_practice,True,0.485,0.5674,0.0824,0.5591,0.8989,True,[SANDBOX DATA]
learner_0052,intervention_0052_05,5,2026-01-18T09:00:00,worked_example,False,0.5674,0.5876,0.0202,0.5782,0.5354,False,[SANDBOX DATA]
learner_0053,intervention_0053_01,1,2026-01-01T09:00:00,worked_example,False,0.6509,0.669,0.0181,0.6606,0.5353,False,[SANDBOX DATA]
learner_0053,intervention_0053_02,2,2026-01-08T09:00:00,adaptive_quiz,True,0.669,0.7103,0.0413,0.7032,0.8288,True,[SANDBOX DATA]
learner_0053,intervention_0053_03,3,2026-01-10T09:00:00,worked_example,True,0.7103,0.7628,0.0525,0.754,0.832,True,[SANDBOX DATA]
learner_0053,intervention_0053_04,4,2026-01-15T09:00:00,video_lesson,True,0.7628,0.7912,0.0284,0.7857,0.8077,True,[SANDBOX DATA]
learner_0053,intervention_0053_05,5,2026-01-18T09:00:00,video_lesson,True,0.7912,0.8194,0.0282,0.8128,0.7685,True,[SANDBOX DATA]
learner_0054,intervention_0054_01,1,2026-01-01T09:00:00,targeted_practice,True,0.1149,0.2249,0.11,0.2031,0.8017,True,[SANDBOX DATA]
learner_0054,intervention_0054_02,2,2026-01-05T09:00:00,adaptive_quiz,True,0.2249,0.3303,0.1053,0.3224,0.9255,True,[SANDBOX DATA]
learner_0054,intervention_0054_03,3,2026-01-09T09:00:00,peer_discussion,False,0.3303,0.3618,0.0315,0.3517,0.6793,False,[SANDBOX DATA]
learner_0054,intervention_0054_04,4,2026-01-16T09:00:00,targeted_practice,True,0.3618,0.4652,0.1034,0.4475,0.8288,True,[SANDBOX DATA]
learner_0055,intervention_0055_01,1,2026-01-01T09:00:00,peer_discussion,True,0.1209,0.209,0.0881,0.1987,0.8836,True,[SANDBOX DATA]
learner_0055,intervention_0055_02,2,2026-01-07T09:00:00,peer_discussion,False,0.209,0.2374,0.0284,0.2328,0.8395,True,[SANDBOX DATA]
learner_0055,intervention_0055_03,3,2026-01-13T09:00:00,peer_discussion,False,0.2374,0.266,0.0286,0.2599,0.7856,True,[SANDBOX DATA]
learner_0056,intervention_0056_01,1,2026-01-01T09:00:00,worked_example,False,0.6927,0.6927,0.0,0.6927,0.8064,True,[SANDBOX DATA]
learner_0056,intervention_0056_02,2,2026-01-05T09:00:00,video_lesson,True,0.6927,0.7247,0.032,0.716,0.7278,True,[SANDBOX DATA]
learner_0056,intervention_0056_03,3,2026-01-08T09:00:00,adaptive_quiz,True,0.7247,0.761,0.0364,0.7578,0.9107,True,[SANDBOX DATA]
learner_0057,intervention_0057_01,1,2026-01-01T09:00:00,targeted_practice,True,0.4077,0.498,0.0903,0.4805,0.8053,True,[SANDBOX DATA]
learner_0057,intervention_0057_02,2,2026-01-05T09:00:00,peer_discussion,False,0.498,0.5066,0.0085,0.5033,0.6207,False,[SANDBOX DATA]
learner_0057,intervention_0057_03,3,2026-01-07T09:00:00,adaptive_quiz,True,0.5066,0.5673,0.0608,0.5531,0.7651,True,[SANDBOX DATA]
learner_0058,intervention_0058_01,1,2026-01-01T09:00:00,targeted_practice,True,0.3735,0.4738,0.1003,0.4695,0.9575,True,[SANDBOX DATA]
learner_0058,intervention_0058_02,2,2026-01-04T09:00:00,video_lesson,True,0.4738,0.5254,0.0516,0.5161,0.8212,True,[SANDBOX DATA]
learner_0058,intervention_0058_03,3,2026-01-11T09:00:00,targeted_practice,True,0.5254,0.5955,0.0701,0.5886,0.9015,True,[SANDBOX DATA]
learner_0059,intervention_0059_01,1,2026-01-01T09:00:00,adaptive_quiz,True,0.4043,0.4835,0.0791,0.4693,0.8201,True,[SANDBOX DATA]
learner_0059,intervention_0059_02,2,2026-01-08T09:00:00,adaptive_quiz,False,0.4835,0.4835,0.0,0.4835,0.5076,False,[SANDBOX DATA]
learner_0059,intervention_0059_03,3,2026-01-12T09:00:00,peer_discussion,True,0.4835,0.5196,0.0361,0.5102,0.7412,True,[SANDBOX DATA]
learner_0060,intervention_0060_01,1,2026-01-01T09:00:00,worked_example,True,0.7885,0.8068,0.0183,0.8033,0.8106,True,[SANDBOX DATA]
learner_0060,intervention_0060_02,2,2026-01-04T09:00:00,worked_example,True,0.8068,0.8252,0.0184,0.8208,0.759,True,[SANDBOX DATA]
learner_0060,intervention_0060_03,3,2026-01-06T09:00:00,video_lesson,True,0.8252,0.846,0.0208,0.8401,0.7144,True,[SANDBOX DATA]
learner_0060,intervention_0060_04,4,2026-01-10T09:00:00,worked_example,True,0.846,0.8703,0.0243,0.8659,0.8191,True,[SANDBOX DATA]
learner_0060,intervention_0060_05,5,2026-01-12T09:00:00,video_lesson,False,0.8703,0.8858,0.0155,0.8815,0.7236,True,[SANDBOX DATA]
learner_0061,intervention_0061_01,1,2026-01-01T09:00:00,adaptive_quiz,True,0.6808,0.7385,0.0578,0.7225,0.7218,True,[SANDBOX DATA]
learner_0061,intervention_0061_02,2,2026-01-04T09:00:00,peer_discussion,True,0.7385,0.7592,0.0206,0.7533,0.7142,True,[SANDBOX DATA]
learner_0061,intervention_0061_03,3,2026-01-06T09:00:00,worked_example,True,0.7592,0.7922,0.033,0.7845,0.768,True,[SANDBOX DATA]
learner_0061,intervention_0061_04,4,2026-01-09T09:00:00,video_lesson,True,0.7922,0.811,0.0188,0.8106,0.98,True,[SANDBOX DATA]
learner_0061,intervention_0061_05,5,2026-01-13T09:00:00,video_lesson,True,0.811,0.8298,0.0188,0.8261,0.8051,True,[SANDBOX DATA]
learner_0062,intervention_0062_01,1,2026-01-01T09:00:00,adaptive_quiz,True,0.1095,0.2559,0.1464,0.2291,0.8164,True,[SANDBOX DATA]
learner_0062,intervention_0062_02,2,2026-01-03T09:00:00,adaptive_quiz,True,0.2559,0.3678,0.1119,0.3396,0.7479,True,[SANDBOX DATA]
learner_0062,intervention_0062_03,3,2026-01-06T09:00:00,worked_example,True,0.3678,0.4461,0.0783,0.4355,0.8648,True,[SANDBOX DATA]
learner_0063,intervention_0063_01,1,2026-01-01T09:00:00,adaptive_quiz,False,0.5104,0.5217,0.0113,0.5182,0.6892,False,[SANDBOX DATA]
learner_0063,intervention_0063_02,2,2026-01-07T09:00:00,worked_example,True,0.5217,0.5963,0.0746,0.5865,0.8695,True,[SANDBOX DATA]
learner_0063,intervention_0063_03,3,2026-01-14T09:00:00,targeted_practice,False,0.5963,0.5963,0.0,0.5963,0.852,True,[SANDBOX DATA]
learner_0063,intervention_0063_04,4,2026-01-20T09:00:00,worked_example,True,0.5963,0.6536,0.0573,0.6414,0.787,True,[SANDBOX DATA]
learner_0063,intervention_0063_05,5,2026-01-26T09:00:00,adaptive_quiz,True,0.6536,0.6846,0.031,0.6814,0.8974,True,[SANDBOX DATA]
learner_0064,intervention_0064_01,1,2026-01-01T09:00:00,worked_example,True,0.3718,0.4591,0.0873,0.4555,0.9592,True,[SANDBOX DATA]
learner_0064,intervention_0064_02,2,2026-01-04T09:00:00,targeted_practice,True,0.4591,0.5473,0.0882,0.537,0.8837,True,[SANDBOX DATA]
learner_0064,intervention_0064_03,3,2026-01-10T09:00:00,worked_example,True,0.5473,0.6092,0.0619,0.5939,0.7531,True,[SANDBOX DATA]
learner_0064,intervention_0064_04,4,2026-01-17T09:00:00,adaptive_quiz,True,0.6092,0.666,0.0568,0.6628,0.943,True,[SANDBOX DATA]
learner_0064,intervention_0064_05,5,2026-01-22T09:00:00,adaptive_quiz,True,0.666,0.7127,0.0467,0.702,0.7701,True,[SANDBOX DATA]
learner_0065,intervention_0065_01,1,2026-01-01T09:00:00,targeted_practice,True,0.26,0.327,0.067,0.3041,0.6589,False,[SANDBOX DATA]
learner_0065,intervention_0065_02,2,2026-01-04T09:00:00,worked_example,True,0.327,0.4259,0.0989,0.3976,0.7139,True,[SANDBOX DATA]
learner_0065,intervention_0065_03,3,2026-01-11T09:00:00,adaptive_quiz,True,0.4259,0.5128,0.0869,0.4984,0.8336,True,[SANDBOX DATA]
learner_0065,intervention_0065_04,4,2026-01-17T09:00:00,targeted_practice,True,0.5128,0.5576,0.0448,0.5505,0.8406,True,[SANDBOX DATA]
learner_0065,intervention_0065_05,5,2026-01-20T09:00:00,adaptive_quiz,False,0.5576,0.5577,0.0001,0.5576,0.5111,False,[SANDBOX DATA]
learner_0066,intervention_0066_01,1,2026-01-01T09:00:00,worked_example,False,0.3214,0.3214,0.0,0.3214,0.7979,True,[SANDBOX DATA]
learner_0066,intervention_0066_02,2,2026-01-08T09:00:00,video_lesson,True,0.3214,0.3785,0.057,0.3719,0.8844,True,[SANDBOX DATA]
learner_0066,intervention_0066_03,3,2026-01-11T09:00:00,adaptive_quiz,True,0.3785,0.4684,0.0899,0.4654,0.9669,True,[SANDBOX DATA]
learner_0066,intervention_0066_04,4,2026-01-13T09:00:00,targeted_practice,True,0.4684,0.5282,0.0598,0.5231,0.9152,True,[SANDBOX DATA]
learner_0066,intervention_0066_05,5,2026-01-18T09:00:00,targeted_practice,True,0.5282,0.6033,0.0752,0.5804,0.695,False,[SANDBOX DATA]
learner_0067,intervention_0067_01,1,2026-01-01T09:00:00,targeted_practice,True,0.8108,0.8297,0.0189,0.8247,0.734,True,[SANDBOX DATA]
learner_0067,intervention_0067_02,2,2026-01-06T09:00:00,adaptive_quiz,True,0.8297,0.8537,0.024,0.8529,0.9688,True,[SANDBOX DATA]
learner_0067,intervention_0067_03,3,2026-01-09T09:00:00,targeted_practice,True,0.8537,0.8898,0.0361,0.8827,0.8029,True,[SANDBOX DATA]
learner_0068,intervention_0068_01,1,2026-01-01T09:00:00,worked_example,False,0.5701,0.585,0.0149,0.5785,0.5621,False,[SANDBOX DATA]
learner_0068,intervention_0068_02,2,2026-01-06T09:00:00,video_lesson,False,0.585,0.5912,0.0062,0.5895,0.7175,True,[SANDBOX DATA]
learner_0068,intervention_0068_03,3,2026-01-12T09:00:00,adaptive_quiz,True,0.5912,0.6521,0.0608,0.6504,0.973,True,[SANDBOX DATA]
learner_0068,intervention_0068_04,4,2026-01-19T09:00:00,targeted_practice,True,0.6521,0.7021,0.05,0.6914,0.7872,True,[SANDBOX DATA]
learner_0069,intervention_0069_01,1,2026-01-01T09:00:00,video_lesson,True,0.66,0.7002,0.0402,0.6893,0.7298,True,[SANDBOX DATA]
learner_0069,intervention_0069_02,2,2026-01-04T09:00:00,targeted_practice,False,0.7002,0.7246,0.0244,0.7116,0.4682,False,[SANDBOX DATA]
learner_0069,intervention_0069_03,3,2026-01-06T09:00:00,adaptive_quiz,True,0.7246,0.7489,0.0243,0.7445,0.8181,True,[SANDBOX DATA]
learner_0069,intervention_0069_04,4,2026-01-13T09:00:00,peer_discussion,True,0.7489,0.7749,0.026,0.7708,0.8433,True,[SANDBOX DATA]
learner_0069,intervention_0069_05,5,2026-01-16T09:00:00,adaptive_quiz,True,0.7749,0.7874,0.0125,0.7848,0.7946,True,[SANDBOX DATA]
learner_0070,intervention_0070_01,1,2026-01-01T09:00:00,video_lesson,True,0.0623,0.1466,0.0843,0.1269,0.7662,True,[SANDBOX DATA]
learner_0070,intervention_0070_02,2,2026-01-08T09:00:00,peer_discussion,True,0.1466,0.2398,0.0932,0.2091,0.6703,False,[SANDBOX DATA]
learner_0070,intervention_0070_03,3,2026-01-11T09:00:00,adaptive_quiz,True,0.2398,0.335,0.0952,0.3223,0.866,True,[SANDBOX DATA]
learner_0070,intervention_0070_04,4,2026-01-18T09:00:00,adaptive_quiz,True,0.335,0.4159,0.0808,0.4,0.8037,True,[SANDBOX DATA]
learner_0070,intervention_0070_05,5,2026-01-25T09:00:00,targeted_practice,True,0.4159,0.5223,0.1064,0.5053,0.8405,True,[SANDBOX DATA]
learner_0071,intervention_0071_01,1,2026-01-01T09:00:00,worked_example,False,0.4763,0.5052,0.0289,0.4998,0.8141,True,[SANDBOX DATA]
learner_0071,intervention_0071_02,2,2026-01-03T09:00:00,targeted_practice,True,0.5052,0.6001,0.0949,0.5904,0.8977,True,[SANDBOX DATA]
learner_0071,intervention_0071_03,3,2026-01-10T09:00:00,video_lesson,True,0.6001,0.6423,0.0421,0.636,0.8512,True,[SANDBOX DATA]
learner_0072,intervention_0072_01,1,2026-01-01T09:00:00,video_lesson,True,0.3333,0.4175,0.0843,0.4005,0.7983,True,[SANDBOX DATA]
learner_0072,intervention_0072_02,2,2026-01-07T09:00:00,targeted_practice,True,0.4175,0.4803,0.0627,0.4702,0.839,True,[SANDBOX DATA]
learner_0072,intervention_0072_03,3,2026-01-09T09:00:00,worked_example,True,0.4803,0.51,0.0298,0.5017,0.7202,True,[SANDBOX DATA]
learner_0072,intervention_0072_04,4,2026-01-14T09:00:00,worked_example,True,0.51,0.5836,0.0735,0.5621,0.7087,True,[SANDBOX DATA]
learner_0073,intervention_0073_01,1,2026-01-01T09:00:00,video_lesson,False,0.1639,0.165,0.0011,0.1646,0.6109,False,[SANDBOX DATA]
learner_0073,intervention_0073_02,2,2026-01-07T09:00:00,adaptive_quiz,True,0.165,0.265,0.1,0.2587,0.9374,True,[SANDBOX DATA]
learner_0073,intervention_0073_03,3,2026-01-11T09:00:00,peer_discussion,False,0.265,0.2763,0.0114,0.2748,0.8642,True,[SANDBOX DATA]
learner_0074,intervention_0074_01,1,2026-01-01T09:00:00,peer_discussion,False,0.7007,0.7114,0.0106,0.706,0.4956,False,[SANDBOX DATA]
learner_0074,intervention_0074_02,2,2026-01-05T09:00:00,worked_example,True,0.7114,0.7375,0.0261,0.733,0.8288,True,[SANDBOX DATA]
learner_0074,intervention_0074_03,3,2026-01-09T09:00:00,targeted_practice,True,0.7375,0.7605,0.023,0.756,0.8047,True,[SANDBOX DATA]
learner_0074,intervention_0074_04,4,2026-01-15T09:00:00,video_lesson,True,0.7605,0.7792,0.0187,0.7752,0.7887,True,[SANDBOX DATA]
learner_0075,intervention_0075_01,1,2026-01-01T09:00:00,targeted_practice,True,0.4716,0.5425,0.0709,0.5347,0.8902,True,[SANDBOX DATA]
learner_0075,intervention_0075_02,2,2026-01-07T09:00:00,worked_example,True,0.5425,0.6088,0.0663,0.5936,0.7707,True,[SANDBOX DATA]
learner_0075,intervention_0075_03,3,2026-01-11T09:00:00,targeted_practice,True,0.6088,0.658,0.0492,0.6478,0.7917,True,[SANDBOX DATA]
learner_0076,intervention_0076_01,1,2026-01-01T09:00:00,worked_example,False,0.369,0.3697,0.0006,0.3696,0.809,True,[SANDBOX DATA]
learner_0076,intervention_0076_02,2,2026-01-04T09:00:00,targeted_practice,True,0.3697,0.4806,0.1109,0.4419,0.6514,False,[SANDBOX DATA]
learner_0076,intervention_0076_03,3,2026-01-11T09:00:00,peer_discussion,True,0.4806,0.5339,0.0533,0.5246,0.8254,True,[SANDBOX DATA]
learner_0076,intervention_0076_04,4,2026-01-13T09:00:00,worked_example,True,0.5339,0.5731,0.0392,0.5608,0.6854,False,[SANDBOX DATA]
learner_0077,intervention_0077_01,1,2026-01-01T09:00:00,peer_discussion,False,0.3247,0.3247,0.0,0.3247,0.6219,False,[SANDBOX DATA]
learner_0077,intervention_0077_02,2,2026-01-07T09:00:00,adaptive_quiz,True,0.3247,0.4314,0.1067,0.4225,0.9159,True,[SANDBOX DATA]
learner_0077,intervention_0077_03,3,2026-01-13T09:00:00,targeted_practice,True,0.4314,0.5336,0.1022,0.5198,0.8644,True,[SANDBOX DATA]
learner_0077,intervention_0077_04,4,2026-01-17T09:00:00,worked_example,True,0.5336,0.5837,0.0501,0.5827,0.98,True,[SANDBOX DATA]
learner_0078,intervention_0078_01,1,2026-01-01T09:00:00,video_lesson,False,0.6854,0.708,0.0226,0.7007,0.6784,False,[SANDBOX DATA]
learner_0078,intervention_0078_02,2,2026-01-07T09:00:00,video_lesson,True,0.708,0.7386,0.0306,0.7287,0.6775,False,[SANDBOX DATA]
learner_0078,intervention_0078_03,3,2026-01-14T09:00:00,worked_example,True,0.7386,0.7781,0.0395,0.766,0.6946,False,[SANDBOX DATA]
learner_0078,intervention_0078_04,4,2026-01-20T09:00:00,targeted_practice,False,0.7781,0.7826,0.0045,0.7803,0.4849,False,[SANDBOX DATA]
learner_0078,intervention_0078_05,5,2026-01-22T09:00:00,peer_discussion,True,0.7826,0.8077,0.0251,0.8048,0.8847,True,[SANDBOX DATA]
learner_0079,intervention_0079_01,1,2026-01-01T09:00:00,video_lesson,True,0.4722,0.5229,0.0507,0.5091,0.7269,True,[SANDBOX DATA]
learner_0079,intervention_0079_02,2,2026-01-06T09:00:00,video_lesson,True,0.5229,0.5587,0.0358,0.5523,0.822,True,[SANDBOX DATA]
learner_0079,intervention_0079_03,3,2026-01-12T09:00:00,peer_discussion,False,0.5587,0.5685,0.0098,0.5634,0.4756,False,[SANDBOX DATA]
learner_0079,intervention_0079_04,4,2026-01-19T09:00:00,video_lesson,True,0.5685,0.6258,0.0572,0.6053,0.6429,False,[SANDBOX DATA]
learner_0079,intervention_0079_05,5,2026-01-26T09:00:00,targeted_practice,True,0.6258,0.6838,0.058,0.6759,0.864,True,[SANDBOX DATA]
learner_0080,intervention_0080_01,1,2026-01-01T09:00:00,targeted_practice,True,0.8188,0.8451,0.0264,0.8375,0.7091,True,[SANDBOX DATA]
learner_0080,intervention_0080_02,2,2026-01-07T09:00:00,adaptive_quiz,True,0.8451,0.8623,0.0172,0.8597,0.8502,True,[SANDBOX DATA]
learner_0080,intervention_0080_03,3,2026-01-09T09:00:00,worked_example,True,0.8623,0.8825,0.0202,0.8814,0.9462,True,[SANDBOX DATA]
learner_0080,intervention_0080_04,4,2026-01-16T09:00:00,peer_discussion,True,0.8825,0.8969,0.0144,0.8958,0.9212,True,[SANDBOX DATA]
learner_0080,intervention_0080_05,5,2026-01-18T09:00:00,video_lesson,True,0.8969,0.9113,0.0144,0.9093,0.8606,True,[SANDBOX DATA]
learner_0081,intervention_0081_01,1,2026-01-01T09:00:00,peer_discussion,True,0.3336,0.4013,0.0677,0.3854,0.7658,True,[SANDBOX DATA]
learner_0081,intervention_0081_02,2,2026-01-06T09:00:00,worked_example,True,0.4013,0.4553,0.054,0.447,0.8459,True,[SANDBOX DATA]
learner_0081,intervention_0081_03,3,2026-01-09T09:00:00,targeted_practice,True,0.4553,0.5433,0.088,0.5328,0.8809,True,[SANDBOX DATA]
learner_0082,intervention_0082_01,1,2026-01-01T09:00:00,video_lesson,True,0.85,0.87,0.0201,0.8644,0.7224,True,[SANDBOX DATA]
learner_0082,intervention_0082_02,2,2026-01-03T09:00:00,peer_discussion,True,0.87,0.883,0.013,0.8809,0.8426,True,[SANDBOX DATA]
learner_0082,intervention_0082_03,3,2026-01-05T09:00:00,adaptive_quiz,True,0.883,0.9011,0.0182,0.8979,0.8207,True,[SANDBOX DATA]
learner_0083,intervention_0083_01,1,2026-01-01T09:00:00,worked_example,True,0.5856,0.6443,0.0586,0.6332,0.8105,True,[SANDBOX DATA]
learner_0083,intervention_0083_02,2,2026-01-06T09:00:00,worked_example,True,0.6443,0.6872,0.0429,0.6777,0.7795,True,[SANDBOX DATA]
learner_0083,intervention_0083_03,3,2026-01-12T09:00:00,video_lesson,True,0.6872,0.7189,0.0318,0.7126,0.8011,True,[SANDBOX DATA]
learner_0084,intervention_0084_01,1,2026-01-01T09:00:00,targeted_practice,False,0.3744,0.3744,0.0,0.3744,0.6377,False,[SANDBOX DATA]
learner_0084,intervention_0084_02,2,2026-01-06T09:00:00,worked_example,False,0.3744,0.3744,0.0,0.3744,0.6769,False,[SANDBOX DATA]
learner_0084,intervention_0084_03,3,2026-01-11T09:00:00,adaptive_quiz,True,0.3744,0.4444,0.07,0.4313,0.8129,True,[SANDBOX DATA]
learner_0084,intervention_0084_04,4,2026-01-16T09:00:00,adaptive_quiz,False,0.4444,0.4611,0.0168,0.4548,0.6227,False,[SANDBOX DATA]
learner_0084,intervention_0084_05,5,2026-01-19T09:00:00,video_lesson,True,0.4611,0.5247,0.0636,0.5096,0.7619,True,[SANDBOX DATA]
learner_0085,intervention_0085_01,1,2026-01-01T09:00:00,targeted_practice,True,0.2017,0.3458,0.1441,0.3137,0.7769,True,[SANDBOX DATA]
learner_0085,intervention_0085_02,2,2026-01-07T09:00:00,targeted_practice,True,0.3458,0.4688,0.1229,0.4414,0.7772,True,[SANDBOX DATA]
learner_0085,intervention_0085_03,3,2026-01-11T09:00:00,peer_discussion,True,0.4688,0.5072,0.0384,0.4986,0.7774,True,[SANDBOX DATA]
learner_0085,intervention_0085_04,4,2026-01-14T09:00:00,video_lesson,True,0.5072,0.5564,0.0492,0.5554,0.98,True,[SANDBOX DATA]
learner_0085,intervention_0085_05,5,2026-01-20T09:00:00,video_lesson,True,0.5564,0.5941,0.0378,0.5859,0.7805,True,[SANDBOX DATA]
learner_0086,intervention_0086_01,1,2026-01-01T09:00:00,peer_discussion,True,0.0207,0.1387,0.118,0.116,0.8069,True,[SANDBOX DATA]
learner_0086,intervention_0086_02,2,2026-01-08T09:00:00,adaptive_quiz,True,0.1387,0.2651,0.1263,0.2412,0.8109,True,[SANDBOX DATA]
learner_0086,intervention_0086_03,3,2026-01-11T09:00:00,adaptive_quiz,False,0.2651,0.2663,0.0012,0.2658,0.5866,False,[SANDBOX DATA]
learner_0087,intervention_0087_01,1,2026-01-01T09:00:00,targeted_practice,False,0.3694,0.3963,0.0269,0.3872,0.6617,False,[SANDBOX DATA]
learner_0087,intervention_0087_02,2,2026-01-06T09:00:00,adaptive_quiz,True,0.3963,0.4759,0.0796,0.4618,0.823,True,[SANDBOX DATA]
learner_0087,intervention_0087_03,3,2026-01-10T09:00:00,adaptive_quiz,True,0.4759,0.5411,0.0652,0.5219,0.7046,True,[SANDBOX DATA]
learner_0087,intervention_0087_04,4,2026-01-14T09:00:00,worked_example,True,0.5411,0.5878,0.0467,0.5787,0.8048,True,[SANDBOX DATA]
learner_0087,intervention_0087_05,5,2026-01-18T09:00:00,peer_discussion,True,0.5878,0.6258,0.038,0.6235,0.9382,True,[SANDBOX DATA]
learner_0088,intervention_0088_01,1,2026-01-01T09:00:00,adaptive_quiz,True,0.2694,0.3551,0.0856,0.3458,0.8914,True,[SANDBOX DATA]
learner_0088,intervention_0088_02,2,2026-01-05T09:00:00,peer_discussion,False,0.3551,0.3552,0.0002,0.3552,0.5821,False,[SANDBOX DATA]
learner_0088,intervention_0088_03,3,2026-01-08T09:00:00,video_lesson,True,0.3552,0.4504,0.0952,0.4485,0.98,True,[SANDBOX DATA]
learner_0088,intervention_0088_04,4,2026-01-10T09:00:00,peer_discussion,True,0.4504,0.4924,0.042,0.4823,0.7578,True,[SANDBOX DATA]
learner_0088,intervention_0088_05,5,2026-01-15T09:00:00,peer_discussion,True,0.4924,0.5325,0.0401,0.5248,0.8085,True,[SANDBOX DATA]
learner_0089,intervention_0089_01,1,2026-01-01T09:00:00,targeted_practice,True,0.2394,0.3501,0.1107,0.3308,0.8258,True,[SANDBOX DATA]
learner_0089,intervention_0089_02,2,2026-01-08T09:00:00,worked_example,True,0.3501,0.4615,0.1114,0.4441,0.8438,True,[SANDBOX DATA]
learner_0089,intervention_0089_03,3,2026-01-15T09:00:00,worked_example,True,0.4615,0.5199,0.0585,0.5163,0.937,True,[SANDBOX DATA]
learner_0089,intervention_0089_04,4,2026-01-17T09:00:00,targeted_practice,True,0.5199,0.5593,0.0394,0.5491,0.7413,True,[SANDBOX DATA]
learner_0090,intervention_0090_01,1,2026-01-01T09:00:00,worked_example,True,0.832,0.8477,0.0157,0.8449,0.8194,True,[SANDBOX DATA]
learner_0090,intervention_0090_02,2,2026-01-06T09:00:00,worked_example,True,0.8477,0.8612,0.0134,0.8584,0.7939,True,[SANDBOX DATA]
learner_0090,intervention_0090_03,3,2026-01-09T09:00:00,worked_example,True,0.8612,0.8784,0.0172,0.8747,0.7846,True,[SANDBOX DATA]
learner_0090,intervention_0090_04,4,2026-01-13T09:00:00,peer_discussion,True,0.8784,0.8898,0.0114,0.8874,0.7872,True,[SANDBOX DATA]
learner_0091,intervention_0091_01,1,2026-01-01T09:00:00,peer_discussion,True,0.7667,0.7909,0.0241,0.7856,0.783,True,[SANDBOX DATA]
learner_0091,intervention_0091_02,2,2026-01-07T09:00:00,adaptive_quiz,False,0.7909,0.8081,0.0173,0.8015,0.6187,False,[SANDBOX DATA]
learner_0091,intervention_0091_03,3,2026-01-13T09:00:00,adaptive_quiz,False,0.8081,0.8364,0.0283,0.8287,0.7273,True,[SANDBOX DATA]
learner_0092,intervention_0092_01,1,2026-01-01T09:00:00,adaptive_quiz,True,0.5602,0.6046,0.0444,0.5981,0.8532,True,[SANDBOX DATA]
learner_0092,intervention_0092_02,2,2026-01-03T09:00:00,worked_example,True,0.6046,0.6624,0.0578,0.6508,0.7993,True,[SANDBOX DATA]
learner_0092,intervention_0092_03,3,2026-01-09T09:00:00,peer_discussion,True,0.6624,0.6922,0.0298,0.6868,0.8209,True,[SANDBOX DATA]
learner_0092,intervention_0092_04,4,2026-01-13T09:00:00,targeted_practice,False,0.6922,0.6922,0.0,0.6922,0.4055,False,[SANDBOX DATA]
learner_0092,intervention_0092_05,5,2026-01-15T09:00:00,peer_discussion,True,0.6922,0.7206,0.0284,0.717,0.8729,True,[SANDBOX DATA]
learner_0093,intervention_0093_01,1,2026-01-01T09:00:00,targeted_practice,True,0.3595,0.4585,0.099,0.4489,0.9035,True,[SANDBOX DATA]
learner_0093,intervention_0093_02,2,2026-01-03T09:00:00,targeted_practice,True,0.4585,0.5565,0.098,0.5304,0.7332,True,[SANDBOX DATA]
learner_0093,intervention_0093_03,3,2026-01-07T09:00:00,targeted_practice,True,0.5565,0.6316,0.0751,0.619,0.8326,True,[SANDBOX DATA]
learner_0094,intervention_0094_01,1,2026-01-01T09:00:00,targeted_practice,True,0.4905,0.562,0.0715,0.5423,0.7245,True,[SANDBOX DATA]
learner_0094,intervention_0094_02,2,2026-01-08T09:00:00,adaptive_quiz,True,0.562,0.6272,0.0653,0.6249,0.9647,True,[SANDBOX DATA]
learner_0094,intervention_0094_03,3,2026-01-14T09:00:00,video_lesson,True,0.6272,0.6742,0.0469,0.6711,0.9338,True,[SANDBOX DATA]
learner_0094,intervention_0094_04,4,2026-01-18T09:00:00,peer_discussion,True,0.6742,0.6937,0.0195,0.6906,0.8413,True,[SANDBOX DATA]
learner_0095,intervention_0095_01,1,2026-01-01T09:00:00,peer_discussion,True,0.3707,0.4193,0.0486,0.4022,0.6475,False,[SANDBOX DATA]
learner_0095,intervention_0095_02,2,2026-01-04T09:00:00,targeted_practice,True,0.4193,0.4834,0.0641,0.4742,0.8562,True,[SANDBOX DATA]
learner_0095,intervention_0095_03,3,2026-01-06T09:00:00,targeted_practice,True,0.4834,0.5569,0.0735,0.55,0.9057,True,[SANDBOX DATA]
learner_0096,intervention_0096_01,1,2026-01-01T09:00:00,adaptive_quiz,True,0.5886,0.637,0.0485,0.63,0.8548,True,[SANDBOX DATA]
learner_0096,intervention_0096_02,2,2026-01-04T09:00:00,adaptive_quiz,True,0.637,0.6894,0.0524,0.6678,0.5866,False,[SANDBOX DATA]
learner_0096,intervention_0096_03,3,2026-01-06T09:00:00,peer_discussion,True,0.6894,0.7166,0.0272,0.714,0.902,True,[SANDBOX DATA]
learner_0096,intervention_0096_04,4,2026-01-11T09:00:00,targeted_practice,True,0.7166,0.7521,0.0354,0.7486,0.9022,True,[SANDBOX DATA]
learner_0097,intervention_0097_01,1,2026-01-01T09:00:00,adaptive_quiz,True,0.7703,0.8053,0.035,0.8011,0.8786,True,[SANDBOX DATA]
learner_0097,intervention_0097_02,2,2026-01-05T09:00:00,video_lesson,True,0.8053,0.823,0.0177,0.8217,0.9235,True,[SANDBOX DATA]
learner_0097,intervention_0097_03,3,2026-01-07T09:00:00,video_lesson,True,0.823,0.8424,0.0193,0.8371,0.727,True,[SANDBOX DATA]
learner_0098,intervention_0098_01,1,2026-01-01T09:00:00,video_lesson,False,0.256,0.2603,0.0043,0.2578,0.4337,False,[SANDBOX DATA]
learner_0098,intervention_0098_02,2,2026-01-07T09:00:00,peer_discussion,True,0.2603,0.3213,0.0611,0.3201,0.98,True,[SANDBOX DATA]
learner_0098,intervention_0098_03,3,2026-01-13T09:00:00,peer_discussion,True,0.3213,0.3651,0.0438,0.3549,0.7677,True,[SANDBOX DATA]
learner_0098,intervention_0098_04,4,2026-01-19T09:00:00,worked_example,False,0.3651,0.3887,0.0236,0.377,0.5057,False,[SANDBOX DATA]
learner_0098,intervention_0098_05,5,2026-01-22T09:00:00,peer_discussion,True,0.3887,0.4519,0.0631,0.4373,0.7688,True,[SANDBOX DATA]
learner_0099,intervention_0099_01,1,2026-01-01T09:00:00,targeted_practice,True,0.3062,0.4077,0.1015,0.3959,0.8837,True,[SANDBOX DATA]
learner_0099,intervention_0099_02,2,2026-01-06T09:00:00,worked_example,True,0.4077,0.4923,0.0847,0.4886,0.9557,True,[SANDBOX DATA]
learner_0099,intervention_0099_03,3,2026-01-09T09:00:00,video_lesson,True,0.4923,0.527,0.0347,0.5214,0.8374,True,[SANDBOX DATA]
learner_0100,intervention_0100_01,1,2026-01-01T09:00:00,video_lesson,True,0.5856,0.624,0.0384,0.6162,0.7968,True,[SANDBOX DATA]
learner_0100,intervention_0100_02,2,2026-01-06T09:00:00,worked_example,True,0.624,0.6681,0.0442,0.6554,0.7112,True,[SANDBOX DATA]
learner_0100,intervention_0100_03,3,2026-01-08T09:00:00,peer_discussion,False,0.6681,0.6816,0.0135,0.6785,0.7658,True,[SANDBOX DATA]
learner_0100,intervention_0100_04,4,2026-01-11T09:00:00,peer_discussion,True,0.6816,0.7154,0.0338,0.7091,0.8127,True,[SANDBOX DATA]
learner_0101,intervention_0101_01,1,2026-01-01T09:00:00,adaptive_quiz,True,0.7986,0.8174,0.0188,0.8157,0.9098,True,[SANDBOX DATA]
learner_0101,intervention_0101_02,2,2026-01-04T09:00:00,targeted_practice,True,0.8174,0.8536,0.0362,0.8489,0.8701,True,[SANDBOX DATA]
learner_0101,intervention_0101_03,3,2026-01-06T09:00:00,worked_example,False,0.8536,0.8734,0.0199,0.8665,0.6488,False,[SANDBOX DATA]
learner_0102,intervention_0102_01,1,2026-01-01T09:00:00,adaptive_quiz,False,0.5479,0.5581,0.0102,0.5535,0.5552,False,[SANDBOX DATA]
learner_0102,intervention_0102_02,2,2026-01-08T09:00:00,video_lesson,True,0.5581,0.5937,0.0356,0.5831,0.7023,True,[SANDBOX DATA]
learner_0102,intervention_0102_03,3,2026-01-10T09:00:00,video_lesson,True,0.5937,0.6403,0.0465,0.6301,0.7818,True,[SANDBOX DATA]
learner_0102,intervention_0102_04,4,2026-01-17T09:00:00,adaptive_quiz,True,0.6403,0.6932,0.0529,0.682,0.7882,True,[SANDBOX DATA]
learner_0102,intervention_0102_05,5,2026-01-21T09:00:00,video_lesson,True,0.6932,0.7238,0.0306,0.7207,0.8997,True,[SANDBOX DATA]
learner_0103,intervention_0103_01,1,2026-01-01T09:00:00,peer_discussion,True,0.3711,0.4166,0.0455,0.4048,0.7405,True,[SANDBOX DATA]
learner_0103,intervention_0103_02,2,2026-01-03T09:00:00,worked_example,True,0.4166,0.5,0.0833,0.4775,0.7302,True,[SANDBOX DATA]
learner_0103,intervention_0103_03,3,2026-01-09T09:00:00,targeted_practice,True,0.5,0.5985,0.0986,0.5965,0.98,True,[SANDBOX DATA]
learner_0103,intervention_0103_04,4,2026-01-15T09:00:00,peer_discussion,True,0.5985,0.6433,0.0448,0.6335,0.7806,True,[SANDBOX DATA]
learner_0104,intervention_0104_01,1,2026-01-01T09:00:00,peer_discussion,True,0.5539,0.6019,0.048,0.5921,0.7953,True,[SANDBOX DATA]
learner_0104,intervention_0104_02,2,2026-01-07T09:00:00,targeted_practice,True,0.6019,0.6652,0.0633,0.6565,0.8625,True,[SANDBOX DATA]
learner_0104,intervention_0104_03,3,2026-01-12T09:00:00,video_lesson,True,0.6652,0.6916,0.0265,0.6827,0.6618,False,[SANDBOX DATA]
learner_0105,intervention_0105_01,1,2026-01-01T09:00:00,video_lesson,True,0.4269,0.4784,0.0515,0.4708,0.8526,True,[SANDBOX DATA]
learner_0105,intervention_0105_02,2,2026-01-06T09:00:00,targeted_practice,True,0.4784,0.5645,0.0861,0.5561,0.9018,True,[SANDBOX DATA]
learner_0105,intervention_0105_03,3,2026-01-10T09:00:00,adaptive_quiz,True,0.5645,0.6158,0.0513,0.604,0.7697,True,[SANDBOX DATA]
learner_0105,intervention_0105_04,4,2026-01-12T09:00:00,peer_discussion,False,0.6158,0.6353,0.0194,0.6288,0.6658,False,[SANDBOX DATA]
learner_0106,intervention_0106_01,1,2026-01-01T09:00:00,worked_example,True,0.3145,0.4401,0.1256,0.4201,0.8405,True,[SANDBOX DATA]
learner_0106,intervention_0106_02,2,2026-01-03T09:00:00,targeted_practice,True,0.4401,0.5435,0.1034,0.5226,0.7976,True,[SANDBOX DATA]
learner_0106,intervention_0106_03,3,2026-01-09T09:00:00,peer_discussion,True,0.5435,0.5796,0.0361,0.5708,0.7561,True,[SANDBOX DATA]
learner_0107,intervention_0107_01,1,2026-01-01T09:00:00,video_lesson,True,0.3554,0.4226,0.0672,0.4108,0.825,True,[SANDBOX DATA]
learner_0107,intervention_0107_02,2,2026-01-04T09:00:00,video_lesson,False,0.4226,0.4442,0.0216,0.4381,0.7166,True,[SANDBOX DATA]
learner_0107,intervention_0107_03,3,2026-01-10T09:00:00,worked_example,True,0.4442,0.5231,0.0789,0.5087,0.8178,True,[SANDBOX DATA]
learner_0107,intervention_0107_04,4,2026-01-12T09:00:00,targeted_practice,True,0.5231,0.5914,0.0683,0.5814,0.8538,True,[SANDBOX DATA]
learner_0107,intervention_0107_05,5,2026-01-16T09:00:00,adaptive_quiz,True,0.5914,0.6693,0.078,0.6529,0.7898,True,[SANDBOX DATA]
learner_0108,intervention_0108_01,1,2026-01-01T09:00:00,adaptive_quiz,True,0.2395,0.3632,0.1238,0.34,0.8124,True,[SANDBOX DATA]
learner_0108,intervention_0108_02,2,2026-01-03T09:00:00,adaptive_quiz,True,0.3632,0.4525,0.0893,0.4313,0.7624,True,[SANDBOX DATA]
learner_0108,intervention_0108_03,3,2026-01-06T09:00:00,targeted_practice,True,0.4525,0.5565,0.104,0.5348,0.7908,True,[SANDBOX DATA]
learner_0108,intervention_0108_04,4,2026-01-11T09:00:00,worked_example,True,0.5565,0.6277,0.0712,0.6101,0.7523,True,[SANDBOX DATA]
learner_0109,intervention_0109_01,1,2026-01-01T09:00:00,adaptive_quiz,True,0.4028,0.4689,0.0661,0.4542,0.7783,True,[SANDBOX DATA]
learner_0109,intervention_0109_02,2,2026-01-07T09:00:00,targeted_practice,False,0.4689,0.4876,0.0187,0.4839,0.8061,True,[SANDBOX DATA]
learner_0109,intervention_0109_03,3,2026-01-10T09:00:00,worked_example,False,0.4876,0.5163,0.0287,0.5134,0.9,True,[SANDBOX DATA]
learner_0109,intervention_0109_04,4,2026-01-15T09:00:00,adaptive_quiz,False,0.5163,0.517,0.0008,0.5167,0.5479,False,[SANDBOX DATA]
learner_0110,intervention_0110_01,1,2026-01-01T09:00:00,worked_example,True,0.3137,0.4195,0.1058,0.4056,0.8682,True,[SANDBOX DATA]
learner_0110,intervention_0110_02,2,2026-01-03T09:00:00,peer_discussion,True,0.4195,0.4803,0.0608,0.4603,0.671,False,[SANDBOX DATA]
learner_0110,intervention_0110_03,3,2026-01-09T09:00:00,adaptive_quiz,True,0.4803,0.5481,0.0678,0.5352,0.8103,True,[SANDBOX DATA]
learner_0110,intervention_0110_04,4,2026-01-16T09:00:00,video_lesson,True,0.5481,0.6033,0.0552,0.5965,0.8781,True,[SANDBOX DATA]
learner_0110,intervention_0110_05,5,2026-01-23T09:00:00,targeted_practice,True,0.6033,0.6672,0.0639,0.6566,0.8338,True,[SANDBOX DATA]
learner_0111,intervention_0111_01,1,2026-01-01T09:00:00,targeted_practice,True,0.4117,0.5025,0.0908,0.4868,0.8273,True,[SANDBOX DATA]
learner_0111,intervention_0111_02,2,2026-01-04T09:00:00,worked_example,False,0.5025,0.5081,0.0056,0.5058,0.5953,False,[SANDBOX DATA]
learner_0111,intervention_0111_03,3,2026-01-11T09:00:00,peer_discussion,True,0.5081,0.553,0.0449,0.5478,0.8832,True,[SANDBOX DATA]
learner_0112,intervention_0112_01,1,2026-01-01T09:00:00,adaptive_quiz,True,0.7406,0.7737,0.0331,0.766,0.7681,True,[SANDBOX DATA]
learner_0112,intervention_0112_02,2,2026-01-08T09:00:00,adaptive_quiz,True,0.7737,0.7986,0.0249,0.7942,0.8269,True,[SANDBOX DATA]
learner_0112,intervention_0112_03,3,2026-01-13T09:00:00,adaptive_quiz,False,0.7986,0.8121,0.0135,0.8076,0.6681,False,[SANDBOX DATA]
learner_0112,intervention_0112_04,4,2026-01-19T09:00:00,video_lesson,True,0.8121,0.8339,0.0218,0.8308,0.8588,True,[SANDBOX DATA]
learner_0113,intervention_0113_01,1,2026-01-01T09:00:00,targeted_practice,False,0.2972,0.3059,0.0086,0.3019,0.5417,False,[SANDBOX DATA]
learner_0113,intervention_0113_02,2,2026-01-04T09:00:00,video_lesson,False,0.3059,0.3059,0.0,0.3059,0.4828,False,[SANDBOX DATA]
learner_0113,intervention_0113_03,3,2026-01-07T09:00:00,video_lesson,True,0.3059,0.3727,0.0669,0.3522,0.6934,False,[SANDBOX DATA]
learner_0114,intervention_0114_01,1,2026-01-01T09:00:00,targeted_practice,True,0.5784,0.6137,0.0353,0.6103,0.9027,True,[SANDBOX DATA]
learner_0114,intervention_0114_02,2,2026-01-03T09:00:00,video_lesson,True,0.6137,0.6583,0.0446,0.6542,0.9068,True,[SANDBOX DATA]
learner_0114,intervention_0114_03,3,2026-01-08T09:00:00,adaptive_quiz,False,0.6583,0.6583,0.0,0.6583,0.6666,False,[SANDBOX DATA]
learner_0114,intervention_0114_04,4,2026-01-10T09:00:00,targeted_practice,True,0.6583,0.7216,0.0633,0.7133,0.8687,True,[SANDBOX DATA]
learner_0115,intervention_0115_01,1,2026-01-01T09:00:00,peer_discussion,True,0.3941,0.4176,0.0235,0.411,0.7178,True,[SANDBOX DATA]
learner_0115,intervention_0115_02,2,2026-01-03T09:00:00,targeted_practice,True,0.4176,0.4738,0.0562,0.4692,0.9188,True,[SANDBOX DATA]
learner_0115,intervention_0115_03,3,2026-01-05T09:00:00,video_lesson,True,0.4738,0.5349,0.0611,0.5261,0.8567,True,[SANDBOX DATA]
learner_0116,intervention_0116_01,1,2026-01-01T09:00:00,peer_discussion,True,0.3947,0.469,0.0744,0.4628,0.9162,True,[SANDBOX DATA]
learner_0116,intervention_0116_02,2,2026-01-08T09:00:00,video_lesson,True,0.469,0.5383,0.0692,0.5369,0.98,True,[SANDBOX DATA]
learner_0116,intervention_0116_03,3,2026-01-14T09:00:00,adaptive_quiz,True,0.5383,0.5946,0.0563,0.5823,0.7808,True,[SANDBOX DATA]
learner_0117,intervention_0117_01,1,2026-01-01T09:00:00,adaptive_quiz,False,0.2504,0.2643,0.0139,0.2608,0.7492,True,[SANDBOX DATA]
learner_0117,intervention_0117_02,2,2026-01-08T09:00:00,targeted_practice,True,0.2643,0.3833,0.119,0.3666,0.8597,True,[SANDBOX DATA]
learner_0117,intervention_0117_03,3,2026-01-15T09:00:00,peer_discussion,True,0.3833,0.45,0.0667,0.4487,0.98,True,[SANDBOX DATA]
learner_0117,intervention_0117_04,4,2026-01-19T09:00:00,worked_example,True,0.45,0.5464,0.0964,0.5378,0.9112,True,[SANDBOX DATA]
learner_0118,intervention_0118_01,1,2026-01-01T09:00:00,video_lesson,True,0.2387,0.3392,0.1005,0.3139,0.7478,True,[SANDBOX DATA]
learner_0118,intervention_0118_02,2,2026-01-03T09:00:00,video_lesson,True,0.3392,0.4114,0.0722,0.3956,0.7807,True,[SANDBOX DATA]
learner_0118,intervention_0118_03,3,2026-01-06T09:00:00,peer_discussion,False,0.4114,0.4339,0.0225,0.4289,0.7759,True,[SANDBOX DATA]
learner_0118,intervention_0118_04,4,2026-01-08T09:00:00,targeted_practice,True,0.4339,0.5211,0.0871,0.4911,0.6556,False,[SANDBOX DATA]
learner_0118,intervention_0118_05,5,2026-01-13T09:00:00,targeted_practice,True,0.5211,0.5828,0.0618,0.5708,0.8059,True,[SANDBOX DATA]
learner_0119,intervention_0119_01,1,2026-01-01T09:00:00,targeted_practice,True,0.5512,0.6258,0.0747,0.6053,0.7252,True,[SANDBOX DATA]
learner_0119,intervention_0119_02,2,2026-01-04T09:00:00,video_lesson,True,0.6258,0.6696,0.0438,0.666,0.9167,True,[SANDBOX DATA]
learner_0119,intervention_0119_03,3,2026-01-09T09:00:00,adaptive_quiz,True,0.6696,0.704,0.0344,0.6969,0.7918,True,[SANDBOX DATA]
learner_0119,intervention_0119_04,4,2026-01-12T09:00:00,worked_example,True,0.704,0.7577,0.0537,0.7529,0.9096,True,[SANDBOX DATA]
learner_0120,intervention_0120_01,1,2026-01-01T09:00:00,worked_example,True,0.4204,0.5274,0.107,0.5051,0.7916,True,[SANDBOX DATA]
learner_0120,intervention_0120_02,2,2026-01-08T09:00:00,peer_discussion,True,0.5274,0.568,0.0407,0.5608,0.8234,True,[SANDBOX DATA]
learner_0120,intervention_0120_03,3,2026-01-11T09:00:00,peer_discussion,False,0.568,0.5899,0.0219,0.5782,0.4661,False,[SANDBOX DATA]
learner_0120,intervention_0120_04,4,2026-01-15T09:00:00,video_lesson,True,0.5899,0.6294,0.0396,0.6172,0.6913,False,[SANDBOX DATA]
learner_0120,intervention_0120_05,5,2026-01-18T09:00:00,peer_discussion,True,0.6294,0.6662,0.0367,0.6538,0.6631,False,[SANDBOX DATA]
learner_0121,intervention_0121_01,1,2026-01-01T09:00:00,targeted_practice,True,0.2117,0.3332,0.1215,0.3051,0.7685,True,[SANDBOX DATA]
learner_0121,intervention_0121_02,2,2026-01-07T09:00:00,worked_example,True,0.3332,0.4449,0.1116,0.4273,0.8425,True,[SANDBOX DATA]
learner_0121,intervention_0121_03,3,2026-01-10T09:00:00,peer_discussion,True,0.4449,0.5068,0.0619,0.4914,0.7507,True,[SANDBOX DATA]
learner_0121,intervention_0121_04,4,2026-01-16T09:00:00,targeted_practice,True,0.5068,0.5801,0.0733,0.553,0.6302,False,[SANDBOX DATA]
learner_0122,intervention_0122_01,1,2026-01-01T09:00:00,peer_discussion,False,0.5448,0.5752,0.0304,0.5618,0.5606,False,[SANDBOX DATA]
learner_0122,intervention_0122_02,2,2026-01-04T09:00:00,video_lesson,True,0.5752,0.6002,0.025,0.5919,0.6711,False,[SANDBOX DATA]
learner_0122,intervention_0122_03,3,2026-01-08T09:00:00,worked_example,True,0.6002,0.6513,0.0511,0.6425,0.8281,True,[SANDBOX DATA]
learner_0122,intervention_0122_04,4,2026-01-12T09:00:00,targeted_practice,True,0.6513,0.7006,0.0494,0.6917,0.8187,True,[SANDBOX DATA]
learner_0123,intervention_0123_01,1,2026-01-01T09:00:00,video_lesson,True,0.2592,0.325,0.0659,0.308,0.7414,True,[SANDBOX DATA]
learner_0123,intervention_0123_02,2,2026-01-04T09:00:00,worked_example,True,0.325,0.4171,0.092,0.401,0.8256,True,[SANDBOX DATA]
learner_0123,intervention_0123_03,3,2026-01-09T09:00:00,worked_example,True,0.4171,0.5108,0.0937,0.5,0.8855,True,[SANDBOX DATA]
learner_0123,intervention_0123_04,4,2026-01-15T09:00:00,worked_example,True,0.5108,0.573,0.0622,0.5656,0.8815,True,[SANDBOX DATA]
learner_0123,intervention_0123_05,5,2026-01-19T09:00:00,adaptive_quiz,True,0.573,0.624,0.051,0.617,0.8633,True,[SANDBOX DATA]
learner_0124,intervention_0124_01,1,2026-01-01T09:00:00,adaptive_quiz,True,0.2264,0.2885,0.062,0.2711,0.7192,True,[SANDBOX DATA]
learner_0124,intervention_0124_02,2,2026-01-04T09:00:00,adaptive_quiz,True,0.2885,0.359,0.0705,0.3423,0.7638,True,[SANDBOX DATA]
learner_0124,intervention_0124_03,3,2026-01-11T09:00:00,video_lesson,True,0.359,0.4481,0.0892,0.4368,0.873,True,[SANDBOX DATA]
learner_0124,intervention_0124_04,4,2026-01-17T09:00:00,peer_discussion,False,0.4481,0.4516,0.0035,0.4505,0.6893,False,[SANDBOX DATA]
learner_0125,intervention_0125_01,1,2026-01-01T09:00:00,adaptive_quiz,True,0.6223,0.6686,0.0464,0.667,0.9653,True,[SANDBOX DATA]
learner_0125,intervention_0125_02,2,2026-01-08T09:00:00,worked_example,True,0.6686,0.7147,0.0461,0.706,0.812,True,[SANDBOX DATA]
learner_0125,intervention_0125_03,3,2026-01-14T09:00:00,worked_example,True,0.7147,0.7614,0.0467,0.7582,0.9302,True,[SANDBOX DATA]
learner_0126,intervention_0126_01,1,2026-01-01T09:00:00,video_lesson,True,0.3419,0.4033,0.0614,0.3976,0.9073,True,[SANDBOX DATA]
learner_0126,intervention_0126_02,2,2026-01-04T09:00:00,worked_example,True,0.4033,0.4502,0.0469,0.4397,0.7762,True,[SANDBOX DATA]
learner_0126,intervention_0126_03,3,2026-01-09T09:00:00,peer_discussion,True,0.4502,0.5079,0.0577,0.5022,0.9007,True,[SANDBOX DATA]
learner_0126,intervention_0126_04,4,2026-01-16T09:00:00,targeted_practice,True,0.5079,0.6011,0.0932,0.5957,0.9417,True,[SANDBOX DATA]
learner_0126,intervention_0126_05,5,2026-01-19T09:00:00,worked_example,True,0.6011,0.6535,0.0524,0.6416,0.7719,True,[SANDBOX DATA]
learner_0127,intervention_0127_01,1,2026-01-01T09:00:00,targeted_practice,True,0.4311,0.5483,0.1172,0.5324,0.8644,True,[SANDBOX DATA]
learner_0127,intervention_0127_02,2,2026-01-03T09:00:00,peer_discussion,True,0.5483,0.6096,0.0613,0.5975,0.8029,True,[SANDBOX DATA]
learner_0127,intervention_0127_03,3,2026-01-06T09:00:00,adaptive_quiz,True,0.6096,0.6672,0.0577,0.6565,0.8144,True,[SANDBOX DATA]
learner_0127,intervention_0127_04,4,2026-01-11T09:00:00,worked_example,True,0.6672,0.7088,0.0415,0.7051,0.9119,True,[SANDBOX DATA]
learner_0127,intervention_0127_05,5,2026-01-13T09:00:00,worked_example,True,0.7088,0.7507,0.042,0.7426,0.806,True,[SANDBOX DATA]
learner_0128,intervention_0128_01,1,2026-01-01T09:00:00,targeted_practice,False,0.5334,0.5506,0.0172,0.5454,0.6989,False,[SANDBOX DATA]
learner_0128,intervention_0128_02,2,2026-01-08T09:00:00,peer_discussion,True,0.5506,0.5951,0.0445,0.5854,0.781,True,[SANDBOX DATA]
learner_0128,intervention_0128_03,3,2026-01-10T09:00:00,targeted_practice,True,0.5951,0.6374,0.0423,0.6315,0.86,True,[SANDBOX DATA]
learner_0128,intervention_0128_04,4,2026-01-12T09:00:00,video_lesson,False,0.6374,0.6409,0.0035,0.6388,0.3998,False,[SANDBOX DATA]
learner_0128,intervention_0128_05,5,2026-01-15T09:00:00,peer_discussion,True,0.6409,0.6618,0.0208,0.6594,0.8872,True,[SANDBOX DATA]
learner_0129,intervention_0129_01,1,2026-01-01T09:00:00,adaptive_quiz,True,0.6331,0.6916,0.0585,0.6767,0.7447,True,[SANDBOX DATA]
learner_0129,intervention_0129_02,2,2026-01-03T09:00:00,worked_example,True,0.6916,0.7192,0.0275,0.7152,0.8575,True,[SANDBOX DATA]
learner_0129,intervention_0129_03,3,2026-01-09T09:00:00,video_lesson,True,0.7192,0.7592,0.04,0.7525,0.8346,True,[SANDBOX DATA]
learner_0129,intervention_0129_04,4,2026-01-14T09:00:00,peer_discussion,True,0.7592,0.7793,0.0202,0.7741,0.7429,True,[SANDBOX DATA]
learner_0130,intervention_0130_01,1,2026-01-01T09:00:00,video_lesson,True,0.4922,0.5532,0.061,0.5471,0.8995,True,[SANDBOX DATA]
learner_0130,intervention_0130_02,2,2026-01-07T09:00:00,adaptive_quiz,True,0.5532,0.6149,0.0617,0.6069,0.8699,True,[SANDBOX DATA]
learner_0130,intervention_0130_03,3,2026-01-10T09:00:00,adaptive_quiz,False,0.6149,0.6319,0.017,0.6274,0.7356,True,[SANDBOX DATA]
learner_0130,intervention_0130_04,4,2026-01-14T09:00:00,peer_discussion,True,0.6319,0.6778,0.0459,0.6706,0.843,True,[SANDBOX DATA]
learner_0131,intervention_0131_01,1,2026-01-01T09:00:00,worked_example,True,0.392,0.4972,0.1052,0.4707,0.7482,True,[SANDBOX DATA]
learner_0131,intervention_0131_02,2,2026-01-06T09:00:00,adaptive_quiz,False,0.4972,0.5196,0.0224,0.5082,0.4903,False,[SANDBOX DATA]
learner_0131,intervention_0131_03,3,2026-01-10T09:00:00,worked_example,True,0.5196,0.5788,0.0591,0.5663,0.7886,True,[SANDBOX DATA]
learner_0131,intervention_0131_04,4,2026-01-14T09:00:00,worked_example,True,0.5788,0.6377,0.0589,0.6314,0.8944,True,[SANDBOX DATA]
learner_0132,intervention_0132_01,1,2026-01-01T09:00:00,adaptive_quiz,True,0.7526,0.7812,0.0286,0.7757,0.8076,True,[SANDBOX DATA]
learner_0132,intervention_0132_02,2,2026-01-07T09:00:00,peer_discussion,True,0.7812,0.7995,0.0183,0.7962,0.8166,True,[SANDBOX DATA]
learner_0132,intervention_0132_03,3,2026-01-11T09:00:00,worked_example,False,0.7995,0.8087,0.0092,0.8055,0.6506,False,[SANDBOX DATA]
learner_0132,intervention_0132_04,4,2026-01-14T09:00:00,adaptive_quiz,False,0.8087,0.829,0.0203,0.8248,0.7949,True,[SANDBOX DATA]
learner_0132,intervention_0132_05,5,2026-01-19T09:00:00,targeted_practice,True,0.829,0.86,0.031,0.853,0.7732,True,[SANDBOX DATA]
learner_0133,intervention_0133_01,1,2026-01-01T09:00:00,worked_example,False,0.5573,0.5919,0.0346,0.5777,0.5884,False,[SANDBOX DATA]
learner_0133,intervention_0133_02,2,2026-01-06T09:00:00,peer_discussion,False,0.5919,0.5919,0.0,0.5919,0.4223,False,[SANDBOX DATA]
learner_0133,intervention_0133_03,3,2026-01-08T09:00:00,adaptive_quiz,True,0.5919,0.6447,0.0528,0.6327,0.7731,True,[SANDBOX DATA]
learner_0133,intervention_0133_04,4,2026-01-12T09:00:00,targeted_practice,True,0.6447,0.6995,0.0548,0.6916,0.856,True,[SANDBOX DATA]
learner_0133,intervention_0133_05,5,2026-01-15T09:00:00,video_lesson,True,0.6995,0.7303,0.0308,0.7212,0.7057,True,[SANDBOX DATA]
learner_0134,intervention_0134_01,1,2026-01-01T09:00:00,peer_discussion,True,0.475,0.5348,0.0598,0.5309,0.9349,True,[SANDBOX DATA]
learner_0134,intervention_0134_02,2,2026-01-06T09:00:00,video_lesson,True,0.5348,0.5835,0.0487,0.5762,0.8492,True,[SANDBOX DATA]
learner_0134,intervention_0134_03,3,2026-01-09T09:00:00,peer_discussion,True,0.5835,0.6104,0.0269,0.6065,0.8563,True,[SANDBOX DATA]
learner_0134,intervention_0134_04,4,2026-01-14T09:00:00,targeted_practice,True,0.6104,0.6851,0.0748,0.6675,0.7648,True,[SANDBOX DATA]
learner_0134,intervention_0134_05,5,2026-01-17T09:00:00,video_lesson,True,0.6851,0.7076,0.0225,0.7031,0.8008,True,[SANDBOX DATA]
learner_0135,intervention_0135_01,1,2026-01-01T09:00:00,video_lesson,True,0.1782,0.2939,0.1157,0.2819,0.8963,True,[SANDBOX DATA]
learner_0135,intervention_0135_02,2,2026-01-06T09:00:00,peer_discussion,True,0.2939,0.37,0.0762,0.3511,0.751,True,[SANDBOX DATA]
learner_0135,intervention_0135_03,3,2026-01-11T09:00:00,targeted_practice,True,0.37,0.4877,0.1176,0.4777,0.9149,True,[SANDBOX DATA]
learner_0135,intervention_0135_04,4,2026-01-16T09:00:00,worked_example,True,0.4877,0.5651,0.0775,0.5335,0.5911,False,[SANDBOX DATA]
learner_0135,intervention_0135_05,5,2026-01-19T09:00:00,targeted_practice,True,0.5651,0.634,0.0689,0.6255,0.8765,True,[SANDBOX DATA]
learner_0136,intervention_0136_01,1,2026-01-01T09:00:00,peer_discussion,True,0.2017,0.2981,0.0964,0.2724,0.7331,True,[SANDBOX DATA]
learner_0136,intervention_0136_02,2,2026-01-03T09:00:00,peer_discussion,True,0.2981,0.344,0.0458,0.3364,0.8344,True,[SANDBOX DATA]
learner_0136,intervention_0136_03,3,2026-01-06T09:00:00,peer_discussion,True,0.344,0.3977,0.0537,0.3873,0.8064,True,[SANDBOX DATA]
learner_0137,intervention_0137_01,1,2026-01-01T09:00:00,adaptive_quiz,True,0.369,0.4506,0.0816,0.4333,0.7878,True,[SANDBOX DATA]
learner_0137,intervention_0137_02,2,2026-01-06T09:00:00,peer_discussion,False,0.4506,0.4975,0.0469,0.4889,0.817,True,[SANDBOX DATA]
learner_0137,intervention_0137_03,3,2026-01-11T09:00:00,targeted_practice,True,0.4975,0.5645,0.067,0.5429,0.6779,False,[SANDBOX DATA]
learner_0137,intervention_0137_04,4,2026-01-16T09:00:00,video_lesson,True,0.5645,0.6224,0.0579,0.6098,0.7824,True,[SANDBOX DATA]
learner_0138,intervention_0138_01,1,2026-01-01T09:00:00,targeted_practice,True,0.5983,0.6765,0.0781,0.6549,0.7242,True,[SANDBOX DATA]
learner_0138,intervention_0138_02,2,2026-01-03T09:00:00,adaptive_quiz,True,0.6765,0.7248,0.0484,0.7195,0.8898,True,[SANDBOX DATA]
learner_0138,intervention_0138_03,3,2026-01-10T09:00:00,adaptive_quiz,False,0.7248,0.7268,0.002,0.7264,0.7567,True,[SANDBOX DATA]
learner_0139,intervention_0139_01,1,2026-01-01T09:00:00,video_lesson,True,0.1381,0.2513,0.1132,0.2362,0.8661,True,[SANDBOX DATA]
learner_0139,intervention_0139_02,2,2026-01-05T09:00:00,peer_discussion,True,0.2513,0.3198,0.0685,0.3184,0.98,True,[SANDBOX DATA]
learner_0139,intervention_0139_03,3,2026-01-10T09:00:00,targeted_practice,True,0.3198,0.4387,0.119,0.4077,0.7391,True,[SANDBOX DATA]
learner_0140,intervention_0140_01,1,2026-01-01T09:00:00,video_lesson,True,0.1862,0.2759,0.0897,0.2594,0.8155,True,[SANDBOX DATA]
learner_0140,intervention_0140_02,2,2026-01-04T09:00:00,worked_example,True,0.2759,0.4073,0.1314,0.3825,0.8113,True,[SANDBOX DATA]
learner_0140,intervention_0140_03,3,2026-01-07T09:00:00,adaptive_quiz,True,0.4073,0.5013,0.094,0.4894,0.874,True,[SANDBOX DATA]
learner_0140,intervention_0140_04,4,2026-01-14T09:00:00,worked_example,True,0.5013,0.5791,0.0778,0.5611,0.7685,True,[SANDBOX DATA]
learner_0140,intervention_0140_05,5,2026-01-18T09:00:00,worked_example,True,0.5791,0.6483,0.0692,0.6304,0.7414,True,[SANDBOX DATA]
learner_0141,intervention_0141_01,1,2026-01-01T09:00:00,adaptive_quiz,True,0.7703,0.7967,0.0265,0.7906,0.7693,True,[SANDBOX DATA]
learner_0141,intervention_0141_02,2,2026-01-03T09:00:00,video_lesson,True,0.7967,0.8167,0.02,0.8131,0.8206,True,[SANDBOX DATA]
learner_0141,intervention_0141_03,3,2026-01-05T09:00:00,targeted_practice,True,0.8167,0.8506,0.0339,0.8465,0.8802,True,[SANDBOX DATA]
learner_0142,intervention_0142_01,1,2026-01-01T09:00:00,worked_example,True,0.1035,0.2261,0.1226,0.2221,0.9674,True,[SANDBOX DATA]
learner_0142,intervention_0142_02,2,2026-01-06T09:00:00,peer_discussion,True,0.2261,0.3421,0.116,0.3127,0.7468,True,[SANDBOX DATA]
learner_0142,intervention_0142_03,3,2026-01-10T09:00:00,adaptive_quiz,True,0.3421,0.4106,0.0685,0.401,0.8595,True,[SANDBOX DATA]
learner_0142,intervention_0142_04,4,2026-01-12T09:00:00,video_lesson,False,0.4106,0.424,0.0135,0.4213,0.7936,True,[SANDBOX DATA]
learner_0143,intervention_0143_01,1,2026-01-01T09:00:00,video_lesson,True,0.3062,0.3665,0.0604,0.3529,0.7746,True,[SANDBOX DATA]
learner_0143,intervention_0143_02,2,2026-01-06T09:00:00,worked_example,True,0.3665,0.4725,0.106,0.4521,0.8076,True,[SANDBOX DATA]
learner_0143,intervention_0143_03,3,2026-01-12T09:00:00,video_lesson,True,0.4725,0.5334,0.0608,0.5184,0.7542,True,[SANDBOX DATA]
learner_0143,intervention_0143_04,4,2026-01-18T09:00:00,adaptive_quiz,True,0.5334,0.5956,0.0622,0.5827,0.7928,True,[SANDBOX DATA]
learner_0144,intervention_0144_01,1,2026-01-01T09:00:00,targeted_practice,True,0.2378,0.3291,0.0913,0.3164,0.8608,True,[SANDBOX DATA]
learner_0144,intervention_0144_02,2,2026-01-08T09:00:00,worked_example,False,0.3291,0.3477,0.0186,0.337,0.4288,False,[SANDBOX DATA]
learner_0144,intervention_0144_03,3,2026-01-14T09:00:00,video_lesson,True,0.3477,0.3922,0.0446,0.3846,0.8294,True,[SANDBOX DATA]
learner_0144,intervention_0144_04,4,2026-01-16T09:00:00,adaptive_quiz,True,0.3922,0.4627,0.0705,0.4454,0.7535,True,[SANDBOX DATA]
learner_0145,intervention_0145_01,1,2026-01-01T09:00:00,video_lesson,True,0.3613,0.4359,0.0745,0.4255,0.8609,True,[SANDBOX DATA]
learner_0145,intervention_0145_02,2,2026-01-04T09:00:00,targeted_practice,False,0.4359,0.4409,0.005,0.4386,0.5519,False,[SANDBOX DATA]
learner_0145,intervention_0145_03,3,2026-01-10T09:00:00,targeted_practice,True,0.4409,0.5185,0.0776,0.5004,0.767,True,[SANDBOX DATA]
learner_0145,intervention_0145_04,4,2026-01-17T09:00:00,targeted_practice,True,0.5185,0.5967,0.0783,0.5772,0.751,True,[SANDBOX DATA]
learner_0146,intervention_0146_01,1,2026-01-01T09:00:00,video_lesson,True,0.2033,0.2917,0.0884,0.2838,0.9114,True,[SANDBOX DATA]
learner_0146,intervention_0146_02,2,2026-01-08T09:00:00,worked_example,True,0.2917,0.4016,0.11,0.3776,0.7812,True,[SANDBOX DATA]
learner_0146,intervention_0146_03,3,2026-01-11T09:00:00,peer_discussion,False,0.4016,0.4016,0.0,0.4016,0.6929,False,[SANDBOX DATA]
learner_0146,intervention_0146_04,4,2026-01-17T09:00:00,targeted_practice,True,0.4016,0.5324,0.1308,0.4982,0.7384,True,[SANDBOX DATA]
learner_0147,intervention_0147_01,1,2026-01-01T09:00:00,targeted_practice,True,0.4912,0.5872,0.096,0.5761,0.8841,True,[SANDBOX DATA]
learner_0147,intervention_0147_02,2,2026-01-08T09:00:00,worked_example,True,0.5872,0.6414,0.0542,0.6284,0.7603,True,[SANDBOX DATA]
learner_0147,intervention_0147_03,3,2026-01-15T09:00:00,adaptive_quiz,True,0.6414,0.6979,0.0565,0.6843,0.7596,True,[SANDBOX DATA]
learner_0147,intervention_0147_04,4,2026-01-19T09:00:00,video_lesson,True,0.6979,0.7406,0.0427,0.7315,0.7879,True,[SANDBOX DATA]
learner_0148,intervention_0148_01,1,2026-01-01T09:00:00,worked_example,False,0.6546,0.668,0.0134,0.6659,0.842,True,[SANDBOX DATA]
learner_0148,intervention_0148_02,2,2026-01-06T09:00:00,video_lesson,True,0.668,0.7131,0.0451,0.7008,0.7264,True,[SANDBOX DATA]
learner_0148,intervention_0148_03,3,2026-01-11T09:00:00,video_lesson,True,0.7131,0.7426,0.0295,0.7313,0.6187,False,[SANDBOX DATA]
learner_0148,intervention_0148_04,4,2026-01-16T09:00:00,worked_example,True,0.7426,0.7824,0.0399,0.7756,0.8291,True,[SANDBOX DATA]
learner_0149,intervention_0149_01,1,2026-01-01T09:00:00,video_lesson,True,0.696,0.7296,0.0336,0.7192,0.692,False,[SANDBOX DATA]
learner_0149,intervention_0149_02,2,2026-01-03T09:00:00,adaptive_quiz,True,0.7296,0.779,0.0494,0.77,0.8174,True,[SANDBOX DATA]
learner_0149,intervention_0149_03,3,2026-01-06T09:00:00,targeted_practice,True,0.779,0.8142,0.0351,0.8062,0.7733,True,[SANDBOX DATA]
learner_0149,intervention_0149_04,4,2026-01-12T09:00:00,peer_discussion,True,0.8142,0.8298,0.0157,0.8269,0.81,True,[SANDBOX DATA]
learner_0150,intervention_0150_01,1,2026-01-01T09:00:00,adaptive_quiz,True,0.5392,0.5832,0.0441,0.5737,0.7842,True,[SANDBOX DATA]
learner_0150,intervention_0150_02,2,2026-01-04T09:00:00,targeted_practice,True,0.5832,0.6529,0.0696,0.6481,0.9307,True,[SANDBOX DATA]
learner_0150,intervention_0150_03,3,2026-01-10T09:00:00,worked_example,True,0.6529,0.7009,0.048,0.6999,0.98,True,[SANDBOX DATA]
learner_0150,intervention_0150_04,4,2026-01-12T09:00:00,worked_example,True,0.7009,0.7326,0.0317,0.732,0.98,True,[SANDBOX DATA]
learner_0150,intervention_0150_05,5,2026-01-14T09:00:00,worked_example,True,0.7326,0.7794,0.0468,0.7736,0.875,True,[SANDBOX DATA]
learner_0151,intervention_0151_01,1,2026-01-01T09:00:00,peer_discussion,True,0.1852,0.2622,0.0771,0.2529,0.8792,True,[SANDBOX DATA]
learner_0151,intervention_0151_02,2,2026-01-04T09:00:00,targeted_practice,True,0.2622,0.3703,0.1081,0.3519,0.8295,True,[SANDBOX DATA]
learner_0151,intervention_0151_03,3,2026-01-09T09:00:00,video_lesson,True,0.3703,0.4309,0.0605,0.4251,0.9046,True,[SANDBOX DATA]
learner_0151,intervention_0151_04,4,2026-01-15T09:00:00,adaptive_quiz,False,0.4309,0.4329,0.002,0.4317,0.4046,False,[SANDBOX DATA]
learner_0152,intervention_0152_01,1,2026-01-01T09:00:00,adaptive_quiz,True,0.7478,0.777,0.0292,0.7735,0.8789,True,[SANDBOX DATA]
learner_0152,intervention_0152_02,2,2026-01-04T09:00:00,targeted_practice,False,0.777,0.7911,0.0141,0.786,0.638,False,[SANDBOX DATA]
learner_0152,intervention_0152_03,3,2026-01-06T09:00:00,peer_discussion,True,0.7911,0.8135,0.0224,0.8114,0.9073,True,[SANDBOX DATA]
learner_0152,intervention_0152_04,4,2026-01-08T09:00:00,adaptive_quiz,True,0.8135,0.8373,0.0238,0.8314,0.7532,True,[SANDBOX DATA]
learner_0153,intervention_0153_01,1,2026-01-01T09:00:00,peer_discussion,True,0.7405,0.7645,0.024,0.7611,0.8588,True,[SANDBOX DATA]
learner_0153,intervention_0153_02,2,2026-01-08T09:00:00,video_lesson,True,0.7645,0.7978,0.0333,0.7945,0.8997,True,[SANDBOX DATA]
learner_0153,intervention_0153_03,3,2026-01-14T09:00:00,targeted_practice,True,0.7978,0.8297,0.0319,0.8228,0.7839,True,[SANDBOX DATA]
learner_0153,intervention_0153_04,4,2026-01-20T09:00:00,adaptive_quiz,True,0.8297,0.8497,0.02,0.845,0.7663,True,[SANDBOX DATA]
learner_0154,intervention_0154_01,1,2026-01-01T09:00:00,targeted_practice,True,0.3049,0.4162,0.1113,0.3985,0.8405,True,[SANDBOX DATA]
learner_0154,intervention_0154_02,2,2026-01-06T09:00:00,targeted_practice,False,0.4162,0.4162,0.0,0.4162,0.7531,True,[SANDBOX DATA]
learner_0154,intervention_0154_03,3,2026-01-10T09:00:00,peer_discussion,True,0.4162,0.4836,0.0674,0.4783,0.9214,True,[SANDBOX DATA]
learner_0154,intervention_0154_04,4,2026-01-13T09:00:00,targeted_practice,True,0.4836,0.5377,0.0541,0.5225,0.7193,True,[SANDBOX DATA]
learner_0154,intervention_0154_05,5,2026-01-19T09:00:00,targeted_practice,True,0.5377,0.5953,0.0576,0.586,0.8384,True,[SANDBOX DATA]
learner_0155,intervention_0155_01,1,2026-01-01T09:00:00,targeted_practice,True,0.5223,0.6136,0.0912,0.6062,0.9191,True,[SANDBOX DATA]
learner_0155,intervention_0155_02,2,2026-01-03T09:00:00,peer_discussion,True,0.6136,0.6461,0.0326,0.645,0.9661,True,[SANDBOX DATA]
learner_0155,intervention_0155_03,3,2026-01-09T09:00:00,peer_discussion,False,0.6461,0.6463,0.0002,0.6463,0.8916,True,[SANDBOX DATA]
learner_0155,intervention_0155_04,4,2026-01-14T09:00:00,adaptive_quiz,True,0.6463,0.6875,0.0412,0.6826,0.8825,True,[SANDBOX DATA]
learner_0155,intervention_0155_05,5,2026-01-20T09:00:00,video_lesson,True,0.6875,0.7222,0.0347,0.718,0.8807,True,[SANDBOX DATA]
learner_0156,intervention_0156_01,1,2026-01-01T09:00:00,video_lesson,True,0.1632,0.2696,0.1064,0.2529,0.843,True,[SANDBOX DATA]
learner_0156,intervention_0156_02,2,2026-01-06T09:00:00,video_lesson,True,0.2696,0.3475,0.0779,0.3283,0.7541,True,[SANDBOX DATA]
learner_0156,intervention_0156_03,3,2026-01-10T09:00:00,peer_discussion,True,0.3475,0.4151,0.0677,0.4067,0.875,True,[SANDBOX DATA]
learner_0156,intervention_0156_04,4,2026-01-15T09:00:00,targeted_practice,True,0.4151,0.5191,0.104,0.5001,0.8166,True,[SANDBOX DATA]
learner_0156,intervention_0156_05,5,2026-01-18T09:00:00,adaptive_quiz,False,0.5191,0.5347,0.0155,0.5305,0.7302,True,[SANDBOX DATA]
learner_0157,intervention_0157_01,1,2026-01-01T09:00:00,worked_example,True,0.5055,0.5895,0.084,0.578,0.863,True,[SANDBOX DATA]
learner_0157,intervention_0157_02,2,2026-01-08T09:00:00,worked_example,True,0.5895,0.6818,0.0923,0.6635,0.8018,True,[SANDBOX DATA]
learner_0157,intervention_0157_03,3,2026-01-14T09:00:00,video_lesson,True,0.6818,0.7194,0.0376,0.7152,0.8868,True,[SANDBOX DATA]
learner_0157,intervention_0157_04,4,2026-01-16T09:00:00,peer_discussion,True,0.7194,0.7488,0.0294,0.7442,0.8416,True,[SANDBOX DATA]
learner_0157,intervention_0157_05,5,2026-01-23T09:00:00,peer_discussion,True,0.7488,0.7733,0.0244,0.7677,0.7713,True,[SANDBOX DATA]
learner_0158,intervention_0158_01,1,2026-01-01T09:00:00,worked_example,True,0.901,0.9163,0.0154,0.9143,0.8644,True,[SANDBOX DATA]
learner_0158,intervention_0158_02,2,2026-01-04T09:00:00,video_lesson,True,0.9163,0.9262,0.0098,0.9237,0.7499,True,[SANDBOX DATA]
learner_0158,intervention_0158_03,3,2026-01-10T09:00:00,adaptive_quiz,True,0.9262,0.9335,0.0073,0.9328,0.9051,True,[SANDBOX DATA]
learner_0159,intervention_0159_01,1,2026-01-01T09:00:00,video_lesson,True,0.4608,0.5222,0.0614,0.5143,0.8702,True,[SANDBOX DATA]
learner_0159,intervention_0159_02,2,2026-01-07T09:00:00,targeted_practice,True,0.5222,0.5758,0.0535,0.5631,0.763,True,[SANDBOX DATA]
learner_0159,intervention_0159_03,3,2026-01-10T09:00:00,worked_example,True,0.5758,0.6189,0.0431,0.6078,0.7415,True,[SANDBOX DATA]
learner_0160,intervention_0160_01,1,2026-01-01T09:00:00,targeted_practice,True,0.5983,0.6474,0.0491,0.6381,0.8107,True,[SANDBOX DATA]
learner_0160,intervention_0160_02,2,2026-01-08T09:00:00,adaptive_quiz,True,0.6474,0.6913,0.0439,0.687,0.902,True,[SANDBOX DATA]
learner_0160,intervention_0160_03,3,2026-01-13T09:00:00,peer_discussion,False,0.6913,0.7188,0.0275,0.7082,0.6133,False,[SANDBOX DATA]
learner_0161,intervention_0161_01,1,2026-01-01T09:00:00,video_lesson,True,0.4162,0.4734,0.0572,0.4633,0.8233,True,[SANDBOX DATA]
learner_0161,intervention_0161_02,2,2026-01-03T09:00:00,peer_discussion,True,0.4734,0.5153,0.0419,0.5111,0.9014,True,[SANDBOX DATA]
learner_0161,intervention_0161_03,3,2026-01-07T09:00:00,video_lesson,True,0.5153,0.5815,0.0662,0.5801,0.98,True,[SANDBOX DATA]
learner_0162,intervention_0162_01,1,2026-01-01T09:00:00,worked_example,True,0.856,0.8737,0.0178,0.8692,0.7468,True,[SANDBOX DATA]
learner_0162,intervention_0162_02,2,2026-01-05T09:00:00,video_lesson,False,0.8737,0.8737,0.0,0.8737,0.7239,True,[SANDBOX DATA]
learner_0162,intervention_0162_03,3,2026-01-12T09:00:00,targeted_practice,True,0.8737,0.9,0.0263,0.8931,0.734,True,[SANDBOX DATA]
learner_0163,intervention_0163_01,1,2026-01-01T09:00:00,adaptive_quiz,True,0.2074,0.2867,0.0793,0.2795,0.9091,True,[SANDBOX DATA]
learner_0163,intervention_0163_02,2,2026-01-03T09:00:00,targeted_practice,True,0.2867,0.4067,0.12,0.3898,0.8588,True,[SANDBOX DATA]
learner_0163,intervention_0163_03,3,2026-01-09T09:00:00,peer_discussion,False,0.4067,0.4067,0.0,0.4067,0.7547,True,[SANDBOX DATA]
learner_0164,intervention_0164_01,1,2026-01-01T09:00:00,worked_example,True,0.802,0.8316,0.0296,0.8248,0.7682,True,[SANDBOX DATA]
learner_0164,intervention_0164_02,2,2026-01-05T09:00:00,video_lesson,True,0.8316,0.8489,0.0173,0.8459,0.8286,True,[SANDBOX DATA]
learner_0164,intervention_0164_03,3,2026-01-11T09:00:00,video_lesson,True,0.8489,0.8709,0.022,0.8661,0.7808,True,[SANDBOX DATA]
learner_0164,intervention_0164_04,4,2026-01-15T09:00:00,targeted_practice,True,0.8709,0.8914,0.0205,0.8872,0.795,True,[SANDBOX DATA]
learner_0164,intervention_0164_05,5,2026-01-21T09:00:00,peer_discussion,True,0.8914,0.9015,0.0102,0.8996,0.8058,True,[SANDBOX DATA]
learner_0165,intervention_0165_01,1,2026-01-01T09:00:00,targeted_practice,True,0.0581,0.1968,0.1387,0.1912,0.9595,True,[SANDBOX DATA]
learner_0165,intervention_0165_02,2,2026-01-06T09:00:00,peer_discussion,True,0.1968,0.298,0.1013,0.2738,0.7608,True,[SANDBOX DATA]
learner_0165,intervention_0165_03,3,2026-01-09T09:00:00,worked_example,True,0.298,0.4174,0.1194,0.3921,0.7875,True,[SANDBOX DATA]
learner_0165,intervention_0165_04,4,2026-01-14T09:00:00,peer_discussion,True,0.4174,0.4789,0.0615,0.4654,0.7804,True,[SANDBOX DATA]
learner_0165,intervention_0165_05,5,2026-01-16T09:00:00,adaptive_quiz,True,0.4789,0.5551,0.0761,0.544,0.8554,True,[SANDBOX DATA]
learner_0166,intervention_0166_01,1,2026-01-01T09:00:00,worked_example,False,0.2655,0.2901,0.0246,0.2876,0.9,True,[SANDBOX DATA]
learner_0166,intervention_0166_02,2,2026-01-05T09:00:00,adaptive_quiz,True,0.2901,0.3954,0.1053,0.3679,0.7393,True,[SANDBOX DATA]
learner_0166,intervention_0166_03,3,2026-01-12T09:00:00,worked_example,False,0.3954,0.4151,0.0197,0.4078,0.6291,False,[SANDBOX DATA]
learner_0166,intervention_0166_04,4,2026-01-19T09:00:00,targeted_practice,True,0.4151,0.5248,0.1097,0.5037,0.8071,True,[SANDBOX DATA]
learner_0167,intervention_0167_01,1,2026-01-01T09:00:00,peer_discussion,True,0.8276,0.8475,0.0199,0.8454,0.8928,True,[SANDBOX DATA]
learner_0167,intervention_0167_02,2,2026-01-05T09:00:00,worked_example,False,0.8475,0.8585,0.011,0.8538,0.5691,False,[SANDBOX DATA]
learner_0167,intervention_0167_03,3,2026-01-09T09:00:00,worked_example,True,0.8585,0.8782,0.0197,0.8717,0.6692,False,[SANDBOX DATA]
learner_0168,intervention_0168_01,1,2026-01-01T09:00:00,peer_discussion,True,0.4599,0.4963,0.0364,0.4888,0.7921,True,[SANDBOX DATA]
learner_0168,intervention_0168_02,2,2026-01-07T09:00:00,targeted_practice,False,0.4963,0.5181,0.0217,0.5066,0.4738,False,[SANDBOX DATA]
learner_0168,intervention_0168_03,3,2026-01-10T09:00:00,peer_discussion,True,0.5181,0.568,0.0499,0.5611,0.8631,True,[SANDBOX DATA]
learner_0168,intervention_0168_04,4,2026-01-16T09:00:00,targeted_practice,False,0.568,0.5843,0.0163,0.5802,0.7491,True,[SANDBOX DATA]
learner_0168,intervention_0168_05,5,2026-01-22T09:00:00,worked_example,True,0.5843,0.611,0.0267,0.6049,0.7703,True,[SANDBOX DATA]
learner_0169,intervention_0169_01,1,2026-01-01T09:00:00,worked_example,True,0.235,0.3222,0.0872,0.3099,0.8589,True,[SANDBOX DATA]
learner_0169,intervention_0169_02,2,2026-01-08T09:00:00,video_lesson,True,0.3222,0.3926,0.0703,0.3816,0.8442,True,[SANDBOX DATA]
learner_0169,intervention_0169_03,3,2026-01-14T09:00:00,peer_discussion,True,0.3926,0.4346,0.0421,0.4221,0.7018,True,[SANDBOX DATA]
learner_0170,intervention_0170_01,1,2026-01-01T09:00:00,worked_example,False,0.3267,0.3325,0.0058,0.3307,0.6771,False,[SANDBOX DATA]
learner_0170,intervention_0170_02,2,2026-01-03T09:00:00,peer_discussion,True,0.3325,0.3904,0.0578,0.3796,0.8141,True,[SANDBOX DATA]
learner_0170,intervention_0170_03,3,2026-01-07T09:00:00,video_lesson,True,0.3904,0.4507,0.0603,0.4324,0.6961,False,[SANDBOX DATA]
learner_0170,intervention_0170_04,4,2026-01-11T09:00:00,video_lesson,True,0.4507,0.4903,0.0396,0.4806,0.7563,True,[SANDBOX DATA]
learner_0170,intervention_0170_05,5,2026-01-16T09:00:00,worked_example,True,0.4903,0.5702,0.0799,0.55,0.7477,True,[SANDBOX DATA]
learner_0171,intervention_0171_01,1,2026-01-01T09:00:00,worked_example,True,0.0829,0.2383,0.1554,0.1915,0.6987,False,[SANDBOX DATA]
learner_0171,intervention_0171_02,2,2026-01-08T09:00:00,worked_example,True,0.2383,0.3806,0.1423,0.3606,0.8595,True,[SANDBOX DATA]
learner_0171,intervention_0171_03,3,2026-01-13T09:00:00,worked_example,True,0.3806,0.4666,0.086,0.436,0.6444,False,[SANDBOX DATA]
learner_0171,intervention_0171_04,4,2026-01-18T09:00:00,peer_discussion,True,0.4666,0.5161,0.0495,0.5028,0.7315,True,[SANDBOX DATA]
learner_0171,intervention_0171_05,5,2026-01-24T09:00:00,peer_discussion,True,0.5161,0.5737,0.0575,0.5639,0.8309,True,[SANDBOX DATA]
learner_0172,intervention_0172_01,1,2026-01-01T09:00:00,worked_example,True,0.2808,0.389,0.1082,0.3728,0.8505,True,[SANDBOX DATA]
learner_0172,intervention_0172_02,2,2026-01-05T09:00:00,video_lesson,False,0.389,0.4109,0.0219,0.399,0.4574,False,[SANDBOX DATA]
learner_0172,intervention_0172_03,3,2026-01-08T09:00:00,adaptive_quiz,False,0.4109,0.4225,0.0116,0.4167,0.4965,False,[SANDBOX DATA]
learner_0172,intervention_0172_04,4,2026-01-15T09:00:00,targeted_practice,True,0.4225,0.5168,0.0942,0.4977,0.7973,True,[SANDBOX DATA]
learner_0172,intervention_0172_05,5,2026-01-20T09:00:00,adaptive_quiz,True,0.5168,0.5802,0.0634,0.5691,0.8251,True,[SANDBOX DATA]
learner_0173,intervention_0173_01,1,2026-01-01T09:00:00,worked_example,True,0.6524,0.7007,0.0483,0.6859,0.6935,False,[SANDBOX DATA]
learner_0173,intervention_0173_02,2,2026-01-03T09:00:00,targeted_practice,True,0.7007,0.7555,0.0548,0.7521,0.9369,True,[SANDBOX DATA]
learner_0173,intervention_0173_03,3,2026-01-09T09:00:00,worked_example,True,0.7555,0.7833,0.0278,0.7778,0.8018,True,[SANDBOX DATA]
learner_0173,intervention_0173_04,4,2026-01-15T09:00:00,worked_example,False,0.7833,0.7833,0.0,0.7833,0.4922,False,[SANDBOX DATA]
learner_0173,intervention_0173_05,5,2026-01-20T09:00:00,worked_example,True,0.7833,0.8262,0.0429,0.8231,0.929,True,[SANDBOX DATA]
learner_0174,intervention_0174_01,1,2026-01-01T09:00:00,adaptive_quiz,True,0.842,0.8648,0.0228,0.8583,0.7153,True,[SANDBOX DATA]
learner_0174,intervention_0174_02,2,2026-01-06T09:00:00,adaptive_quiz,True,0.8648,0.8816,0.0168,0.8801,0.911,True,[SANDBOX DATA]
learner_0174,intervention_0174_03,3,2026-01-11T09:00:00,worked_example,False,0.8816,0.9049,0.0233,0.8995,0.767,True,[SANDBOX DATA]
learner_0175,intervention_0175_01,1,2026-01-01T09:00:00,adaptive_quiz,True,0.4514,0.5194,0.0679,0.5006,0.723,True,[SANDBOX DATA]
learner_0175,intervention_0175_02,2,2026-01-08T09:00:00,worked_example,True,0.5194,0.5899,0.0705,0.5853,0.9353,True,[SANDBOX DATA]
learner_0175,intervention_0175_03,3,2026-01-12T09:00:00,video_lesson,True,0.5899,0.6448,0.0548,0.6339,0.8015,True,[SANDBOX DATA]
learner_0176,intervention_0176_01,1,2026-01-01T09:00:00,peer_discussion,True,0.2877,0.3824,0.0947,0.364,0.8055,True,[SANDBOX DATA]
learner_0176,intervention_0176_02,2,2026-01-05T09:00:00,video_lesson,True,0.3824,0.4363,0.0538,0.4288,0.8609,True,[SANDBOX DATA]
learner_0176,intervention_0176_03,3,2026-01-09T09:00:00,targeted_practice,True,0.4363,0.5459,0.1096,0.5293,0.8485,True,[SANDBOX DATA]
learner_0176,intervention_0176_04,4,2026-01-12T09:00:00,worked_example,True,0.5459,0.6087,0.0628,0.5974,0.821,True,[SANDBOX DATA]
learner_0177,intervention_0177_01,1,2026-01-01T09:00:00,video_lesson,True,0.3219,0.4199,0.098,0.4052,0.8508,True,[SANDBOX DATA]
learner_0177,intervention_0177_02,2,2026-01-05T09:00:00,video_lesson,True,0.4199,0.4822,0.0624,0.4788,0.9449,True,[SANDBOX DATA]
learner_0177,intervention_0177_03,3,2026-01-10T09:00:00,peer_discussion,True,0.4822,0.5377,0.0554,0.5298,0.8577,True,[SANDBOX DATA]
learner_0177,intervention_0177_04,4,2026-01-13T09:00:00,adaptive_quiz,True,0.5377,0.5937,0.0561,0.5875,0.889,True,[SANDBOX DATA]
learner_0177,intervention_0177_05,5,2026-01-15T09:00:00,adaptive_quiz,True,0.5937,0.6503,0.0565,0.6394,0.8077,True,[SANDBOX DATA]
learner_0178,intervention_0178_01,1,2026-01-01T09:00:00,peer_discussion,True,0.1964,0.2859,0.0895,0.2645,0.7606,True,[SANDBOX DATA]
learner_0178,intervention_0178_02,2,2026-01-04T09:00:00,targeted_practice,True,0.2859,0.3612,0.0753,0.3533,0.8941,True,[SANDBOX DATA]
learner_0178,intervention_0178_03,3,2026-01-09T09:00:00,worked_example,True,0.3612,0.458,0.0968,0.4451,0.8665,True,[SANDBOX DATA]
learner_0179,intervention_0179_01,1,2026-01-01T09:00:00,targeted_practice,True,0.7342,0.791,0.0568,0.784,0.8774,True,[SANDBOX DATA]
learner_0179,intervention_0179_02,2,2026-01-08T09:00:00,video_lesson,True,0.791,0.8179,0.0269,0.8146,0.8781,True,[SANDBOX DATA]
learner_0179,intervention_0179_03,3,2026-01-15T09:00:00,targeted_practice,True,0.8179,0.8466,0.0287,0.8401,0.7713,True,[SANDBOX DATA]
learner_0179,intervention_0179_04,4,2026-01-18T09:00:00,video_lesson,False,0.8466,0.8594,0.0128,0.8558,0.7169,True,[SANDBOX DATA]
learner_0180,intervention_0180_01,1,2026-01-01T09:00:00,video_lesson,True,0.5085,0.5846,0.076,0.5646,0.7381,True,[SANDBOX DATA]
learner_0180,intervention_0180_02,2,2026-01-07T09:00:00,video_lesson,True,0.5846,0.6253,0.0407,0.6178,0.816,True,[SANDBOX DATA]
learner_0180,intervention_0180_03,3,2026-01-11T09:00:00,video_lesson,True,0.6253,0.6702,0.0449,0.6607,0.7899,True,[SANDBOX DATA]
learner_0180,intervention_0180_04,4,2026-01-13T09:00:00,peer_discussion,True,0.6702,0.6994,0.0292,0.69,0.678,False,[SANDBOX DATA]
learner_0181,intervention_0181_01,1,2026-01-01T09:00:00,targeted_practice,True,0.7825,0.8229,0.0404,0.8103,0.6882,False,[SANDBOX DATA]
learner_0181,intervention_0181_02,2,2026-01-06T09:00:00,targeted_practice,True,0.8229,0.851,0.0281,0.8474,0.8716,True,[SANDBOX DATA]
learner_0181,intervention_0181_03,3,2026-01-09T09:00:00,video_lesson,True,0.851,0.8659,0.0149,0.861,0.6718,False,[SANDBOX DATA]
learner_0182,intervention_0182_01,1,2026-01-01T09:00:00,worked_example,True,0.5506,0.6056,0.055,0.5918,0.7493,True,[SANDBOX DATA]
learner_0182,intervention_0182_02,2,2026-01-07T09:00:00,adaptive_quiz,True,0.6056,0.6776,0.072,0.6649,0.8237,True,[SANDBOX DATA]
learner_0182,intervention_0182_03,3,2026-01-14T09:00:00,adaptive_quiz,True,0.6776,0.7248,0.0472,0.719,0.8781,True,[SANDBOX DATA]
learner_0182,intervention_0182_04,4,2026-01-20T09:00:00,adaptive_quiz,True,0.7248,0.7597,0.0349,0.7529,0.8063,True,[SANDBOX DATA]
learner_0183,intervention_0183_01,1,2026-01-01T09:00:00,adaptive_quiz,True,0.3323,0.448,0.1157,0.4263,0.8128,True,[SANDBOX DATA]
learner_0183,intervention_0183_02,2,2026-01-06T09:00:00,adaptive_quiz,False,0.448,0.448,0.0,0.448,0.8208,True,[SANDBOX DATA]
learner_0183,intervention_0183_03,3,2026-01-13T09:00:00,targeted_practice,False,0.448,0.4587,0.0108,0.4568,0.8215,True,[SANDBOX DATA]
learner_0183,intervention_0183_04,4,2026-01-20T09:00:00,peer_discussion,True,0.4587,0.5206,0.0619,0.5126,0.8699,True,[SANDBOX DATA]
learner_0183,intervention_0183_05,5,2026-01-22T09:00:00,adaptive_quiz,True,0.5206,0.6068,0.0862,0.5851,0.7474,True,[SANDBOX DATA]
learner_0184,intervention_0184_01,1,2026-01-01T09:00:00,video_lesson,True,0.4824,0.5213,0.0389,0.5143,0.8208,True,[SANDBOX DATA]
learner_0184,intervention_0184_02,2,2026-01-06T09:00:00,worked_example,True,0.5213,0.5901,0.0689,0.5804,0.859,True,[SANDBOX DATA]
learner_0184,intervention_0184_03,3,2026-01-08T09:00:00,adaptive_quiz,True,0.5901,0.6228,0.0327,0.6134,0.7111,True,[SANDBOX DATA]
learner_0185,intervention_0185_01,1,2026-01-01T09:00:00,targeted_practice,True,0.3125,0.4348,0.1224,0.4142,0.8309,True,[SANDBOX DATA]
learner_0185,intervention_0185_02,2,2026-01-06T09:00:00,adaptive_quiz,False,0.4348,0.4489,0.014,0.4419,0.5045,False,[SANDBOX DATA]
learner_0185,intervention_0185_03,3,2026-01-10T09:00:00,peer_discussion,True,0.4489,0.5189,0.07,0.5103,0.8775,True,[SANDBOX DATA]
learner_0185,intervention_0185_04,4,2026-01-16T09:00:00,peer_discussion,False,0.5189,0.5189,0.0,0.5189,0.8039,True,[SANDBOX DATA]
learner_0186,intervention_0186_01,1,2026-01-01T09:00:00,adaptive_quiz,True,0.4539,0.5123,0.0583,0.4983,0.7607,True,[SANDBOX DATA]
learner_0186,intervention_0186_02,2,2026-01-03T09:00:00,video_lesson,True,0.5123,0.5634,0.0512,0.5535,0.8057,True,[SANDBOX DATA]
learner_0186,intervention_0186_03,3,2026-01-05T09:00:00,worked_example,True,0.5634,0.6211,0.0577,0.6129,0.8576,True,[SANDBOX DATA]
learner_0187,intervention_0187_01,1,2026-01-01T09:00:00,worked_example,True,0.5138,0.5879,0.0741,0.5773,0.8564,True,[SANDBOX DATA]
learner_0187,intervention_0187_02,2,2026-01-05T09:00:00,peer_discussion,True,0.5879,0.6349,0.0469,0.6299,0.8948,True,[SANDBOX DATA]
learner_0187,intervention_0187_03,3,2026-01-12T09:00:00,worked_example,True,0.6349,0.7002,0.0653,0.6896,0.8383,True,[SANDBOX DATA]
learner_0187,intervention_0187_04,4,2026-01-18T09:00:00,worked_example,True,0.7002,0.7442,0.044,0.7337,0.7611,True,[SANDBOX DATA]
learner_0188,intervention_0188_01,1,2026-01-01T09:00:00,peer_discussion,True,0.7653,0.796,0.0307,0.7888,0.7662,True,[SANDBOX DATA]
learner_0188,intervention_0188_02,2,2026-01-04T09:00:00,video_lesson,True,0.796,0.815,0.019,0.809,0.6833,False,[SANDBOX DATA]
learner_0188,intervention_0188_03,3,2026-01-09T09:00:00,worked_example,True,0.815,0.839,0.024,0.8315,0.6867,False,[SANDBOX DATA]
learner_0189,intervention_0189_01,1,2026-01-01T09:00:00,video_lesson,True,0.3177,0.4041,0.0864,0.387,0.8018,True,[SANDBOX DATA]
learner_0189,intervention_0189_02,2,2026-01-06T09:00:00,peer_discussion,True,0.4041,0.462,0.0579,0.4457,0.7183,True,[SANDBOX DATA]
learner_0189,intervention_0189_03,3,2026-01-11T09:00:00,peer_discussion,True,0.462,0.511,0.049,0.5051,0.8808,True,[SANDBOX DATA]
learner_0190,intervention_0190_01,1,2026-01-01T09:00:00,video_lesson,True,0.3554,0.4395,0.0841,0.4294,0.88,True,[SANDBOX DATA]
learner_0190,intervention_0190_02,2,2026-01-05T09:00:00,targeted_practice,True,0.4395,0.5367,0.0972,0.5234,0.8637,True,[SANDBOX DATA]
learner_0190,intervention_0190_03,3,2026-01-07T09:00:00,video_lesson,False,0.5367,0.5367,0.0,0.5367,0.7052,True,[SANDBOX DATA]
learner_0190,intervention_0190_04,4,2026-01-09T09:00:00,video_lesson,True,0.5367,0.5915,0.0548,0.5735,0.6718,False,[SANDBOX DATA]
learner_0191,intervention_0191_01,1,2026-01-01T09:00:00,video_lesson,True,0.7948,0.8254,0.0306,0.8187,0.7806,True,[SANDBOX DATA]
learner_0191,intervention_0191_02,2,2026-01-07T09:00:00,worked_example,True,0.8254,0.848,0.0226,0.8452,0.8778,True,[SANDBOX DATA]
learner_0191,intervention_0191_03,3,2026-01-14T09:00:00,worked_example,False,0.848,0.8673,0.0193,0.8567,0.4508,False,[SANDBOX DATA]
learner_0191,intervention_0191_04,4,2026-01-16T09:00:00,adaptive_quiz,False,0.8673,0.8766,0.0093,0.873,0.6117,False,[SANDBOX DATA]
learner_0191,intervention_0191_05,5,2026-01-23T09:00:00,peer_discussion,True,0.8766,0.8896,0.0131,0.8883,0.8986,True,[SANDBOX DATA]
learner_0192,intervention_0192_01,1,2026-01-01T09:00:00,peer_discussion,True,0.2737,0.3419,0.0682,0.3267,0.7779,True,[SANDBOX DATA]
learner_0192,intervention_0192_02,2,2026-01-04T09:00:00,worked_example,True,0.3419,0.4262,0.0843,0.4061,0.7614,True,[SANDBOX DATA]
learner_0192,intervention_0192_03,3,2026-01-08T09:00:00,adaptive_quiz,True,0.4262,0.5241,0.0979,0.5041,0.796,True,[SANDBOX DATA]
learner_0192,intervention_0192_04,4,2026-01-10T09:00:00,worked_example,False,0.5241,0.5331,0.009,0.5297,0.6247,False,[SANDBOX DATA]
learner_0192,intervention_0192_05,5,2026-01-13T09:00:00,video_lesson,True,0.5331,0.5933,0.0601,0.5836,0.8385,True,[SANDBOX DATA]
learner_0193,intervention_0193_01,1,2026-01-01T09:00:00,worked_example,True,0.0825,0.2478,0.1652,0.2217,0.8425,True,[SANDBOX DATA]
learner_0193,intervention_0193_02,2,2026-01-07T09:00:00,adaptive_quiz,True,0.2478,0.3393,0.0916,0.3216,0.8064,True,[SANDBOX DATA]
learner_0193,intervention_0193_03,3,2026-01-13T09:00:00,worked_example,True,0.3393,0.4373,0.098,0.4342,0.968,True,[SANDBOX DATA]
learner_0193,intervention_0193_04,4,2026-01-15T09:00:00,video_lesson,True,0.4373,0.498,0.0607,0.4968,0.98,True,[SANDBOX DATA]
learner_0193,intervention_0193_05,5,2026-01-21T09:00:00,targeted_practice,True,0.498,0.5878,0.0898,0.5663,0.7606,True,[SANDBOX DATA]
learner_0194,intervention_0194_01,1,2026-01-01T09:00:00,peer_discussion,False,0.6945,0.6984,0.0039,0.6972,0.6974,False,[SANDBOX DATA]
learner_0194,intervention_0194_02,2,2026-01-05T09:00:00,adaptive_quiz,False,0.6984,0.6984,0.0,0.6984,0.8471,True,[SANDBOX DATA]
learner_0194,intervention_0194_03,3,2026-01-07T09:00:00,worked_example,False,0.6984,0.7147,0.0163,0.7122,0.8497,True,[SANDBOX DATA]
learner_0195,intervention_0195_01,1,2026-01-01T09:00:00,video_lesson,True,0.6758,0.7024,0.0265,0.6984,0.8521,True,[SANDBOX DATA]
learner_0195,intervention_0195_02,2,2026-01-04T09:00:00,worked_example,True,0.7024,0.7332,0.0308,0.7284,0.8437,True,[SANDBOX DATA]
learner_0195,intervention_0195_03,3,2026-01-11T09:00:00,worked_example,True,0.7332,0.773,0.0398,0.7697,0.9189,True,[SANDBOX DATA]
learner_0196,intervention_0196_01,1,2026-01-01T09:00:00,targeted_practice,True,0.4872,0.5493,0.0621,0.5311,0.7069,True,[SANDBOX DATA]
learner_0196,intervention_0196_02,2,2026-01-03T09:00:00,video_lesson,True,0.5493,0.6051,0.0558,0.5879,0.6921,False,[SANDBOX DATA]
learner_0196,intervention_0196_03,3,2026-01-05T09:00:00,adaptive_quiz,False,0.6051,0.6055,0.0005,0.6054,0.6885,False,[SANDBOX DATA]
learner_0196,intervention_0196_04,4,2026-01-11T09:00:00,targeted_practice,True,0.6055,0.6494,0.0439,0.6407,0.8015,True,[SANDBOX DATA]
learner_0196,intervention_0196_05,5,2026-01-17T09:00:00,targeted_practice,True,0.6494,0.6876,0.0382,0.6776,0.7362,True,[SANDBOX DATA]
learner_0197,intervention_0197_01,1,2026-01-01T09:00:00,peer_discussion,True,0.0509,0.1034,0.0524,0.0929,0.8005,True,[SANDBOX DATA]
learner_0197,intervention_0197_02,2,2026-01-05T09:00:00,targeted_practice,True,0.1034,0.2532,0.1498,0.231,0.8516,True,[SANDBOX DATA]
learner_0197,intervention_0197_03,3,2026-01-08T09:00:00,adaptive_quiz,True,0.2532,0.3289,0.0757,0.3193,0.8733,True,[SANDBOX DATA]
learner_0197,intervention_0197_04,4,2026-01-13T09:00:00,video_lesson,True,0.3289,0.4144,0.0855,0.3893,0.7063,True,[SANDBOX DATA]
learner_0198,intervention_0198_01,1,2026-01-01T09:00:00,video_lesson,False,0.1981,0.2141,0.0159,0.2089,0.675,False,[SANDBOX DATA]
learner_0198,intervention_0198_02,2,2026-01-06T09:00:00,worked_example,False,0.2141,0.2251,0.011,0.2232,0.8277,True,[SANDBOX DATA]
learner_0198,intervention_0198_03,3,2026-01-12T09:00:00,peer_discussion,True,0.2251,0.2896,0.0645,0.2816,0.8762,True,[SANDBOX DATA]
learner_0198,intervention_0198_04,4,2026-01-18T09:00:00,adaptive_quiz,True,0.2896,0.4061,0.1165,0.3668,0.6624,False,[SANDBOX DATA]
learner_0198,intervention_0198_05,5,2026-01-23T09:00:00,peer_discussion,True,0.4061,0.4569,0.0508,0.4558,0.98,True,[SANDBOX DATA]
learner_0199,intervention_0199_01,1,2026-01-01T09:00:00,video_lesson,False,0.2275,0.2523,0.0247,0.2418,0.5745,False,[SANDBOX DATA]
learner_0199,intervention_0199_02,2,2026-01-05T09:00:00,worked_example,False,0.2523,0.2824,0.0301,0.2737,0.712,True,[SANDBOX DATA]
learner_0199,intervention_0199_03,3,2026-01-08T09:00:00,adaptive_quiz,True,0.2824,0.3607,0.0783,0.3404,0.7404,True,[SANDBOX DATA]
learner_0199,intervention_0199_04,4,2026-01-14T09:00:00,peer_discussion,True,0.3607,0.4114,0.0507,0.3959,0.6949,False,[SANDBOX DATA]
learner_0200,intervention_0200_01,1,2026-01-01T09:00:00,peer_discussion,True,0.5623,0.6038,0.0416,0.5988,0.8795,True,[SANDBOX DATA]
learner_0200,intervention_0200_02,2,2026-01-08T09:00:00,targeted_practice,True,0.6038,0.664,0.0601,0.6514,0.7914,True,[SANDBOX DATA]
learner_0200,intervention_0200_03,3,2026-01-12T09:00:00,worked_example,True,0.664,0.7052,0.0412,0.694,0.7301,True,[SANDBOX DATA]
