learner_id,session_id,session_number,timestamp,learning_state,session_duration_minutes,questions_attempted,questions_completed,correct_answers,accuracy,average_response_time_seconds,hints_used,completion_rate,engagement_score,intervention_received,mastery_before,mastery_after,mastery_change,session_quality_score,data_source
learner_0001,session_0001_01,1,2026-01-01T09:00:00,improving,34.75,9,8,7,0.7778,18.94,2,0.8889,0.8174,True,0.7076,0.7772,0.0696,0.8135,[SANDBOX DATA]
learner_0001,session_0001_02,2,2026-01-06T09:00:00,needs_practice,29.48,15,10,10,0.6667,19.99,7,0.6667,0.6626,True,0.7772,0.8368,0.0596,0.6392,[SANDBOX DATA]
learner_0001,session_0001_03,3,2026-01-09T09:00:00,improving,20.9,12,9,10,0.8333,14.5,2,0.75,0.832,False,0.8368,0.8954,0.0586,0.8122,[SANDBOX DATA]
learner_0001,session_0001_04,4,2026-01-15T09:00:00,needs_practice,32.54,11,8,7,0.6364,22.56,3,0.7273,0.6431,False,0.8954,0.8954,0.0,0.6786,[SANDBOX DATA]
learner_0001,session_0001_05,5,2026-01-19T09:00:00,improving,19.99,9,7,6,0.6667,20.06,2,0.7778,0.793,False,0.8954,0.9582,0.0628,0.7419,[SANDBOX DATA]
learner_0001,session_0001_06,6,2026-01-22T09:00:00,improving,22.13,13,10,9,0.6923,10.23,2,0.7692,0.8198,True,0.9582,1.0,0.0418,0.7678,[SANDBOX DATA]
learner_0001,session_0001_07,7,2026-01-28T09:00:00,mastered,16.15,20,20,17,0.85,8.18,2,1.0,0.8424,False,1.0,1.0,0.0,0.896,[SANDBOX DATA]
learner_0001,session_0001_08,8,2026-02-01T09:00:00,mastered,22.72,14,12,12,0.8571,5.9,0,0.8571,0.8002,False,1.0,1.0,0.0,0.8743,[SANDBOX DATA]
learner_0002,session_0002_01,1,2026-01-01T09:00:00,struggling,15.87,7,4,1,0.1429,28.72,3,0.5714,0.4217,True,0.2651,0.2788,0.0138,0.3915,[SANDBOX DATA]
learner_0002,session_0002_02,2,2026-01-07T09:00:00,struggling,23.76,8,4,3,0.375,25.9,2,0.5,0.4451,True,0.2788,0.3879,0.1091,0.4953,[SANDBOX DATA]
learner_0002,session_0002_03,3,2026-01-08T09:00:00,improving,11.85,11,10,7,0.6364,12.48,0,0.9091,0.7926,True,0.3879,0.4153,0.0274,0.8085,[SANDBOX DATA]
learner_0002,session_0002_04,4,2026-01-12T09:00:00,mastered,17.66,12,12,10,0.8333,15.32,2,1.0,0.8078,False,0.4153,0.436,0.0208,0.8699,[SANDBOX DATA]
learner_0002,session_0002_05,5,2026-01-18T09:00:00,mastered,14.31,11,11,9,0.8182,6.54,2,1.0,0.8928,False,0.436,0.4553,0.0193,0.8786,[SANDBOX DATA]
learner_0002,session_0002_06,6,2026-01-20T09:00:00,mastered,19.44,18,15,16,0.8889,13.21,1,0.8333,0.7705,True,0.4553,0.5194,0.0641,0.8624,[SANDBOX DATA]
learner_0002,session_0002_07,7,2026-01-23T09:00:00,mastered,12.22,14,14,12,0.8571,8.99,0,1.0,0.9926,True,0.5194,0.5485,0.0292,0.9485,[SANDBOX DATA]
learner_0002,session_0002_08,8,2026-01-27T09:00:00,mastered,13.4,17,16,15,0.8824,11.32,2,0.9412,0.8413,False,0.5485,0.5786,0.03,0.8888,[SANDBOX DATA]
learner_0002,session_0002_09,9,2026-01-29T09:00:00,mastered,17.05,23,22,21,0.913,9.41,0,0.9565,0.8983,False,0.5786,0.6217,0.0432,0.9383,[SANDBOX DATA]
learner_0002,session_0002_10,10,2026-02-04T09:00:00,improving,22.61,14,11,11,0.7857,21.54,5,0.7857,0.6082,False,0.6217,0.6402,0.0184,0.7216,[SANDBOX DATA]
learner_0002,session_0002_11,11,2026-02-09T09:00:00,needs_practice,24.93,11,10,6,0.5455,11.97,4,0.9091,0.517,False,0.6402,0.7061,0.0659,0.6489,[SANDBOX DATA]
learner_0003,session_0003_01,1,2026-01-01T09:00:00,mastered,20.29,20,18,17,0.85,10.93,0,0.9,0.8693,True,0.8892,0.9229,0.0338,0.8964,[SANDBOX DATA]
learner_0003,session_0003_02,2,2026-01-06T09:00:00,mastered,21.23,18,16,16,0.8889,9.12,3,0.8889,0.9053,False,0.9229,0.9801,0.0572,0.8811,[SANDBOX DATA]
learner_0003,session_0003_03,3,2026-01-07T09:00:00,mastered,31.22,15,15,12,0.8,12.12,0,1.0,0.7404,False,0.9801,1.0,0.0199,0.8781,[SANDBOX DATA]
learner_0003,session_0003_04,4,2026-01-09T09:00:00,needs_practice,32.9,13,11,7,0.5385,19.37,5,0.8462,0.4147,True,1.0,1.0,0.0,0.606,[SANDBOX DATA]
learner_0003,session_0003_05,5,2026-01-14T09:00:00,needs_practice,16.22,11,8,4,0.3636,27.69,3,0.7273,0.5358,True,1.0,1.0,0.0,0.5617,[SANDBOX DATA]
learner_0003,session_0003_06,6,2026-01-19T09:00:00,needs_practice,34.98,16,10,10,0.625,19.1,7,0.625,0.6992,True,1.0,1.0,0.0,0.6273,[SANDBOX DATA]
learner_0003,session_0003_07,7,2026-01-21T09:00:00,improving,32.51,17,14,10,0.5882,14.7,7,0.8235,0.9009,False,1.0,1.0,0.0,0.7096,[SANDBOX DATA]
learner_0003,session_0003_08,8,2026-01-22T09:00:00,needs_practice,19.6,8,6,5,0.625,10.09,3,0.75,0.6531,True,1.0,1.0,0.0,0.6619,[SANDBOX DATA]
learner_0003,session_0003_09,9,2026-01-24T09:00:00,needs_practice,17.25,11,8,7,0.6364,29.56,6,0.7273,0.6416,True,1.0,1.0,0.0,0.6238,[SANDBOX DATA]
learner_0003,session_0003_10,10,2026-01-25T09:00:00,needs_practice,20.71,11,8,5,0.4545,16.14,5,0.7273,0.6209,False,1.0,1.0,0.0,0.5742,[SANDBOX DATA]
learner_0003,session_0003_11,11,2026-01-31T09:00:00,struggling,26.71,7,4,1,0.1429,15.99,4,0.5714,0.4619,False,1.0,1.0,0.0,0.371,[SANDBOX DATA]
learner_0004,session_0004_01,1,2026-01-01T09:00:00,improving,31.96,16,13,12,0.75,17.59,2,0.8125,0.7957,True,0.7011,0.7664,0.0654,0.7998,[SANDBOX DATA]
learner_0004,session_0004_02,2,2026-01-07T09:00:00,improving,23.99,18,15,9,0.5,12.24,5,0.8333,0.7958,False,0.7664,0.8446,0.0782,0.6869,[SANDBOX DATA]
learner_0004,session_0004_03,3,2026-01-10T09:00:00,improving,40.15,15,12,10,0.6667,9.62,2,0.8,0.8443,False,0.8446,0.8551,0.0104,0.7755,[SANDBOX DATA]
learner_0004,session_0004_04,4,2026-01-12T09:00:00,improving,17.37,16,13,11,0.6875,12.78,7,0.8125,0.8142,False,0.8551,0.9083,0.0532,0.7191,[SANDBOX DATA]
learner_0004,session_0004_05,5,2026-01-14T09:00:00,improving,22.17,15,12,10,0.6667,20.96,2,0.8,0.8079,False,0.9083,1.0,0.0917,0.7682,[SANDBOX DATA]
learner_0004,session_0004_06,6,2026-01-20T09:00:00,improving,26.44,12,9,9,0.75,14.88,2,0.75,0.6528,False,1.0,1.0,0.0,0.7472,[SANDBOX DATA]
learner_0004,session_0004_07,7,2026-01-22T09:00:00,improving,49.25,11,9,8,0.7273,13.28,3,0.8182,0.8295,False,1.0,1.0,0.0,0.7705,[SANDBOX DATA]
learner_0004,session_0004_08,8,2026-01-25T09:00:00,improving,25.06,12,10,10,0.8333,15.42,5,0.8333,0.7664,False,1.0,1.0,0.0,0.7699,[SANDBOX DATA]
learner_0005,session_0005_01,1,2026-01-01T09:00:00,mastered,26.32,8,6,7,0.875,8.33,0,0.75,0.8532,False,0.8108,0.8108,0.0,0.8644,[SANDBOX DATA]
learner_0005,session_0005_02,2,2026-01-04T09:00:00,mastered,24.62,17,17,11,0.6471,7.86,5,1.0,0.8352,False,0.8108,0.8108,0.0,0.7847,[SANDBOX DATA]
learner_0005,session_0005_03,3,2026-01-10T09:00:00,mastered,17.47,12,12,11,0.9167,7.58,2,1.0,0.8024,False,0.8108,0.8458,0.035,0.898,[SANDBOX DATA]
learner_0005,session_0005_04,4,2026-01-14T09:00:00,mastered,29.42,15,14,13,0.8667,9.6,1,0.9333,0.8047,False,0.8458,0.8676,0.0218,0.8843,[SANDBOX DATA]
learner_0005,session_0005_05,5,2026-01-16T09:00:00,mastered,14.91,17,16,14,0.8235,5.9,2,0.9412,0.8657,False,0.8676,0.8802,0.0126,0.8731,[SANDBOX DATA]
learner_0005,session_0005_06,6,2026-01-18T09:00:00,mastered,12.65,16,16,15,0.9375,10.34,2,1.0,0.873,False,0.8802,0.8839,0.0037,0.9277,[SANDBOX DATA]
learner_0005,session_0005_07,7,2026-01-21T09:00:00,improving,18.32,13,12,9,0.6923,11.92,2,0.9231,0.7672,False,0.8839,0.9427,0.0587,0.7958,[SANDBOX DATA]
learner_0005,session_0005_08,8,2026-01-24T09:00:00,improving,15.06,16,13,9,0.5625,22.4,3,0.8125,0.8091,False,0.9427,0.9587,0.0161,0.7243,[SANDBOX DATA]
learner_0005,session_0005_09,9,2026-01-27T09:00:00,mastered,23.11,19,16,16,0.8421,9.55,4,0.8421,0.8999,False,0.9587,0.9587,0.0,0.8431,[SANDBOX DATA]
learner_0006,session_0006_01,1,2026-01-01T09:00:00,struggling,29.24,10,4,4,0.4,19.5,5,0.4,0.4557,False,0.1969,0.1969,0.0,0.4311,[SANDBOX DATA]
learner_0006,session_0006_02,2,2026-01-04T09:00:00,needs_practice,24.2,13,10,7,0.5385,22.89,6,0.7692,0.5773,False,0.1969,0.251,0.0541,0.6039,[SANDBOX DATA]
learner_0006,session_0006_03,3,2026-01-05T09:00:00,needs_practice,12.89,10,7,5,0.5,11.3,3,0.7,0.6048,True,0.251,0.3157,0.0647,0.611,[SANDBOX DATA]
learner_0006,session_0006_04,4,2026-01-08T09:00:00,improving,51.28,12,9,8,0.6667,18.04,7,0.75,0.6415,False,0.3157,0.3509,0.0352,0.6325,[SANDBOX DATA]
learner_0006,session_0006_05,5,2026-01-13T09:00:00,improving,23.52,12,10,9,0.75,16.51,2,0.8333,0.877,False,0.3509,0.3536,0.0027,0.8129,[SANDBOX DATA]
learner_0006,session_0006_06,6,2026-01-17T09:00:00,mastered,15.97,22,16,17,0.7727,10.15,2,0.7273,0.9428,False,0.3536,0.3579,0.0043,0.8226,[SANDBOX DATA]
learner_0006,session_0006_07,7,2026-01-21T09:00:00,mastered,24.12,13,13,12,0.9231,8.63,1,1.0,0.9801,False,0.3579,0.3664,0.0085,0.9537,[SANDBOX DATA]
learner_0006,session_0006_08,8,2026-01-23T09:00:00,mastered,30.41,16,14,15,0.9375,5.13,0,0.875,0.6944,True,0.3664,0.3907,0.0243,0.8857,[SANDBOX DATA]
learner_0006,session_0006_09,9,2026-01-27T09:00:00,mastered,16.52,10,10,10,1.0,7.05,0,1.0,0.8623,False,0.3907,0.4055,0.0148,0.9725,[SANDBOX DATA]
learner_0006,session_0006_10,10,2026-01-30T09:00:00,mastered,17.92,16,14,12,0.75,10.68,2,0.875,0.8723,False,0.4055,0.4055,0.0,0.8307,[SANDBOX DATA]
learner_0006,session_0006_11,11,2026-02-05T09:00:00,mastered,13.03,12,12,11,0.9167,6.77,1,1.0,0.8847,True,0.4055,0.4454,0.04,0.9311,[SANDBOX DATA]
learner_0006,session_0006_12,12,2026-02-11T09:00:00,mastered,23.87,10,8,10,1.0,12.11,1,0.8,0.8879,False,0.4454,0.4874,0.042,0.9076,[SANDBOX DATA]
learner_0007,session_0007_01,1,2026-01-01T09:00:00,struggling,22.09,12,6,5,0.4167,15.0,10,0.5,0.3176,False,0.3066,0.3549,0.0482,0.3677,[SANDBOX DATA]
learner_0007,session_0007_02,2,2026-01-02T09:00:00,struggling,35.3,6,3,2,0.3333,52.53,3,0.5,0.4399,False,0.3549,0.3549,0.0,0.4296,[SANDBOX DATA]
learner_0007,session_0007_03,3,2026-01-08T09:00:00,struggling,20.87,5,3,2,0.4,40.57,2,0.6,0.3524,True,0.3549,0.3973,0.0424,0.4805,[SANDBOX DATA]
learner_0007,session_0007_04,4,2026-01-13T09:00:00,needs_practice,28.64,12,8,6,0.5,22.77,4,0.6667,0.6449,True,0.3973,0.4511,0.0538,0.604,[SANDBOX DATA]
learner_0007,session_0007_05,5,2026-01-17T09:00:00,struggling,18.59,13,7,4,0.3077,21.51,6,0.5385,0.5342,False,0.4511,0.4511,0.0,0.4568,[SANDBOX DATA]
learner_0007,session_0007_06,6,2026-01-23T09:00:00,improving,46.19,19,15,14,0.7368,38.93,4,0.7895,0.8575,False,0.4511,0.4839,0.0328,0.7847,[SANDBOX DATA]
learner_0007,session_0007_07,7,2026-01-26T09:00:00,improving,25.27,13,12,10,0.7692,17.04,2,0.9231,0.7014,True,0.4839,0.5533,0.0694,0.8095,[SANDBOX DATA]
learner_0007,session_0007_08,8,2026-01-29T09:00:00,improving,15.63,14,13,10,0.7143,16.31,3,0.9286,0.785,False,0.5533,0.5533,0.0,0.7963,[SANDBOX DATA]
learner_0008,session_0008_01,1,2026-01-01T09:00:00,improving,24.76,7,5,6,0.8571,13.18,0,0.7143,0.7134,False,0.6794,0.7142,0.0348,0.8212,[SANDBOX DATA]
learner_0008,session_0008_02,2,2026-01-04T09:00:00,improving,36.09,15,13,12,0.8,9.46,3,0.8667,0.7682,True,0.7142,0.7893,0.075,0.8103,[SANDBOX DATA]
learner_0008,session_0008_03,3,2026-01-05T09:00:00,needs_practice,19.19,8,6,5,0.625,17.21,4,0.75,0.7349,False,0.7893,0.8434,0.0541,0.6532,[SANDBOX DATA]
learner_0008,session_0008_04,4,2026-01-07T09:00:00,needs_practice,22.15,12,8,6,0.5,23.97,4,0.6667,0.6205,False,0.8434,0.8925,0.0491,0.5991,[SANDBOX DATA]
learner_0008,session_0008_05,5,2026-01-08T09:00:00,struggling,24.52,4,3,2,0.5,38.18,2,0.75,0.4431,True,0.8925,0.9016,0.0091,0.5511,[SANDBOX DATA]
learner_0008,session_0008_06,6,2026-01-13T09:00:00,needs_practice,16.41,10,7,7,0.7,17.99,4,0.7,0.6526,True,0.9016,0.9398,0.0383,0.6705,[SANDBOX DATA]
learner_0008,session_0008_07,7,2026-01-18T09:00:00,improving,24.69,7,6,5,0.7143,13.78,2,0.8571,0.8293,True,0.9398,0.9948,0.055,0.773,[SANDBOX DATA]
learner_0008,session_0008_08,8,2026-01-22T09:00:00,mastered,21.02,25,25,22,0.88,10.82,3,1.0,0.7677,False,0.9948,1.0,0.0052,0.8875,[SANDBOX DATA]
learner_0008,session_0008_09,9,2026-01-26T09:00:00,mastered,24.41,25,25,24,0.96,8.76,2,1.0,0.8897,False,1.0,1.0,0.0,0.9479,[SANDBOX DATA]
learner_0009,session_0009_01,1,2026-01-01T09:00:00,improving,25.03,8,6,5,0.625,18.82,0,0.75,0.8954,False,0.582,0.5856,0.0036,0.7853,[SANDBOX DATA]
learner_0009,session_0009_02,2,2026-01-04T09:00:00,improving,17.49,9,8,6,0.6667,18.06,2,0.8889,0.8128,False,0.5856,0.5856,0.0,0.7737,[SANDBOX DATA]
learner_0009,session_0009_03,3,2026-01-08T09:00:00,needs_practice,30.38,13,10,9,0.6923,22.41,6,0.7692,0.5778,False,0.5856,0.6303,0.0447,0.6579,[SANDBOX DATA]
learner_0009,session_0009_04,4,2026-01-12T09:00:00,needs_practice,39.77,16,10,11,0.6875,26.26,7,0.625,0.5513,False,0.6303,0.6639,0.0336,0.6196,[SANDBOX DATA]
learner_0009,session_0009_05,5,2026-01-18T09:00:00,struggling,14.25,10,5,3,0.3,41.62,7,0.5,0.3342,False,0.6639,0.705,0.0411,0.3568,[SANDBOX DATA]
learner_0009,session_0009_06,6,2026-01-24T09:00:00,struggling,20.54,9,5,3,0.3333,32.58,6,0.5556,0.3873,True,0.705,0.705,0.0,0.3997,[SANDBOX DATA]
learner_0009,session_0009_07,7,2026-01-28T09:00:00,struggling,22.07,11,5,5,0.4545,19.07,5,0.4545,0.3564,True,0.705,0.7709,0.0659,0.4531,[SANDBOX DATA]
learner_0009,session_0009_08,8,2026-02-01T09:00:00,needs_practice,20.04,17,12,9,0.5294,30.18,4,0.7059,0.5409,True,0.7709,0.8084,0.0376,0.6229,[SANDBOX DATA]
learner_0009,session_0009_09,9,2026-02-02T09:00:00,improving,22.74,18,15,13,0.7222,7.99,6,0.8333,0.7251,True,0.8084,0.8872,0.0788,0.7395,[SANDBOX DATA]
learner_0009,session_0009_10,10,2026-02-03T09:00:00,improving,25.33,14,11,12,0.8571,7.48,2,0.7857,0.7812,True,0.8872,0.9652,0.078,0.8241,[SANDBOX DATA]
learner_0010,session_0010_01,1,2026-01-01T09:00:00,improving,27.5,16,10,12,0.75,15.01,7,0.625,0.6666,True,0.7471,0.8055,0.0584,0.6646,[SANDBOX DATA]
learner_0010,session_0010_02,2,2026-01-06T09:00:00,mastered,12.75,17,15,17,1.0,8.12,0,0.8824,0.7273,False,0.8055,0.8055,0.0,0.9161,[SANDBOX DATA]
learner_0010,session_0010_03,3,2026-01-07T09:00:00,mastered,13.79,15,13,14,0.9333,6.47,1,0.8667,0.9306,True,0.8055,0.8217,0.0162,0.9161,[SANDBOX DATA]
learner_0010,session_0010_04,4,2026-01-12T09:00:00,mastered,22.31,22,22,21,0.9545,8.44,0,1.0,1.0,False,0.8217,0.8228,0.0011,0.9841,[SANDBOX DATA]
learner_0010,session_0010_05,5,2026-01-18T09:00:00,mastered,11.33,15,13,13,0.8667,7.65,1,0.8667,0.8096,False,0.8228,0.8423,0.0195,0.8686,[SANDBOX DATA]
learner_0010,session_0010_06,6,2026-01-19T09:00:00,mastered,15.17,10,10,8,0.8,5.13,0,1.0,0.8764,False,0.8423,0.8634,0.0212,0.9053,[SANDBOX DATA]
learner_0010,session_0010_07,7,2026-01-22T09:00:00,needs_practice,36.04,13,9,6,0.4615,14.66,5,0.6923,0.6462,False,0.8634,0.8841,0.0207,0.5869,[SANDBOX DATA]
learner_0010,session_0010_08,8,2026-01-23T09:00:00,needs_practice,37.25,7,5,3,0.4286,35.99,2,0.7143,0.6254,False,0.8841,0.8841,0.0,0.5965,[SANDBOX DATA]
learner_0011,session_0011_01,1,2026-01-01T09:00:00,improving,18.92,16,16,11,0.6875,18.92,3,1.0,0.7414,False,0.6204,0.6678,0.0474,0.8014,[SANDBOX DATA]
learner_0011,session_0011_02,2,2026-01-03T09:00:00,improving,21.38,17,15,11,0.6471,18.3,4,0.8824,0.903,False,0.6678,0.7034,0.0356,0.7806,[SANDBOX DATA]
learner_0011,session_0011_03,3,2026-01-09T09:00:00,needs_practice,30.25,13,10,9,0.6923,10.48,5,0.7692,0.6248,False,0.7034,0.7034,0.0,0.6827,[SANDBOX DATA]
learner_0011,session_0011_04,4,2026-01-13T09:00:00,struggling,44.36,13,5,6,0.4615,36.45,7,0.3846,0.3403,True,0.7034,0.7034,0.0,0.4181,[SANDBOX DATA]
learner_0011,session_0011_05,5,2026-01-19T09:00:00,struggling,17.37,7,4,2,0.2857,27.78,4,0.5714,0.4974,True,0.7034,0.7034,0.0,0.4281,[SANDBOX DATA]
learner_0011,session_0011_06,6,2026-01-24T09:00:00,struggling,11.4,11,6,3,0.2727,19.51,4,0.5455,0.3614,True,0.7034,0.7282,0.0247,0.4314,[SANDBOX DATA]
learner_0011,session_0011_07,7,2026-01-29T09:00:00,improving,28.28,18,15,12,0.6667,12.88,4,0.8333,0.7498,True,0.7282,0.7635,0.0353,0.7472,[SANDBOX DATA]
learner_0011,session_0011_08,8,2026-02-04T09:00:00,improving,28.53,24,22,20,0.8333,20.0,7,0.9167,0.8124,False,0.7635,0.8079,0.0444,0.825,[SANDBOX DATA]
learner_0011,session_0011_09,9,2026-02-06T09:00:00,mastered,19.15,18,17,15,0.8333,8.64,1,0.9444,0.9799,True,0.8079,0.8438,0.0359,0.9126,[SANDBOX DATA]
learner_0011,session_0011_10,10,2026-02-10T09:00:00,improving,41.93,4,3,2,0.5,26.23,0,0.75,0.826,False,0.8438,0.9183,0.0746,0.7277,[SANDBOX DATA]
learner_0011,session_0011_11,11,2026-02-13T09:00:00,improving,21.05,10,9,7,0.7,18.24,3,0.9,0.7465,False,0.9183,0.9241,0.0058,0.7593,[SANDBOX DATA]
learner_0012,session_0012_01,1,2026-01-01T09:00:00,improving,54.55,13,11,9,0.6923,16.86,2,0.8462,0.7071,False,0.4772,0.5452,0.068,0.7645,[SANDBOX DATA]
learner_0012,session_0012_02,2,2026-01-07T09:00:00,mastered,16.37,12,11,9,0.75,9.55,1,0.9167,0.6436,False,0.5452,0.577,0.0318,0.8037,[SANDBOX DATA]
learner_0012,session_0012_03,3,2026-01-09T09:00:00,mastered,20.42,17,17,15,0.8824,9.68,4,1.0,0.8555,False,0.577,0.5871,0.0101,0.8829,[SANDBOX DATA]
learner_0012,session_0012_04,4,2026-01-14T09:00:00,improving,21.77,13,11,12,0.9231,15.41,2,0.8462,0.857,False,0.5871,0.6108,0.0237,0.8753,[SANDBOX DATA]
learner_0012,session_0012_05,5,2026-01-18T09:00:00,improving,35.33,14,12,8,0.5714,9.78,4,0.8571,0.87,False,0.6108,0.6108,0.0,0.7311,[SANDBOX DATA]
learner_0012,session_0012_06,6,2026-01-23T09:00:00,needs_practice,62.48,20,14,15,0.75,24.25,8,0.7,0.6464,False,0.6108,0.6108,0.0,0.6868,[SANDBOX DATA]
learner_0012,session_0012_07,7,2026-01-25T09:00:00,needs_practice,18.55,8,5,4,0.5,20.85,3,0.625,0.5917,True,0.6108,0.6524,0.0416,0.5746,[SANDBOX DATA]
learner_0012,session_0012_08,8,2026-01-27T09:00:00,improving,20.51,11,7,8,0.7273,14.08,2,0.6364,0.7765,True,0.6524,0.7263,0.074,0.7326,[SANDBOX DATA]
learner_0013,session_0013_01,1,2026-01-01T09:00:00,improving,13.87,14,11,7,0.5,10.25,3,0.7857,0.7649,False,0.5608,0.6328,0.072,0.6816,[SANDBOX DATA]
learner_0013,session_0013_02,2,2026-01-06T09:00:00,improving,11.84,14,14,11,0.7857,20.14,5,1.0,0.7032,False,0.6328,0.6356,0.0028,0.7942,[SANDBOX DATA]
learner_0013,session_0013_03,3,2026-01-07T09:00:00,struggling,37.4,10,4,3,0.3,22.84,6,0.4,0.3697,True,0.6356,0.6929,0.0574,0.3589,[SANDBOX DATA]
learner_0013,session_0013_04,4,2026-01-13T09:00:00,struggling,23.1,11,7,2,0.1818,18.0,10,0.6364,0.2429,True,0.6929,0.7512,0.0582,0.2895,[SANDBOX DATA]
learner_0013,session_0013_05,5,2026-01-19T09:00:00,needs_practice,23.46,11,7,3,0.2727,28.39,3,0.6364,0.5091,False,0.7512,0.7668,0.0157,0.5018,[SANDBOX DATA]
learner_0013,session_0013_06,6,2026-01-20T09:00:00,improving,29.29,13,12,11,0.8462,10.89,4,0.9231,0.8812,True,0.7668,0.8426,0.0758,0.8416,[SANDBOX DATA]
learner_0013,session_0013_07,7,2026-01-26T09:00:00,improving,26.77,11,10,8,0.7273,15.36,5,0.9091,1.0,False,0.8426,0.8957,0.0531,0.7909,[SANDBOX DATA]
learner_0013,session_0013_08,8,2026-01-27T09:00:00,improving,25.41,17,16,13,0.7647,21.07,5,0.9412,0.81,False,0.8957,0.9102,0.0145,0.8061,[SANDBOX DATA]
learner_0013,session_0013_09,9,2026-01-28T09:00:00,improving,26.31,9,8,7,0.7778,8.83,2,0.8889,0.7637,False,0.9102,0.9678,0.0576,0.8027,[SANDBOX DATA]
learner_0013,session_0013_10,10,2026-02-01T09:00:00,mastered,22.59,13,12,11,0.8462,12.06,1,0.9231,0.8395,False,0.9678,0.9908,0.023,0.8794,[SANDBOX DATA]
learner_0014,session_0014_01,1,2026-01-01T09:00:00,needs_practice,34.37,10,7,7,0.7,30.75,2,0.7,0.6202,True,0.3066,0.3332,0.0266,0.704,[SANDBOX DATA]
learner_0014,session_0014_02,2,2026-01-04T09:00:00,mastered,21.07,19,18,18,0.9474,9.86,3,0.9474,0.7599,False,0.3332,0.3401,0.0069,0.8888,[SANDBOX DATA]
learner_0014,session_0014_03,3,2026-01-10T09:00:00,mastered,14.39,14,13,13,0.9286,8.69,3,0.9286,0.7542,False,0.3401,0.3472,0.007,0.8651,[SANDBOX DATA]
learner_0014,session_0014_04,4,2026-01-14T09:00:00,mastered,15.29,13,12,12,0.9231,6.79,1,0.9231,0.694,False,0.3472,0.3907,0.0435,0.8773,[SANDBOX DATA]
learner_0014,session_0014_05,5,2026-01-18T09:00:00,mastered,19.71,20,19,18,0.9,8.75,4,0.95,0.8333,False,0.3907,0.4148,0.0241,0.8792,[SANDBOX DATA]
learner_0014,session_0014_06,6,2026-01-19T09:00:00,mastered,11.04,9,9,7,0.7778,7.88,1,1.0,0.8727,False,0.4148,0.4266,0.0118,0.8745,[SANDBOX DATA]
learner_0014,session_0014_07,7,2026-01-20T09:00:00,mastered,15.02,14,13,12,0.8571,7.33,0,0.9286,0.9982,False,0.4266,0.4266,0.0,0.9318,[SANDBOX DATA]
learner_0014,session_0014_08,8,2026-01-24T09:00:00,mastered,14.71,19,17,18,0.9474,7.42,3,0.8947,0.8347,False,0.4266,0.451,0.0244,0.8906,[SANDBOX DATA]
learner_0014,session_0014_09,9,2026-01-30T09:00:00,mastered,39.81,17,15,14,0.8235,7.41,2,0.8824,0.7958,False,0.451,0.451,0.0,0.8445,[SANDBOX DATA]
learner_0015,session_0015_01,1,2026-01-01T09:00:00,needs_practice,26.91,12,9,5,0.4167,36.25,5,0.75,0.5123,False,0.3211,0.3211,0.0,0.5525,[SANDBOX DATA]
learner_0015,session_0015_02,2,2026-01-04T09:00:00,improving,33.18,14,13,9,0.6429,18.44,3,0.9286,0.6526,True,0.3211,0.3999,0.0788,0.7448,[SANDBOX DATA]
learner_0015,session_0015_03,3,2026-01-08T09:00:00,improving,22.5,17,14,12,0.7059,14.35,7,0.8235,0.7768,True,0.3999,0.4582,0.0583,0.726,[SANDBOX DATA]
learner_0015,session_0015_04,4,2026-01-11T09:00:00,mastered,9.19,22,17,19,0.8636,11.44,7,0.7727,0.9019,False,0.4582,0.4758,0.0176,0.8122,[SANDBOX DATA]
learner_0015,session_0015_05,5,2026-01-16T09:00:00,mastered,24.95,16,16,12,0.75,10.91,0,1.0,0.8096,False,0.4758,0.5037,0.0279,0.8744,[SANDBOX DATA]
learner_0015,session_0015_06,6,2026-01-22T09:00:00,needs_practice,22.08,17,13,9,0.5294,14.69,7,0.7647,0.627,False,0.5037,0.5172,0.0135,0.6195,[SANDBOX DATA]
learner_0015,session_0015_07,7,2026-01-27T09:00:00,improving,20.35,9,8,5,0.5556,10.12,1,0.8889,0.6905,True,0.5172,0.5973,0.0801,0.7326,[SANDBOX DATA]
learner_0015,session_0015_08,8,2026-01-30T09:00:00,mastered,16.21,8,8,7,0.875,8.63,1,1.0,0.7682,False,0.5973,0.5973,0.0,0.8849,[SANDBOX DATA]
learner_0015,session_0015_09,9,2026-02-02T09:00:00,mastered,19.92,22,20,20,0.9091,11.19,2,0.9091,0.7845,False,0.5973,0.5973,0.0,0.8842,[SANDBOX DATA]
learner_0016,session_0016_01,1,2026-01-01T09:00:00,improving,14.15,16,14,8,0.5,16.25,4,0.875,0.6551,False,0.5579,0.6285,0.0706,0.6748,[SANDBOX DATA]
learner_0016,session_0016_02,2,2026-01-05T09:00:00,improving,11.75,5,4,3,0.6,17.18,0,0.8,0.7356,True,0.6285,0.7123,0.0838,0.7571,[SANDBOX DATA]
learner_0016,session_0016_03,3,2026-01-09T09:00:00,needs_practice,19.98,13,8,6,0.4615,29.16,3,0.6154,0.5325,False,0.7123,0.7123,0.0,0.5757,[SANDBOX DATA]
learner_0016,session_0016_04,4,2026-01-14T09:00:00,needs_practice,19.76,11,9,4,0.3636,18.46,7,0.8182,0.512,False,0.7123,0.7315,0.0192,0.5069,[SANDBOX DATA]
learner_0016,session_0016_05,5,2026-01-18T09:00:00,struggling,17.36,9,4,5,0.5556,28.56,6,0.4444,0.3677,True,0.7315,0.7449,0.0135,0.4458,[SANDBOX DATA]
learner_0016,session_0016_06,6,2026-01-20T09:00:00,improving,20.36,19,17,13,0.6842,13.97,5,0.8947,0.7991,True,0.7449,0.8121,0.0672,0.7703,[SANDBOX DATA]
learner_0016,session_0016_07,7,2026-01-24T09:00:00,improving,22.46,12,11,6,0.5,16.01,2,0.9167,0.7937,False,0.8121,0.8579,0.0458,0.7296,[SANDBOX DATA]
learner_0016,session_0016_08,8,2026-01-26T09:00:00,improving,22.59,14,12,9,0.6429,9.97,4,0.8571,0.7985,False,0.8579,0.9051,0.0472,0.7418,[SANDBOX DATA]
learner_0016,session_0016_09,9,2026-01-30T09:00:00,improving,27.81,29,21,19,0.6552,17.09,4,0.7241,0.8698,True,0.9051,0.9592,0.0541,0.7567,[SANDBOX DATA]
learner_0016,session_0016_10,10,2026-01-31T09:00:00,improving,46.57,14,12,10,0.7143,14.87,1,0.8571,0.8181,False,0.9592,0.9845,0.0253,0.8136,[SANDBOX DATA]
learner_0016,session_0016_11,11,2026-02-03T09:00:00,improving,24.4,19,15,15,0.7895,6.87,4,0.7895,0.8847,True,0.9845,1.0,0.0155,0.8085,[SANDBOX DATA]
learner_0016,session_0016_12,12,2026-02-07T09:00:00,improving,21.26,10,10,7,0.7,19.78,2,1.0,0.7189,False,1.0,1.0,0.0,0.7988,[SANDBOX DATA]
learner_0017,session_0017_01,1,2026-01-01T09:00:00,mastered,12.15,10,8,9,0.9,10.41,2,0.8,0.8318,False,0.935,0.935,0.0,0.8414,[SANDBOX DATA]
learner_0017,session_0017_02,2,2026-01-05T09:00:00,mastered,20.56,16,15,15,0.9375,8.93,3,0.9375,0.8526,True,0.935,0.9427,0.0077,0.8955,[SANDBOX DATA]
learner_0017,session_0017_03,3,2026-01-06T09:00:00,mastered,14.73,12,12,11,0.9167,5.25,0,1.0,0.911,False,0.9427,0.9601,0.0174,0.953,[SANDBOX DATA]
learner_0017,session_0017_04,4,2026-01-09T09:00:00,needs_practice,29.02,12,9,7,0.5833,22.35,6,0.75,0.6855,False,0.9601,0.9997,0.0396,0.6288,[SANDBOX DATA]
learner_0017,session_0017_05,5,2026-01-15T09:00:00,needs_practice,22.64,15,10,7,0.4667,26.88,7,0.6667,0.7321,False,0.9997,0.9998,0.0,0.5831,[SANDBOX DATA]
learner_0017,session_0017_06,6,2026-01-21T09:00:00,needs_practice,35.69,11,8,7,0.6364,19.33,6,0.7273,0.6372,True,0.9998,1.0,0.0002,0.6229,[SANDBOX DATA]
learner_0017,session_0017_07,7,2026-01-24T09:00:00,needs_practice,30.72,12,9,10,0.8333,17.76,4,0.75,0.6278,False,1.0,1.0,0.0,0.7381,[SANDBOX DATA]
learner_0017,session_0017_08,8,2026-01-28T09:00:00,struggling,19.45,9,5,2,0.2222,38.86,7,0.5556,0.4149,False,1.0,1.0,0.0,0.3441,[SANDBOX DATA]
learner_0017,session_0017_09,9,2026-02-03T09:00:00,improving,27.04,10,8,6,0.6,18.38,2,0.8,0.7045,False,1.0,1.0,0.0,0.7109,[SANDBOX DATA]
learner_0018,session_0018_01,1,2026-01-01T09:00:00,struggling,58.88,10,6,4,0.4,24.57,6,0.6,0.271,False,0.0763,0.0763,0.0,0.4242,[SANDBOX DATA]
learner_0018,session_0018_02,2,2026-01-04T09:00:00,needs_practice,28.75,10,6,6,0.6,26.49,2,0.6,0.6229,True,0.0763,0.0763,0.0,0.6446,[SANDBOX DATA]
learner_0018,session_0018_03,3,2026-01-06T09:00:00,improving,18.81,14,11,10,0.7143,17.98,6,0.7857,0.7435,False,0.0763,0.1366,0.0603,0.7094,[SANDBOX DATA]
learner_0018,session_0018_04,4,2026-01-09T09:00:00,improving,32.97,8,6,6,0.75,15.05,2,0.75,0.6612,False,0.1366,0.1624,0.0258,0.7322,[SANDBOX DATA]
learner_0018,session_0018_05,5,2026-01-13T09:00:00,mastered,12.25,18,16,14,0.7778,6.52,2,0.8889,0.7965,False,0.1624,0.176,0.0136,0.8315,[SANDBOX DATA]
learner_0018,session_0018_06,6,2026-01-19T09:00:00,mastered,16.18,17,15,16,0.9412,7.71,2,0.8824,0.8756,False,0.176,0.176,0.0,0.9016,[SANDBOX DATA]
learner_0018,session_0018_07,7,2026-01-21T09:00:00,mastered,7.82,15,15,14,0.9333,9.57,1,1.0,0.6898,True,0.176,0.2162,0.0401,0.9013,[SANDBOX DATA]
learner_0018,session_0018_08,8,2026-01-24T09:00:00,mastered,23.73,12,10,9,0.75,8.03,0,0.8333,0.9305,True,0.2162,0.2274,0.0113,0.8569,[SANDBOX DATA]
learner_0018,session_0018_09,9,2026-01-25T09:00:00,mastered,14.87,16,16,14,0.875,11.86,0,1.0,0.909,False,0.2274,0.2766,0.0492,0.9381,[SANDBOX DATA]
learner_0019,session_0019_01,1,2026-01-01T09:00:00,mastered,26.84,19,17,18,0.9474,11.35,3,0.8947,0.8394,True,0.8255,0.8493,0.0237,0.8916,[SANDBOX DATA]
learner_0019,session_0019_02,2,2026-01-04T09:00:00,mastered,20.48,20,20,18,0.9,12.43,0,1.0,0.9023,False,0.8493,0.8651,0.0158,0.9455,[SANDBOX DATA]
learner_0019,session_0019_03,3,2026-01-08T09:00:00,mastered,20.46,13,13,13,1.0,8.41,1,1.0,0.9712,False,0.8651,0.8651,0.0,0.9789,[SANDBOX DATA]
learner_0019,session_0019_04,4,2026-01-13T09:00:00,mastered,30.11,11,10,9,0.8182,6.1,0,0.9091,0.8407,False,0.8651,0.9216,0.0565,0.8818,[SANDBOX DATA]
learner_0019,session_0019_05,5,2026-01-19T09:00:00,mastered,25.99,9,9,8,0.8889,5.38,0,1.0,0.8024,False,0.9216,0.9263,0.0046,0.9216,[SANDBOX DATA]
learner_0019,session_0019_06,6,2026-01-22T09:00:00,mastered,22.61,13,13,12,0.9231,12.18,3,1.0,0.8002,False,0.9263,0.9485,0.0222,0.887,[SANDBOX DATA]
learner_0019,session_0019_07,7,2026-01-26T09:00:00,mastered,30.22,13,12,11,0.8462,10.96,0,0.9231,0.8708,True,0.9485,0.9588,0.0103,0.9011,[SANDBOX DATA]
learner_0019,session_0019_08,8,2026-01-27T09:00:00,mastered,18.27,19,16,16,0.8421,10.68,4,0.8421,0.9335,False,0.9588,0.9731,0.0143,0.8499,[SANDBOX DATA]
learner_0020,session_0020_01,1,2026-01-01T09:00:00,mastered,20.05,16,16,14,0.875,8.6,1,1.0,0.8443,False,0.8304,0.8496,0.0192,0.9126,[SANDBOX DATA]
learner_0020,session_0020_02,2,2026-01-06T09:00:00,mastered,22.02,17,15,15,0.8824,8.24,3,0.8824,0.8079,False,0.8496,0.8496,0.0,0.8557,[SANDBOX DATA]
learner_0020,session_0020_03,3,2026-01-10T09:00:00,mastered,26.55,17,14,14,0.8235,10.5,3,0.8235,0.8575,False,0.8496,0.858,0.0085,0.8303,[SANDBOX DATA]
learner_0020,session_0020_04,4,2026-01-13T09:00:00,mastered,37.63,24,21,24,1.0,6.15,1,0.875,0.8882,False,0.858,0.8587,0.0006,0.9381,[SANDBOX DATA]
learner_0020,session_0020_05,5,2026-01-15T09:00:00,mastered,10.01,26,26,25,0.9615,8.71,4,1.0,0.8023,False,0.8587,0.886,0.0273,0.9162,[SANDBOX DATA]
learner_0020,session_0020_06,6,2026-01-17T09:00:00,mastered,15.33,13,12,12,0.9231,7.32,1,0.9231,0.9597,False,0.886,0.886,0.0,0.9304,[SANDBOX DATA]
learner_0020,session_0020_07,7,2026-01-18T09:00:00,mastered,11.58,21,19,17,0.8095,7.55,1,0.9048,0.9858,False,0.886,0.9012,0.0152,0.8972,[SANDBOX DATA]
learner_0020,session_0020_08,8,2026-01-21T09:00:00,improving,28.04,15,15,11,0.7333,18.85,0,1.0,0.7095,False,0.9012,0.9453,0.0441,0.8486,[SANDBOX DATA]
learner_0020,session_0020_09,9,2026-01-22T09:00:00,improving,24.02,14,11,12,0.8571,14.99,6,0.7857,0.8413,True,0.9453,1.0,0.0547,0.779,[SANDBOX DATA]
learner_0020,session_0020_10,10,2026-01-27T09:00:00,mastered,14.86,18,18,16,0.8889,11.58,0,1.0,0.9536,False,1.0,1.0,0.0,0.9518,[SANDBOX DATA]
learner_0020,session_0020_11,11,2026-02-02T09:00:00,mastered,16.17,6,5,5,0.8333,11.01,0,0.8333,0.8809,False,1.0,1.0,0.0,0.8762,[SANDBOX DATA]
learner_0021,session_0021_01,1,2026-01-01T09:00:00,struggling,26.61,4,3,1,0.25,40.9,3,0.75,0.4634,False,0.0867,0.0953,0.0086,0.4177,[SANDBOX DATA]
learner_0021,session_0021_02,2,2026-01-06T09:00:00,struggling,31.72,9,5,3,0.3333,56.79,6,0.5556,0.2857,False,0.0953,0.0953,0.0,0.3794,[SANDBOX DATA]
learner_0021,session_0021_03,3,2026-01-08T09:00:00,struggling,19.26,14,8,6,0.4286,46.89,6,0.5714,0.4505,True,0.0953,0.1139,0.0186,0.4972,[SANDBOX DATA]
learner_0021,session_0021_04,4,2026-01-13T09:00:00,needs_practice,21.21,14,10,8,0.5714,24.33,4,0.7143,0.7328,False,0.1139,0.1495,0.0356,0.668,[SANDBOX DATA]
learner_0021,session_0021_05,5,2026-01-14T09:00:00,struggling,25.93,11,7,3,0.2727,19.78,4,0.6364,0.3135,True,0.1495,0.1941,0.0446,0.4445,[SANDBOX DATA]
learner_0021,session_0021_06,6,2026-01-20T09:00:00,struggling,11.49,12,6,3,0.25,27.59,7,0.5,0.4155,False,0.1941,0.2276,0.0335,0.3789,[SANDBOX DATA]
learner_0021,session_0021_07,7,2026-01-22T09:00:00,needs_practice,45.78,12,8,5,0.4167,15.46,4,0.6667,0.7512,True,0.2276,0.3038,0.0762,0.5961,[SANDBOX DATA]
learner_0021,session_0021_08,8,2026-01-23T09:00:00,needs_practice,15.44,16,10,9,0.5625,17.41,2,0.625,0.6056,False,0.3038,0.3038,0.0,0.6492,[SANDBOX DATA]
learner_0021,session_0021_09,9,2026-01-26T09:00:00,needs_practice,18.19,15,10,8,0.5333,19.25,1,0.6667,0.6753,True,0.3038,0.342,0.0382,0.6751,[SANDBOX DATA]
learner_0022,session_0022_01,1,2026-01-01T09:00:00,needs_practice,35.85,8,6,5,0.625,16.84,2,0.75,0.4795,True,0.462,0.5201,0.0581,0.6521,[SANDBOX DATA]
learner_0022,session_0022_02,2,2026-01-02T09:00:00,struggling,21.52,11,6,4,0.3636,32.21,3,0.5455,0.4109,False,0.5201,0.5427,0.0227,0.4913,[SANDBOX DATA]
learner_0022,session_0022_03,3,2026-01-03T09:00:00,needs_practice,20.13,14,9,8,0.5714,22.12,3,0.6429,0.6341,True,0.5427,0.5462,0.0034,0.6447,[SANDBOX DATA]
learner_0022,session_0022_04,4,2026-01-08T09:00:00,improving,18.21,13,13,8,0.6154,10.56,7,1.0,0.743,False,0.5462,0.5811,0.0349,0.7063,[SANDBOX DATA]
learner_0022,session_0022_05,5,2026-01-12T09:00:00,mastered,16.58,8,8,7,0.875,5.77,0,1.0,0.9637,False,0.5811,0.5936,0.0125,0.949,[SANDBOX DATA]
learner_0022,session_0022_06,6,2026-01-14T09:00:00,improving,28.67,11,10,7,0.6364,18.17,2,0.9091,0.8498,False,0.5936,0.5982,0.0046,0.7836,[SANDBOX DATA]
learner_0022,session_0022_07,7,2026-01-19T09:00:00,mastered,24.57,19,19,18,0.9474,10.91,3,1.0,0.8605,False,0.5982,0.6068,0.0086,0.9221,[SANDBOX DATA]
learner_0022,session_0022_08,8,2026-01-23T09:00:00,mastered,15.3,15,15,15,1.0,7.63,1,1.0,0.9108,False,0.6068,0.6219,0.0152,0.9688,[SANDBOX DATA]
learner_0023,session_0023_01,1,2026-01-01T09:00:00,improving,41.96,16,14,13,0.8125,17.75,4,0.875,0.7285,False,0.6945,0.7638,0.0692,0.7988,[SANDBOX DATA]
learner_0023,session_0023_02,2,2026-01-05T09:00:00,improving,18.53,13,10,8,0.6154,12.4,2,0.7692,0.7373,True,0.7638,0.8058,0.042,0.7244,[SANDBOX DATA]
learner_0023,session_0023_03,3,2026-01-09T09:00:00,improving,32.54,14,12,10,0.7143,18.37,1,0.8571,0.7707,False,0.8058,0.8989,0.0931,0.8041,[SANDBOX DATA]
learner_0023,session_0023_04,4,2026-01-13T09:00:00,improving,18.15,26,23,16,0.6154,17.39,5,0.8846,0.7985,False,0.8989,0.9457,0.0469,0.7578,[SANDBOX DATA]
learner_0023,session_0023_05,5,2026-01-19T09:00:00,mastered,26.42,17,17,14,0.8235,7.71,2,1.0,0.8676,False,0.9457,0.9813,0.0355,0.8882,[SANDBOX DATA]
learner_0023,session_0023_06,6,2026-01-21T09:00:00,mastered,31.24,18,18,14,0.7778,10.54,2,1.0,0.7931,False,0.9813,1.0,0.0187,0.8586,[SANDBOX DATA]
learner_0023,session_0023_07,7,2026-01-26T09:00:00,mastered,18.41,18,17,15,0.8333,6.88,1,0.9444,0.7006,False,1.0,1.0,0.0,0.8568,[SANDBOX DATA]
learner_0023,session_0023_08,8,2026-01-30T09:00:00,mastered,20.03,14,14,13,0.9286,9.0,0,1.0,0.8913,False,1.0,1.0,0.0,0.9533,[SANDBOX DATA]
learner_0024,session_0024_01,1,2026-01-01T09:00:00,mastered,14.27,28,28,27,0.9643,9.18,2,1.0,0.8352,False,0.8018,0.8321,0.0303,0.9402,[SANDBOX DATA]
learner_0024,session_0024_02,2,2026-01-03T09:00:00,mastered,18.26,23,23,18,0.7826,10.31,2,1.0,0.8799,False,0.8321,0.8525,0.0204,0.8825,[SANDBOX DATA]
learner_0024,session_0024_03,3,2026-01-07T09:00:00,mastered,31.25,8,7,8,1.0,7.51,0,0.875,0.8284,False,0.8525,0.8809,0.0285,0.9344,[SANDBOX DATA]
learner_0024,session_0024_04,4,2026-01-13T09:00:00,mastered,11.22,18,16,17,0.9444,12.08,2,0.8889,0.6608,False,0.8809,0.9173,0.0363,0.8627,[SANDBOX DATA]
learner_0024,session_0024_05,5,2026-01-17T09:00:00,mastered,13.84,10,10,9,0.9,8.36,2,1.0,1.0,False,0.9173,0.9431,0.0259,0.925,[SANDBOX DATA]
learner_0024,session_0024_06,6,2026-01-19T09:00:00,needs_practice,39.07,9,7,2,0.2222,10.63,4,0.7778,0.6291,True,0.9431,1.0,0.0569,0.5092,[SANDBOX DATA]
learner_0024,session_0024_07,7,2026-01-20T09:00:00,needs_practice,33.37,5,4,2,0.4,32.97,2,0.8,0.6174,True,1.0,1.0,0.0,0.5835,[SANDBOX DATA]
learner_0024,session_0024_08,8,2026-01-25T09:00:00,struggling,24.59,13,8,7,0.5385,30.26,7,0.6154,0.5502,False,1.0,1.0,0.0,0.5447,[SANDBOX DATA]
learner_0024,session_0024_09,9,2026-01-30T09:00:00,struggling,16.82,10,7,5,0.5,25.47,7,0.7,0.3917,False,1.0,1.0,0.0,0.4883,[SANDBOX DATA]
learner_0025,session_0025_01,1,2026-01-01T09:00:00,improving,28.54,14,11,9,0.6429,14.25,2,0.7857,0.8389,True,0.614,0.6657,0.0517,0.7606,[SANDBOX DATA]
learner_0025,session_0025_02,2,2026-01-03T09:00:00,mastered,21.99,14,13,13,0.9286,10.16,0,0.9286,0.8132,False,0.6657,0.6996,0.0339,0.9198,[SANDBOX DATA]
learner_0025,session_0025_03,3,2026-01-04T09:00:00,mastered,15.15,13,13,12,0.9231,10.26,0,1.0,0.9597,False,0.6996,0.7011,0.0014,0.965,[SANDBOX DATA]
learner_0025,session_0025_04,4,2026-01-05T09:00:00,mastered,15.37,24,24,20,0.8333,7.61,0,1.0,0.8959,False,0.7011,0.7187,0.0176,0.9209,[SANDBOX DATA]
learner_0025,session_0025_05,5,2026-01-06T09:00:00,mastered,19.69,18,17,17,0.9444,12.36,0,0.9444,0.742,False,0.7187,0.7494,0.0307,0.9151,[SANDBOX DATA]
learner_0025,session_0025_06,6,2026-01-09T09:00:00,mastered,12.21,9,8,8,0.8889,10.83,3,0.8889,0.8923,False,0.7494,0.7829,0.0336,0.8451,[SANDBOX DATA]
learner_0025,session_0025_07,7,2026-01-11T09:00:00,mastered,13.68,9,9,9,1.0,7.64,1,1.0,0.7987,True,0.7829,0.8452,0.0622,0.9375,[SANDBOX DATA]
learner_0025,session_0025_08,8,2026-01-12T09:00:00,mastered,18.28,24,24,19,0.7917,7.34,0,1.0,1.0,False,0.8452,0.8645,0.0193,0.9271,[SANDBOX DATA]
learner_0025,session_0025_09,9,2026-01-14T09:00:00,mastered,17.06,17,17,15,0.8824,9.43,1,1.0,0.8994,False,0.8645,0.8789,0.0144,0.9269,[SANDBOX DATA]
learner_0025,session_0025_10,10,2026-01-16T09:00:00,improving,19.39,13,12,9,0.6923,12.81,1,0.9231,0.8653,False,0.8789,0.9732,0.0943,0.8307,[SANDBOX DATA]
learner_0025,session_0025_11,11,2026-01-22T09:00:00,improving,18.95,12,10,10,0.8333,14.5,3,0.8333,0.8016,False,0.9732,1.0,0.0268,0.8103,[SANDBOX DATA]
learner_0025,session_0025_12,12,2026-01-27T09:00:00,mastered,14.55,15,14,13,0.8667,6.25,0,0.9333,0.9237,False,1.0,1.0,0.0,0.9214,[SANDBOX DATA]
learner_0026,session_0026_01,1,2026-01-01T09:00:00,needs_practice,21.76,7,5,4,0.5714,28.7,4,0.7143,0.4791,False,0.5257,0.5502,0.0244,0.5601,[SANDBOX DATA]
learner_0026,session_0026_02,2,2026-01-07T09:00:00,needs_practice,34.27,15,9,7,0.4667,25.16,3,0.6,0.5415,True,0.5502,0.5726,0.0224,0.5816,[SANDBOX DATA]
learner_0026,session_0026_03,3,2026-01-10T09:00:00,needs_practice,30.92,20,16,13,0.65,13.85,8,0.8,0.5865,False,0.5726,0.6217,0.0491,0.6648,[SANDBOX DATA]
learner_0026,session_0026_04,4,2026-01-12T09:00:00,needs_practice,44.16,7,5,4,0.5714,23.27,1,0.7143,0.6233,False,0.6217,0.6593,0.0376,0.6747,[SANDBOX DATA]
learner_0026,session_0026_05,5,2026-01-13T09:00:00,needs_practice,35.32,14,10,11,0.7857,28.94,9,0.7143,0.4871,True,0.6593,0.7048,0.0455,0.6224,[SANDBOX DATA]
learner_0026,session_0026_06,6,2026-01-16T09:00:00,needs_practice,29.35,4,3,2,0.5,34.04,0,0.75,0.5812,False,0.7048,0.7522,0.0474,0.6787,[SANDBOX DATA]
learner_0026,session_0026_07,7,2026-01-19T09:00:00,needs_practice,20.05,7,5,4,0.5714,22.81,2,0.7143,0.5525,False,0.7522,0.794,0.0418,0.6319,[SANDBOX DATA]
learner_0026,session_0026_08,8,2026-01-20T09:00:00,needs_practice,44.86,12,8,8,0.6667,18.65,1,0.6667,0.7515,True,0.794,0.8317,0.0376,0.7336,[SANDBOX DATA]
learner_0026,session_0026_09,9,2026-01-26T09:00:00,needs_practice,52.74,16,10,4,0.25,20.74,7,0.625,0.7065,False,0.8317,0.8472,0.0156,0.4976,[SANDBOX DATA]
learner_0026,session_0026_10,10,2026-01-30T09:00:00,needs_practice,15.34,12,8,6,0.5,36.69,5,0.6667,0.7244,True,0.8472,0.9039,0.0566,0.6032,[SANDBOX DATA]
learner_0026,session_0026_11,11,2026-02-04T09:00:00,needs_practice,20.93,14,10,7,0.5,25.07,2,0.7143,0.6554,False,0.9039,0.9128,0.009,0.6561,[SANDBOX DATA]
learner_0027,session_0027_01,1,2026-01-01T09:00:00,struggling,30.56,11,7,5,0.4545,26.46,5,0.6364,0.4819,True,0.1865,0.2103,0.0238,0.5237,[SANDBOX DATA]
learner_0027,session_0027_02,2,2026-01-05T09:00:00,struggling,24.3,10,5,4,0.4,19.19,5,0.5,0.4811,False,0.2103,0.2349,0.0246,0.4612,[SANDBOX DATA]
learner_0027,session_0027_03,3,2026-01-11T09:00:00,struggling,20.28,11,6,3,0.2727,19.6,7,0.5455,0.2393,True,0.2349,0.2465,0.0116,0.3524,[SANDBOX DATA]
learner_0027,session_0027_04,4,2026-01-12T09:00:00,struggling,19.92,6,3,2,0.3333,34.85,3,0.5,0.3978,True,0.2465,0.3034,0.0569,0.4212,[SANDBOX DATA]
learner_0027,session_0027_05,5,2026-01-18T09:00:00,needs_practice,29.24,10,6,5,0.5,12.79,3,0.6,0.4819,True,0.3034,0.3281,0.0247,0.5614,[SANDBOX DATA]
learner_0027,session_0027_06,6,2026-01-21T09:00:00,needs_practice,27.39,18,11,8,0.4444,29.4,9,0.6111,0.6768,False,0.3281,0.3389,0.0108,0.5437,[SANDBOX DATA]
learner_0027,session_0027_07,7,2026-01-25T09:00:00,improving,29.71,14,12,10,0.7143,7.76,3,0.8571,0.7514,False,0.3389,0.3855,0.0466,0.7717,[SANDBOX DATA]
learner_0027,session_0027_08,8,2026-01-28T09:00:00,improving,26.22,15,15,11,0.7333,20.64,3,1.0,0.81,False,0.3855,0.4437,0.0581,0.8287,[SANDBOX DATA]
learner_0027,session_0027_09,9,2026-02-03T09:00:00,needs_practice,39.59,13,11,6,0.4615,21.68,5,0.8462,0.7786,True,0.4437,0.4865,0.0429,0.6519,[SANDBOX DATA]
learner_0028,session_0028_01,1,2026-01-01T09:00:00,struggling,18.22,6,4,2,0.3333,20.13,2,0.6667,0.4281,True,0.1953,0.1953,0.0,0.5023,[SANDBOX DATA]
learner_0028,session_0028_02,2,2026-01-02T09:00:00,struggling,45.3,13,9,4,0.3077,38.22,4,0.6923,0.4899,True,0.1953,0.2463,0.051,0.5172,[SANDBOX DATA]
learner_0028,session_0028_03,3,2026-01-08T09:00:00,needs_practice,19.63,11,9,6,0.5455,33.3,3,0.8182,0.7063,False,0.2463,0.2812,0.0349,0.6822,[SANDBOX DATA]
learner_0028,session_0028_04,4,2026-01-09T09:00:00,needs_practice,47.65,11,7,6,0.5455,24.23,6,0.6364,0.6609,True,0.2812,0.3213,0.0401,0.5731,[SANDBOX DATA]
learner_0028,session_0028_05,5,2026-01-14T09:00:00,struggling,24.93,6,4,2,0.3333,16.07,5,0.6667,0.4508,True,0.3213,0.3213,0.0,0.4068,[SANDBOX DATA]
learner_0028,session_0028_06,6,2026-01-20T09:00:00,struggling,20.61,13,8,7,0.5385,40.42,7,0.6154,0.3606,True,0.3213,0.3601,0.0388,0.5067,[SANDBOX DATA]
learner_0028,session_0028_07,7,2026-01-24T09:00:00,needs_practice,27.86,8,6,4,0.5,14.05,3,0.75,0.7541,True,0.3601,0.3802,0.0201,0.6383,[SANDBOX DATA]
learner_0028,session_0028_08,8,2026-01-28T09:00:00,needs_practice,38.68,6,4,3,0.5,17.29,1,0.6667,0.6349,False,0.3802,0.3802,0.0,0.6353,[SANDBOX DATA]
learner_0028,session_0028_09,9,2026-01-31T09:00:00,needs_practice,30.84,11,7,9,0.8182,15.13,3,0.6364,0.5762,False,0.3802,0.4339,0.0537,0.7062,[SANDBOX DATA]
learner_0028,session_0028_10,10,2026-02-02T09:00:00,needs_practice,35.09,8,7,3,0.375,32.83,1,0.875,0.5088,False,0.4339,0.4557,0.0218,0.6268,[SANDBOX DATA]
learner_0028,session_0028_11,11,2026-02-04T09:00:00,needs_practice,50.15,12,8,7,0.5833,16.44,2,0.6667,0.4718,False,0.4557,0.5055,0.0498,0.6319,[SANDBOX DATA]
learner_0028,session_0028_12,12,2026-02-08T09:00:00,needs_practice,33.89,10,7,5,0.5,15.83,6,0.7,0.7818,False,0.5055,0.5055,0.0,0.5864,[SANDBOX DATA]
learner_0029,session_0029_01,1,2026-01-01T09:00:00,struggling,17.51,16,10,9,0.5625,30.63,10,0.625,0.4699,False,0.3304,0.3304,0.0,0.5221,[SANDBOX DATA]
learner_0029,session_0029_02,2,2026-01-06T09:00:00,struggling,16.02,8,5,1,0.125,29.37,5,0.625,0.4654,False,0.3304,0.3304,0.0,0.3681,[SANDBOX DATA]
learner_0029,session_0029_03,3,2026-01-08T09:00:00,struggling,27.24,15,8,8,0.5333,21.24,10,0.5333,0.335,False,0.3304,0.3341,0.0037,0.4537,[SANDBOX DATA]
learner_0029,session_0029_04,4,2026-01-10T09:00:00,struggling,16.97,5,3,2,0.4,33.01,3,0.6,0.4264,True,0.3341,0.3503,0.0162,0.4553,[SANDBOX DATA]
learner_0029,session_0029_05,5,2026-01-11T09:00:00,struggling,24.27,9,5,2,0.2222,35.79,4,0.5556,0.4257,True,0.3503,0.3836,0.0332,0.4129,[SANDBOX DATA]
learner_0029,session_0029_06,6,2026-01-12T09:00:00,struggling,18.64,10,5,3,0.3,26.31,5,0.5,0.3803,True,0.3836,0.3972,0.0137,0.4061,[SANDBOX DATA]
learner_0029,session_0029_07,7,2026-01-16T09:00:00,needs_practice,25.68,11,9,7,0.6364,20.57,5,0.8182,0.6557,True,0.3972,0.4566,0.0594,0.6675,[SANDBOX DATA]
learner_0029,session_0029_08,8,2026-01-18T09:00:00,needs_practice,34.76,14,10,6,0.4286,15.71,6,0.7143,0.4691,True,0.4566,0.4566,0.0,0.5367,[SANDBOX DATA]
learner_0029,session_0029_09,9,2026-01-23T09:00:00,needs_practice,19.6,11,9,8,0.7273,17.94,4,0.8182,0.59,False,0.4566,0.4566,0.0,0.7044,[SANDBOX DATA]
learner_0030,session_0030_01,1,2026-01-01T09:00:00,mastered,12.44,23,22,20,0.8696,7.46,2,0.9565,0.9586,False,0.948,0.9506,0.0025,0.9178,[SANDBOX DATA]
learner_0030,session_0030_02,2,2026-01-07T09:00:00,mastered,20.73,11,10,9,0.8182,8.46,0,0.9091,0.8214,False,0.9506,0.9683,0.0178,0.8779,[SANDBOX DATA]
learner_0030,session_0030_03,3,2026-01-08T09:00:00,mastered,16.2,16,15,14,0.875,8.54,1,0.9375,0.9483,False,0.9683,0.9868,0.0185,0.9178,[SANDBOX DATA]
learner_0030,session_0030_04,4,2026-01-14T09:00:00,mastered,38.11,23,22,23,1.0,9.66,3,0.9565,0.8545,False,0.9868,0.9868,0.0,0.9339,[SANDBOX DATA]
learner_0030,session_0030_05,5,2026-01-20T09:00:00,mastered,19.97,16,16,11,0.6875,8.79,1,1.0,0.8151,False,0.9868,0.9907,0.0039,0.8412,[SANDBOX DATA]
learner_0030,session_0030_06,6,2026-01-25T09:00:00,mastered,18.59,12,10,11,0.9167,8.13,1,0.8333,0.9371,False,0.9907,1.0,0.0093,0.8999,[SANDBOX DATA]
learner_0030,session_0030_07,7,2026-01-27T09:00:00,mastered,12.28,24,21,22,0.9167,10.36,0,0.875,0.8408,False,1.0,1.0,0.0,0.9077,[SANDBOX DATA]
learner_0030,session_0030_08,8,2026-01-31T09:00:00,mastered,12.15,11,10,11,1.0,9.76,0,0.9091,0.8845,False,1.0,1.0,0.0,0.9542,[SANDBOX DATA]
learner_0031,session_0031_01,1,2026-01-01T09:00:00,improving,15.24,12,12,9,0.75,9.29,6,1.0,0.7291,False,0.6244,0.6854,0.0611,0.7583,[SANDBOX DATA]
learner_0031,session_0031_02,2,2026-01-02T09:00:00,improving,23.06,8,6,4,0.5,10.95,2,0.75,0.8882,True,0.6854,0.7303,0.0449,0.6901,[SANDBOX DATA]
learner_0031,session_0031_03,3,2026-01-04T09:00:00,improving,22.95,10,8,7,0.7,16.89,4,0.8,0.6919,False,0.7303,0.7756,0.0453,0.7034,[SANDBOX DATA]
learner_0031,session_0031_04,4,2026-01-10T09:00:00,improving,15.2,11,10,7,0.6364,18.81,4,0.9091,0.8117,False,0.7756,0.8506,0.075,0.7396,[SANDBOX DATA]
learner_0031,session_0031_05,5,2026-01-11T09:00:00,needs_practice,30.72,10,8,5,0.5,16.06,3,0.8,0.616,False,0.8506,0.8506,0.0,0.6382,[SANDBOX DATA]
learner_0031,session_0031_06,6,2026-01-16T09:00:00,improving,19.38,14,11,10,0.7143,15.12,4,0.7857,0.8587,False,0.8506,0.8749,0.0243,0.761,[SANDBOX DATA]
learner_0031,session_0031_07,7,2026-01-17T09:00:00,needs_practice,47.96,11,7,5,0.4545,15.03,3,0.6364,0.4949,False,0.8749,0.9008,0.0259,0.5626,[SANDBOX DATA]
learner_0031,session_0031_08,8,2026-01-22T09:00:00,improving,27.73,13,11,10,0.7692,18.93,0,0.8462,0.7514,False,0.9008,0.9256,0.0249,0.831,[SANDBOX DATA]
learner_0032,session_0032_01,1,2026-01-01T09:00:00,improving,38.0,12,11,7,0.5833,13.69,3,0.9167,0.7257,True,0.5323,0.5896,0.0574,0.7285,[SANDBOX DATA]
learner_0032,session_0032_02,2,2026-01-02T09:00:00,improving,34.2,15,13,13,0.8667,13.68,2,0.8667,0.713,True,0.5896,0.6712,0.0816,0.8359,[SANDBOX DATA]
learner_0032,session_0032_03,3,2026-01-04T09:00:00,mastered,32.9,23,22,23,1.0,11.46,3,0.9565,0.8956,False,0.6712,0.6712,0.0,0.9422,[SANDBOX DATA]
learner_0032,session_0032_04,4,2026-01-10T09:00:00,improving,17.84,22,18,15,0.6818,15.91,11,0.8182,0.827,False,0.6712,0.6981,0.0269,0.7086,[SANDBOX DATA]
learner_0032,session_0032_05,5,2026-01-12T09:00:00,needs_practice,64.77,13,9,7,0.5385,21.63,2,0.6923,0.5045,False,0.6981,0.7144,0.0163,0.6317,[SANDBOX DATA]
learner_0032,session_0032_06,6,2026-01-13T09:00:00,needs_practice,28.2,11,8,6,0.5455,23.86,5,0.7273,0.6501,True,0.7144,0.7584,0.044,0.6118,[SANDBOX DATA]
learner_0032,session_0032_07,7,2026-01-17T09:00:00,needs_practice,36.86,6,4,3,0.5,22.26,2,0.6667,0.614,False,0.7584,0.7584,0.0,0.5978,[SANDBOX DATA]
learner_0032,session_0032_08,8,2026-01-23T09:00:00,needs_practice,28.36,10,7,5,0.5,29.93,7,0.7,0.5904,False,0.7584,0.7779,0.0195,0.5281,[SANDBOX DATA]
learner_0032,session_0032_09,9,2026-01-26T09:00:00,improving,13.71,20,15,19,0.95,15.28,2,0.75,0.8242,False,0.7779,0.8366,0.0588,0.8648,[SANDBOX DATA]
learner_0032,session_0032_10,10,2026-02-01T09:00:00,needs_practice,27.78,8,6,4,0.5,26.92,1,0.75,0.7375,False,0.8366,0.8706,0.034,0.685,[SANDBOX DATA]
learner_0032,session_0032_11,11,2026-02-03T09:00:00,needs_practice,23.96,9,6,4,0.4444,30.12,2,0.6667,0.5613,False,0.8706,0.9089,0.0383,0.59,[SANDBOX DATA]
learner_0032,session_0032_12,12,2026-02-05T09:00:00,mastered,23.38,11,11,9,0.8182,11.61,0,1.0,0.8743,False,0.9089,0.9148,0.0059,0.9112,[SANDBOX DATA]
learner_0033,session_0033_01,1,2026-01-01T09:00:00,struggling,24.48,11,5,6,0.5455,31.94,7,0.4545,0.3752,True,0.0701,0.1441,0.074,0.4523,[SANDBOX DATA]
learner_0033,session_0033_02,2,2026-01-05T09:00:00,struggling,13.82,16,10,6,0.375,13.43,10,0.625,0.4263,True,0.1441,0.2327,0.0886,0.4478,[SANDBOX DATA]
learner_0033,session_0033_03,3,2026-01-08T09:00:00,needs_practice,34.5,18,13,14,0.7778,28.95,4,0.7222,0.5397,False,0.2327,0.2327,0.0,0.7163,[SANDBOX DATA]
learner_0033,session_0033_04,4,2026-01-10T09:00:00,needs_practice,14.69,12,10,4,0.3333,24.97,9,0.8333,0.5994,True,0.2327,0.3111,0.0784,0.4949,[SANDBOX DATA]
learner_0033,session_0033_05,5,2026-01-13T09:00:00,struggling,22.26,7,4,4,0.5714,24.46,3,0.5714,0.6817,True,0.3111,0.3281,0.017,0.5935,[SANDBOX DATA]
learner_0033,session_0033_06,6,2026-01-14T09:00:00,struggling,17.41,7,4,3,0.4286,27.24,3,0.5714,0.3521,False,0.3281,0.3281,0.0,0.4776,[SANDBOX DATA]
learner_0033,session_0033_07,7,2026-01-19T09:00:00,needs_practice,29.72,12,8,6,0.5,33.57,5,0.6667,0.6586,False,0.3281,0.3283,0.0002,0.5901,[SANDBOX DATA]
learner_0033,session_0033_08,8,2026-01-24T09:00:00,needs_practice,44.36,9,6,5,0.5556,30.04,4,0.6667,0.6894,False,0.3283,0.3364,0.0081,0.6101,[SANDBOX DATA]
learner_0033,session_0033_09,9,2026-01-27T09:00:00,needs_practice,33.82,7,6,3,0.4286,14.85,1,0.8571,0.6515,False,0.3364,0.3756,0.0392,0.666,[SANDBOX DATA]
learner_0033,session_0033_10,10,2026-02-01T09:00:00,needs_practice,21.45,12,10,8,0.6667,18.1,3,0.8333,0.5629,True,0.3756,0.4214,0.0459,0.7042,[SANDBOX DATA]
learner_0033,session_0033_11,11,2026-02-03T09:00:00,improving,14.41,13,10,9,0.6923,17.17,4,0.7692,0.9142,True,0.4214,0.4913,0.0699,0.7559,[SANDBOX DATA]
learner_0034,session_0034_01,1,2026-01-01T09:00:00,improving,27.38,12,10,6,0.5,16.54,2,0.8333,0.7997,True,0.7125,0.7873,0.0748,0.7099,[SANDBOX DATA]
learner_0034,session_0034_02,2,2026-01-07T09:00:00,improving,17.94,11,8,8,0.7273,9.58,1,0.7273,0.7446,True,0.7873,0.8748,0.0875,0.7671,[SANDBOX DATA]
learner_0034,session_0034_03,3,2026-01-12T09:00:00,improving,16.47,18,14,14,0.7778,11.61,1,0.7778,0.7823,False,0.8748,0.8748,0.0,0.812,[SANDBOX DATA]
learner_0034,session_0034_04,4,2026-01-16T09:00:00,improving,24.3,14,12,11,0.7857,11.47,6,0.8571,0.8215,False,0.8748,0.8911,0.0163,0.7679,[SANDBOX DATA]
learner_0034,session_0034_05,5,2026-01-21T09:00:00,improving,17.45,18,16,12,0.6667,13.11,7,0.8889,0.8071,True,0.8911,0.9243,0.0332,0.7392,[SANDBOX DATA]
learner_0034,session_0034_06,6,2026-01-25T09:00:00,improving,29.25,11,8,9,0.8182,9.41,3,0.7273,0.9217,False,0.9243,0.9243,0.0,0.798,[SANDBOX DATA]
learner_0034,session_0034_07,7,2026-01-31T09:00:00,improving,21.19,11,10,8,0.7273,17.3,1,0.9091,0.7496,False,0.9243,0.9846,0.0603,0.8135,[SANDBOX DATA]
learner_0034,session_0034_08,8,2026-02-04T09:00:00,struggling,38.47,8,4,2,0.25,27.53,5,0.5,0.5438,False,0.9846,1.0,0.0154,0.3963,[SANDBOX DATA]
learner_0034,session_0034_09,9,2026-02-09T09:00:00,struggling,21.58,6,4,3,0.5,31.22,3,0.6667,0.5125,True,1.0,1.0,0.0,0.5442,[SANDBOX DATA]
learner_0034,session_0034_10,10,2026-02-13T09:00:00,struggling,28.38,9,4,4,0.4444,24.15,2,0.4444,0.343,True,1.0,1.0,0.0,0.4908,[SANDBOX DATA]
learner_0035,session_0035_01,1,2026-01-01T09:00:00,mastered,18.12,18,18,15,0.8333,8.46,2,1.0,0.9272,False,0.9025,0.9082,0.0057,0.9049,[SANDBOX DATA]
learner_0035,session_0035_02,2,2026-01-03T09:00:00,mastered,14.71,11,11,10,0.9091,11.81,1,1.0,0.9231,False,0.9082,0.9184,0.0103,0.9346,[SANDBOX DATA]
learner_0035,session_0035_03,3,2026-01-06T09:00:00,mastered,19.98,20,19,19,0.95,7.6,2,0.95,0.8387,False,0.9184,0.9393,0.0208,0.9177,[SANDBOX DATA]
learner_0035,session_0035_04,4,2026-01-12T09:00:00,mastered,17.74,23,20,20,0.8696,7.67,2,0.8696,0.9142,False,0.9393,0.9807,0.0414,0.8872,[SANDBOX DATA]
learner_0035,session_0035_05,5,2026-01-14T09:00:00,mastered,12.82,15,14,13,0.8667,5.25,1,0.9333,0.761,False,0.9807,0.9807,0.0,0.8755,[SANDBOX DATA]
learner_0035,session_0035_06,6,2026-01-16T09:00:00,mastered,14.08,21,20,17,0.8095,7.16,1,0.9524,0.8665,False,0.9807,0.9844,0.0038,0.8852,[SANDBOX DATA]
learner_0035,session_0035_07,7,2026-01-18T09:00:00,mastered,23.89,10,9,9,0.9,6.91,0,0.9,0.886,False,0.9844,0.9844,0.0,0.9172,[SANDBOX DATA]
learner_0035,session_0035_08,8,2026-01-20T09:00:00,mastered,19.23,7,6,7,1.0,9.68,0,0.8571,0.8794,False,0.9844,0.9857,0.0013,0.9402,[SANDBOX DATA]
learner_0035,session_0035_09,9,2026-01-24T09:00:00,mastered,22.92,12,11,9,0.75,7.07,2,0.9167,0.6645,False,0.9857,1.0,0.0143,0.7912,[SANDBOX DATA]
learner_0035,session_0035_10,10,2026-01-30T09:00:00,mastered,25.5,11,11,10,0.9091,14.05,0,1.0,0.917,False,1.0,1.0,0.0,0.9516,[SANDBOX DATA]
learner_0036,session_0036_01,1,2026-01-01T09:00:00,mastered,20.12,13,13,12,0.9231,4.17,0,1.0,0.9157,False,0.846,0.8856,0.0396,0.9562,[SANDBOX DATA]
learner_0036,session_0036_02,2,2026-01-03T09:00:00,needs_practice,18.74,10,5,7,0.7,23.58,4,0.5,0.5818,False,0.8856,0.8968,0.0112,0.6064,[SANDBOX DATA]
learner_0036,session_0036_03,3,2026-01-06T09:00:00,improving,39.24,14,11,11,0.7857,23.54,2,0.7857,0.8479,True,0.8968,0.9699,0.0731,0.8124,[SANDBOX DATA]
learner_0036,session_0036_04,4,2026-01-09T09:00:00,improving,28.39,11,11,8,0.7273,16.56,1,1.0,0.8394,False,0.9699,1.0,0.0301,0.8542,[SANDBOX DATA]
learner_0036,session_0036_05,5,2026-01-11T09:00:00,improving,26.72,15,15,9,0.6,13.18,2,1.0,0.7462,True,1.0,1.0,0.0,0.7826,[SANDBOX DATA]
learner_0036,session_0036_06,6,2026-01-15T09:00:00,improving,17.6,17,15,10,0.5882,14.81,4,0.8824,0.9272,False,1.0,1.0,0.0,0.7648,[SANDBOX DATA]
learner_0036,session_0036_07,7,2026-01-17T09:00:00,improving,17.41,15,11,9,0.6,10.54,3,0.7333,0.5285,False,1.0,1.0,0.0,0.659,[SANDBOX DATA]
learner_0036,session_0036_08,8,2026-01-18T09:00:00,improving,42.55,14,12,9,0.6429,14.74,3,0.8571,0.7611,False,1.0,1.0,0.0,0.7486,[SANDBOX DATA]
learner_0036,session_0036_09,9,2026-01-19T09:00:00,mastered,18.94,15,15,13,0.8667,10.37,1,1.0,0.9509,False,1.0,1.0,0.0,0.9302,[SANDBOX DATA]
learner_0036,session_0036_10,10,2026-01-23T09:00:00,improving,18.98,17,15,11,0.6471,17.73,1,0.8824,0.8857,True,1.0,1.0,0.0,0.8124,[SANDBOX DATA]
learner_0036,session_0036_11,11,2026-01-28T09:00:00,improving,25.9,13,9,9,0.6923,12.13,4,0.6923,0.7644,False,1.0,1.0,0.0,0.7067,[SANDBOX DATA]
learner_0037,session_0037_01,1,2026-01-01T09:00:00,needs_practice,28.76,19,15,10,0.5263,29.66,7,0.7895,0.5808,False,0.4543,0.481,0.0267,0.6241,[SANDBOX DATA]
learner_0037,session_0037_02,2,2026-01-04T09:00:00,improving,28.98,13,12,10,0.7692,17.05,5,0.9231,0.7094,False,0.481,0.5669,0.0859,0.765,[SANDBOX DATA]
learner_0037,session_0037_03,3,2026-01-09T09:00:00,improving,22.06,7,6,3,0.4286,11.43,3,0.8571,0.7998,False,0.5669,0.6039,0.037,0.6385,[SANDBOX DATA]
learner_0037,session_0037_04,4,2026-01-13T09:00:00,improving,22.3,9,8,8,0.8889,7.66,3,0.8889,0.7175,False,0.6039,0.6692,0.0653,0.8102,[SANDBOX DATA]
learner_0037,session_0037_05,5,2026-01-14T09:00:00,mastered,16.37,13,13,11,0.8462,8.59,2,1.0,0.7816,False,0.6692,0.6692,0.0,0.8717,[SANDBOX DATA]
learner_0037,session_0037_06,6,2026-01-20T09:00:00,mastered,21.48,13,11,11,0.8462,9.39,1,0.8462,0.8363,False,0.6692,0.7271,0.0579,0.8596,[SANDBOX DATA]
learner_0037,session_0037_07,7,2026-01-24T09:00:00,mastered,31.58,17,17,14,0.8235,11.73,0,1.0,0.896,False,0.7271,0.7696,0.0426,0.9174,[SANDBOX DATA]
learner_0037,session_0037_08,8,2026-01-27T09:00:00,mastered,16.57,18,17,14,0.7778,8.84,3,0.9444,0.9782,False,0.7696,0.7893,0.0197,0.8706,[SANDBOX DATA]
learner_0037,session_0037_09,9,2026-01-30T09:00:00,improving,14.5,15,9,14,0.9333,17.85,2,0.6,0.8386,False,0.7893,0.8629,0.0735,0.8177,[SANDBOX DATA]
learner_0037,session_0037_10,10,2026-01-31T09:00:00,improving,33.62,20,18,14,0.7,17.65,7,0.9,0.743,True,0.8629,0.9763,0.1134,0.7486,[SANDBOX DATA]
learner_0037,session_0037_11,11,2026-02-05T09:00:00,improving,24.43,15,10,11,0.7333,14.82,2,0.6667,0.9305,False,0.9763,1.0,0.0237,0.7828,[SANDBOX DATA]
learner_0037,session_0037_12,12,2026-02-08T09:00:00,needs_practice,23.71,15,8,8,0.5333,19.41,7,0.5333,0.5147,True,1.0,1.0,0.0,0.5296,[SANDBOX DATA]
learner_0038,session_0038_01,1,2026-01-01T09:00:00,struggling,15.41,6,3,3,0.5,38.4,6,0.5,0.422,True,0.1229,0.1682,0.0453,0.3844,[SANDBOX DATA]
learner_0038,session_0038_02,2,2026-01-04T09:00:00,struggling,33.62,9,5,2,0.2222,24.92,7,0.5556,0.325,False,0.1682,0.1682,0.0,0.3261,[SANDBOX DATA]
learner_0038,session_0038_03,3,2026-01-07T09:00:00,struggling,15.28,8,5,3,0.375,24.78,4,0.625,0.4063,True,0.1682,0.1975,0.0293,0.4688,[SANDBOX DATA]
learner_0038,session_0038_04,4,2026-01-12T09:00:00,needs_practice,22.24,12,6,8,0.6667,23.18,7,0.5,0.6256,False,0.1975,0.2221,0.0246,0.5668,[SANDBOX DATA]
learner_0038,session_0038_05,5,2026-01-14T09:00:00,improving,38.59,12,11,8,0.6667,14.58,4,0.9167,0.8086,False,0.2221,0.297,0.0749,0.7575,[SANDBOX DATA]
learner_0038,session_0038_06,6,2026-01-19T09:00:00,needs_practice,29.47,15,9,8,0.5333,27.37,5,0.6,0.5068,True,0.297,0.3752,0.0781,0.5714,[SANDBOX DATA]
learner_0038,session_0038_07,7,2026-01-21T09:00:00,mastered,26.05,15,13,15,1.0,10.29,0,0.8667,0.9005,False,0.3752,0.4007,0.0255,0.9468,[SANDBOX DATA]
learner_0038,session_0038_08,8,2026-01-26T09:00:00,mastered,15.0,16,16,16,1.0,9.83,1,1.0,0.9704,False,0.4007,0.4145,0.0138,0.9816,[SANDBOX DATA]
learner_0039,session_0039_01,1,2026-01-01T09:00:00,mastered,18.51,14,14,11,0.7857,7.62,1,1.0,0.841,False,0.8732,0.8901,0.0169,0.8789,[SANDBOX DATA]
learner_0039,session_0039_02,2,2026-01-06T09:00:00,mastered,16.02,15,14,12,0.8,11.52,4,0.9333,0.8304,False,0.8901,0.9135,0.0234,0.8261,[SANDBOX DATA]
learner_0039,session_0039_03,3,2026-01-12T09:00:00,improving,19.48,12,10,7,0.5833,26.53,2,0.8333,0.8112,False,0.9135,0.9461,0.0326,0.7414,[SANDBOX DATA]
learner_0039,session_0039_04,4,2026-01-15T09:00:00,improving,24.43,21,19,16,0.7619,20.72,6,0.9048,0.784,False,0.9461,0.9847,0.0386,0.7925,[SANDBOX DATA]
learner_0039,session_0039_05,5,2026-01-19T09:00:00,improving,19.59,15,12,8,0.5333,9.14,6,0.8,0.8042,True,0.9847,1.0,0.0153,0.6675,[SANDBOX DATA]
learner_0039,session_0039_06,6,2026-01-25T09:00:00,needs_practice,33.93,16,11,10,0.625,16.38,9,0.6875,0.5365,False,1.0,1.0,0.0,0.5854,[SANDBOX DATA]
learner_0039,session_0039_07,7,2026-01-29T09:00:00,struggling,20.73,5,2,2,0.4,16.73,3,0.4,0.2879,False,1.0,1.0,0.0,0.3776,[SANDBOX DATA]
learner_0039,session_0039_08,8,2026-02-02T09:00:00,struggling,11.68,8,4,4,0.5,21.68,8,0.5,0.3982,False,1.0,1.0,0.0,0.3796,[SANDBOX DATA]
learner_0040,session_0040_01,1,2026-01-01T09:00:00,needs_practice,21.32,17,11,11,0.6471,16.91,4,0.6471,0.6161,False,0.2663,0.2794,0.0131,0.6644,[SANDBOX DATA]
learner_0040,session_0040_02,2,2026-01-06T09:00:00,needs_practice,34.69,9,6,4,0.4444,15.33,2,0.6667,0.6023,False,0.2794,0.332,0.0526,0.5982,[SANDBOX DATA]
learner_0040,session_0040_03,3,2026-01-11T09:00:00,needs_practice,23.2,18,12,7,0.3889,20.99,3,0.6667,0.7061,True,0.332,0.3431,0.0111,0.6107,[SANDBOX DATA]
learner_0040,session_0040_04,4,2026-01-14T09:00:00,needs_practice,43.21,7,5,3,0.4286,27.92,4,0.7143,0.6687,True,0.3431,0.3823,0.0392,0.548,[SANDBOX DATA]
learner_0040,session_0040_05,5,2026-01-17T09:00:00,needs_practice,53.38,11,8,6,0.5455,16.74,3,0.7273,0.5062,False,0.3823,0.4002,0.0179,0.6194,[SANDBOX DATA]
learner_0040,session_0040_06,6,2026-01-21T09:00:00,needs_practice,35.49,12,8,7,0.5833,15.56,6,0.6667,0.5106,True,0.4002,0.4413,0.0411,0.573,[SANDBOX DATA]
learner_0040,session_0040_07,7,2026-01-22T09:00:00,improving,20.4,12,12,10,0.8333,9.06,5,1.0,0.7192,False,0.4413,0.4537,0.0124,0.8022,[SANDBOX DATA]
learner_0040,session_0040_08,8,2026-01-25T09:00:00,needs_practice,30.49,13,8,6,0.4615,17.07,8,0.6154,0.4506,True,0.4537,0.4778,0.0242,0.4824,[SANDBOX DATA]
learner_0040,session_0040_09,9,2026-01-28T09:00:00,improving,18.21,12,11,7,0.5833,20.35,4,0.9167,0.7726,False,0.4778,0.4989,0.0211,0.7212,[SANDBOX DATA]
learner_0040,session_0040_10,10,2026-01-30T09:00:00,improving,52.42,15,13,10,0.6667,12.27,0,0.8667,1.0,True,0.4989,0.5808,0.0819,0.85,[SANDBOX DATA]
learner_0040,session_0040_11,11,2026-02-01T09:00:00,improving,32.54,16,14,12,0.75,17.49,6,0.875,0.893,True,0.5808,0.6409,0.0601,0.7849,[SANDBOX DATA]
learner_0041,session_0041_01,1,2026-01-01T09:00:00,mastered,12.97,15,14,13,0.8667,6.23,0,0.9333,0.7731,False,0.8903,0.9164,0.0261,0.8913,[SANDBOX DATA]
learner_0041,session_0041_02,2,2026-01-02T09:00:00,mastered,15.45,13,13,11,0.8462,12.14,1,1.0,0.9541,False,0.9164,0.9518,0.0353,0.9216,[SANDBOX DATA]
learner_0041,session_0041_03,3,2026-01-07T09:00:00,mastered,20.61,19,16,17,0.8947,8.33,3,0.8421,0.8367,False,0.9518,0.9574,0.0056,0.8594,[SANDBOX DATA]
learner_0041,session_0041_04,4,2026-01-09T09:00:00,mastered,13.22,15,15,14,0.9333,11.72,0,1.0,0.9644,False,0.9574,0.9592,0.0019,0.9695,[SANDBOX DATA]
learner_0041,session_0041_05,5,2026-01-14T09:00:00,mastered,32.74,20,17,16,0.8,10.17,1,0.85,0.8991,True,0.9592,1.0,0.0408,0.8623,[SANDBOX DATA]
learner_0041,session_0041_06,6,2026-01-19T09:00:00,improving,17.71,14,11,9,0.6429,19.49,2,0.7857,0.8272,False,1.0,1.0,0.0,0.7583,[SANDBOX DATA]
learner_0041,session_0041_07,7,2026-01-24T09:00:00,improving,21.43,17,15,13,0.7647,11.13,5,0.8824,0.8103,True,1.0,1.0,0.0,0.7915,[SANDBOX DATA]
learner_0041,session_0041_08,8,2026-01-25T09:00:00,improving,29.58,23,18,22,0.9565,15.47,5,0.7826,0.7766,False,1.0,1.0,0.0,0.8423,[SANDBOX DATA]
learner_0041,session_0041_09,9,2026-01-27T09:00:00,needs_practice,42.4,13,11,10,0.7692,21.92,5,0.8462,0.677,False,1.0,1.0,0.0,0.7393,[SANDBOX DATA]
learner_0042,session_0042_01,1,2026-01-01T09:00:00,mastered,26.2,20,17,15,0.75,9.59,3,0.85,0.8276,False,0.8194,0.8347,0.0153,0.8105,[SANDBOX DATA]
learner_0042,session_0042_02,2,2026-01-05T09:00:00,mastered,13.54,23,23,21,0.913,9.94,1,1.0,0.9682,True,0.8347,0.8956,0.0609,0.9545,[SANDBOX DATA]
learner_0042,session_0042_03,3,2026-01-10T09:00:00,mastered,26.75,20,18,18,0.9,5.43,2,0.9,0.7851,False,0.8956,0.9181,0.0226,0.877,[SANDBOX DATA]
learner_0042,session_0042_04,4,2026-01-16T09:00:00,mastered,19.97,3,3,3,1.0,5.55,1,1.0,0.8693,True,0.9181,0.9794,0.0613,0.9072,[SANDBOX DATA]
learner_0042,session_0042_05,5,2026-01-18T09:00:00,mastered,19.93,13,13,13,1.0,9.01,3,1.0,0.9046,False,0.9794,0.9851,0.0056,0.9348,[SANDBOX DATA]
learner_0042,session_0042_06,6,2026-01-22T09:00:00,mastered,17.92,21,21,18,0.8571,8.45,3,1.0,0.8266,False,0.9851,1.0,0.0149,0.8868,[SANDBOX DATA]
learner_0042,session_0042_07,7,2026-01-23T09:00:00,mastered,26.88,12,11,12,1.0,6.31,0,0.9167,0.8137,False,1.0,1.0,0.0,0.9419,[SANDBOX DATA]
learner_0042,session_0042_08,8,2026-01-24T09:00:00,mastered,22.09,20,17,19,0.95,8.32,1,0.85,0.8804,False,1.0,1.0,0.0,0.9111,[SANDBOX DATA]
learner_0042,session_0042_09,9,2026-01-26T09:00:00,mastered,18.19,26,26,24,0.9231,12.42,2,1.0,0.9889,False,1.0,1.0,0.0,0.9555,[SANDBOX DATA]
learner_0042,session_0042_10,10,2026-02-01T09:00:00,mastered,11.78,14,13,12,0.8571,8.91,0,0.9286,0.8252,True,1.0,1.0,0.0,0.8972,[SANDBOX DATA]
learner_0042,session_0042_11,11,2026-02-03T09:00:00,mastered,20.1,23,22,19,0.8261,7.6,1,0.9565,0.9059,True,1.0,1.0,0.0,0.9007,[SANDBOX DATA]
learner_0042,session_0042_12,12,2026-02-04T09:00:00,mastered,27.03,18,17,16,0.8889,12.44,1,0.9444,0.8104,False,1.0,1.0,0.0,0.8982,[SANDBOX DATA]
learner_0043,session_0043_01,1,2026-01-01T09:00:00,improving,39.06,13,11,10,0.7692,14.29,3,0.8462,0.702,False,0.5969,0.662,0.0652,0.775,[SANDBOX DATA]
learner_0043,session_0043_02,2,2026-01-07T09:00:00,improving,34.55,14,12,10,0.7143,10.91,3,0.8571,0.8509,False,0.662,0.7238,0.0618,0.7916,[SANDBOX DATA]
learner_0043,session_0043_03,3,2026-01-11T09:00:00,mastered,18.1,12,10,11,0.9167,14.5,0,0.8333,0.8222,False,0.7238,0.7238,0.0,0.8936,[SANDBOX DATA]
learner_0043,session_0043_04,4,2026-01-17T09:00:00,mastered,23.68,19,17,18,0.9474,10.78,0,0.8947,0.702,True,0.7238,0.7534,0.0296,0.8957,[SANDBOX DATA]
learner_0043,session_0043_05,5,2026-01-21T09:00:00,mastered,15.04,17,14,15,0.8824,9.95,1,0.8235,0.8304,False,0.7534,0.7623,0.009,0.869,[SANDBOX DATA]
learner_0043,session_0043_06,6,2026-01-22T09:00:00,improving,33.22,12,10,9,0.75,11.78,4,0.8333,0.6672,False,0.7623,0.8128,0.0504,0.7376,[SANDBOX DATA]
learner_0043,session_0043_07,7,2026-01-25T09:00:00,improving,24.67,10,7,7,0.7,15.77,3,0.7,0.7085,False,0.8128,0.8719,0.0591,0.7017,[SANDBOX DATA]
learner_0043,session_0043_08,8,2026-01-27T09:00:00,improving,28.47,10,9,7,0.7,24.76,4,0.9,0.807,False,0.8719,0.9349,0.063,0.7514,[SANDBOX DATA]
learner_0044,session_0044_01,1,2026-01-01T09:00:00,mastered,16.94,22,22,20,0.9091,7.79,3,1.0,1.0,False,0.8293,0.8293,0.0,0.9409,[SANDBOX DATA]
learner_0044,session_0044_02,2,2026-01-04T09:00:00,mastered,28.78,16,16,14,0.875,6.09,0,1.0,0.8734,False,0.8293,0.8372,0.0079,0.9309,[SANDBOX DATA]
learner_0044,session_0044_03,3,2026-01-09T09:00:00,mastered,25.78,12,12,12,1.0,6.91,0,1.0,0.8349,True,0.8372,0.8644,0.0273,0.967,[SANDBOX DATA]
learner_0044,session_0044_04,4,2026-01-14T09:00:00,improving,34.67,20,17,15,0.75,14.18,5,0.85,0.7534,False,0.8644,0.943,0.0786,0.7757,[SANDBOX DATA]
learner_0044,session_0044_05,5,2026-01-18T09:00:00,mastered,20.55,14,14,12,0.8571,9.23,2,1.0,0.9537,False,0.943,0.9477,0.0048,0.9122,[SANDBOX DATA]
learner_0044,session_0044_06,6,2026-01-19T09:00:00,needs_practice,26.17,11,8,6,0.5455,24.43,5,0.7273,0.673,True,0.9477,0.9929,0.0452,0.6164,[SANDBOX DATA]
learner_0044,session_0044_07,7,2026-01-25T09:00:00,struggling,5.0,10,6,4,0.4,24.24,5,0.6,0.56,False,0.9929,0.9929,0.0,0.502,[SANDBOX DATA]
learner_0044,session_0044_08,8,2026-01-29T09:00:00,needs_practice,17.18,16,9,10,0.625,17.62,4,0.5625,0.5934,False,0.9929,1.0,0.0071,0.6281,[SANDBOX DATA]
learner_0044,session_0044_09,9,2026-01-31T09:00:00,struggling,23.96,12,7,4,0.3333,15.74,7,0.5833,0.488,True,1.0,1.0,0.0,0.4434,[SANDBOX DATA]
learner_0044,session_0044_10,10,2026-02-02T09:00:00,needs_practice,16.35,8,5,5,0.625,15.76,2,0.625,0.5985,False,1.0,1.0,0.0,0.6447,[SANDBOX DATA]
learner_0045,session_0045_01,1,2026-01-01T09:00:00,needs_practice,24.22,17,11,11,0.6471,25.44,6,0.6471,0.6381,False,0.4148,0.4456,0.0308,0.6453,[SANDBOX DATA]
learner_0045,session_0045_02,2,2026-01-06T09:00:00,struggling,29.8,6,4,3,0.5,33.03,3,0.6667,0.4213,True,0.4456,0.4813,0.0357,0.5259,[SANDBOX DATA]
learner_0045,session_0045_03,3,2026-01-12T09:00:00,needs_practice,24.8,10,7,3,0.3,21.22,2,0.7,0.5931,True,0.4813,0.5443,0.0629,0.5586,[SANDBOX DATA]
learner_0045,session_0045_04,4,2026-01-16T09:00:00,needs_practice,39.22,14,8,9,0.6429,24.81,7,0.5714,0.4999,True,0.5443,0.5899,0.0456,0.5678,[SANDBOX DATA]
learner_0045,session_0045_05,5,2026-01-20T09:00:00,struggling,32.53,9,5,5,0.5556,24.79,7,0.5556,0.5522,False,0.5899,0.5986,0.0087,0.4882,[SANDBOX DATA]
learner_0045,session_0045_06,6,2026-01-24T09:00:00,struggling,21.59,11,5,6,0.5455,33.78,6,0.4545,0.53,False,0.5986,0.6043,0.0057,0.5015,[SANDBOX DATA]
learner_0045,session_0045_07,7,2026-01-26T09:00:00,struggling,32.61,9,4,4,0.4444,25.11,4,0.4444,0.408,True,0.6043,0.628,0.0236,0.4594,[SANDBOX DATA]
learner_0045,session_0045_08,8,2026-02-01T09:00:00,struggling,29.97,7,4,3,0.4286,26.07,4,0.5714,0.4972,True,0.628,0.6428,0.0148,0.478,[SANDBOX DATA]
learner_0045,session_0045_09,9,2026-02-04T09:00:00,struggling,23.67,8,5,3,0.375,27.89,5,0.625,0.4786,False,0.6428,0.684,0.0412,0.4582,[SANDBOX DATA]
learner_0045,session_0045_10,10,2026-02-07T09:00:00,struggling,31.32,12,5,4,0.3333,33.15,10,0.4167,0.397,False,0.684,0.7005,0.0165,0.3336,[SANDBOX DATA]
learner_0045,session_0045_11,11,2026-02-10T09:00:00,needs_practice,31.92,14,9,8,0.5714,13.94,3,0.6429,0.5682,False,0.7005,0.7494,0.049,0.6315,[SANDBOX DATA]
learner_0045,session_0045_12,12,2026-02-14T09:00:00,mastered,17.68,21,21,21,1.0,9.87,0,1.0,0.8612,False,0.7494,0.79,0.0406,0.9722,[SANDBOX DATA]
learner_0046,session_0046_01,1,2026-01-01T09:00:00,mastered,18.16,23,22,23,1.0,10.03,2,0.9565,0.8538,False,0.9491,0.9558,0.0067,0.9425,[SANDBOX DATA]
learner_0046,session_0046_02,2,2026-01-06T09:00:00,mastered,32.84,13,13,11,0.8462,10.77,2,1.0,0.8963,True,0.9558,0.9988,0.043,0.8946,[SANDBOX DATA]
learner_0046,session_0046_03,3,2026-01-09T09:00:00,mastered,18.37,18,18,15,0.8333,8.47,1,1.0,0.7837,False,0.9988,0.9994,0.0006,0.8873,[SANDBOX DATA]
learner_0046,session_0046_04,4,2026-01-12T09:00:00,mastered,22.14,20,17,18,0.9,6.06,0,0.85,0.9411,True,0.9994,1.0,0.0006,0.9157,[SANDBOX DATA]
learner_0046,session_0046_05,5,2026-01-18T09:00:00,mastered,22.7,16,16,12,0.75,11.11,0,1.0,1.0,False,1.0,1.0,0.0,0.9125,[SANDBOX DATA]
learner_0046,session_0046_06,6,2026-01-21T09:00:00,mastered,20.9,18,18,15,0.8333,10.94,3,1.0,0.8473,False,1.0,1.0,0.0,0.8778,[SANDBOX DATA]
learner_0046,session_0046_07,7,2026-01-22T09:00:00,mastered,35.09,17,17,15,0.8824,9.28,3,1.0,0.8941,False,1.0,1.0,0.0,0.9024,[SANDBOX DATA]
learner_0046,session_0046_08,8,2026-01-25T09:00:00,improving,21.77,12,10,7,0.5833,11.98,2,0.8333,0.8364,True,1.0,1.0,0.0,0.7464,[SANDBOX DATA]
learner_0046,session_0046_09,9,2026-01-26T09:00:00,mastered,19.18,14,12,13,0.9286,9.56,0,0.8571,0.7624,False,1.0,1.0,0.0,0.8918,[SANDBOX DATA]
learner_0046,session_0046_10,10,2026-01-28T09:00:00,mastered,19.48,19,17,18,0.9474,4.27,2,0.8947,0.7663,False,1.0,1.0,0.0,0.8875,[SANDBOX DATA]
learner_0046,session_0046_11,11,2026-02-01T09:00:00,mastered,23.03,6,5,5,0.8333,7.05,0,0.8333,0.9652,False,1.0,1.0,0.0,0.893,[SANDBOX DATA]
learner_0046,session_0046_12,12,2026-02-06T09:00:00,mastered,11.41,15,15,13,0.8667,11.14,4,1.0,1.0,False,1.0,1.0,0.0,0.9,[SANDBOX DATA]
learner_0047,session_0047_01,1,2026-01-01T09:00:00,needs_practice,36.29,14,10,6,0.4286,13.66,7,0.7143,0.6901,True,0.4934,0.5576,0.0642,0.5666,[SANDBOX DATA]
learner_0047,session_0047_02,2,2026-01-05T09:00:00,improving,16.44,14,11,11,0.7857,12.77,4,0.7857,0.8681,True,0.5576,0.6074,0.0498,0.7879,[SANDBOX DATA]
learner_0047,session_0047_03,3,2026-01-06T09:00:00,mastered,18.58,17,15,15,0.8824,10.57,2,0.8824,0.8029,False,0.6074,0.6074,0.0,0.8665,[SANDBOX DATA]
learner_0047,session_0047_04,4,2026-01-07T09:00:00,mastered,18.51,10,9,8,0.8,15.03,0,0.9,0.7038,False,0.6074,0.6074,0.0,0.8458,[SANDBOX DATA]
learner_0047,session_0047_05,5,2026-01-08T09:00:00,mastered,11.13,15,13,15,1.0,7.58,1,0.8667,0.8532,False,0.6074,0.6294,0.022,0.924,[SANDBOX DATA]
learner_0047,session_0047_06,6,2026-01-10T09:00:00,mastered,13.4,17,17,15,0.8824,7.54,1,1.0,0.9046,False,0.6294,0.6404,0.0111,0.928,[SANDBOX DATA]
learner_0047,session_0047_07,7,2026-01-16T09:00:00,mastered,28.42,13,13,11,0.8462,9.33,1,1.0,0.9962,True,0.6404,0.6587,0.0182,0.93,[SANDBOX DATA]
learner_0047,session_0047_08,8,2026-01-21T09:00:00,mastered,25.56,17,17,15,0.8824,6.26,0,1.0,0.9829,False,0.6587,0.6715,0.0129,0.9554,[SANDBOX DATA]
learner_0047,session_0047_09,9,2026-01-24T09:00:00,mastered,24.59,21,20,18,0.8571,6.91,1,0.9524,0.9958,False,0.6715,0.6919,0.0203,0.9277,[SANDBOX DATA]
learner_0047,session_0047_10,10,2026-01-28T09:00:00,needs_practice,41.88,15,10,7,0.4667,10.86,4,0.6667,0.5559,True,0.6919,0.7494,0.0575,0.5878,[SANDBOX DATA]
learner_0048,session_0048_01,1,2026-01-01T09:00:00,needs_practice,20.89,20,17,10,0.5,21.49,8,0.85,0.6638,False,0.297,0.297,0.0,0.6403,[SANDBOX DATA]
learner_0048,session_0048_02,2,2026-01-06T09:00:00,needs_practice,47.72,13,8,5,0.3846,36.31,4,0.6154,0.6227,True,0.297,0.3153,0.0182,0.5515,[SANDBOX DATA]
learner_0048,session_0048_03,3,2026-01-12T09:00:00,needs_practice,15.21,8,7,3,0.375,22.6,5,0.875,0.6016,False,0.3153,0.3566,0.0414,0.5453,[SANDBOX DATA]
learner_0048,session_0048_04,4,2026-01-16T09:00:00,improving,30.12,17,16,13,0.7647,11.98,4,0.9412,0.7135,False,0.3566,0.3968,0.0402,0.7986,[SANDBOX DATA]
learner_0048,session_0048_05,5,2026-01-19T09:00:00,improving,14.13,12,10,10,0.8333,12.45,3,0.8333,0.73,False,0.3968,0.4667,0.0698,0.796,[SANDBOX DATA]
learner_0048,session_0048_06,6,2026-01-23T09:00:00,improving,22.6,19,15,15,0.7895,12.18,6,0.7895,0.7816,True,0.4667,0.5343,0.0676,0.7669,[SANDBOX DATA]
learner_0048,session_0048_07,7,2026-01-25T09:00:00,improving,34.18,10,10,7,0.7,19.44,1,1.0,0.7675,False,0.5343,0.575,0.0407,0.8285,[SANDBOX DATA]
learner_0048,session_0048_08,8,2026-01-29T09:00:00,improving,20.76,10,9,7,0.7,21.67,3,0.9,0.7118,False,0.575,0.6653,0.0903,0.7524,[SANDBOX DATA]
learner_0049,session_0049_01,1,2026-01-01T09:00:00,struggling,31.3,10,6,4,0.4,18.74,6,0.6,0.4137,True,0.1802,0.1993,0.0191,0.4527,[SANDBOX DATA]
learner_0049,session_0049_02,2,2026-01-05T09:00:00,improving,23.95,14,12,12,0.8571,20.1,3,0.8571,0.9858,False,0.1993,0.2154,0.0161,0.8686,[SANDBOX DATA]
learner_0049,session_0049_03,3,2026-01-09T09:00:00,improving,15.97,14,13,10,0.7143,11.6,2,0.9286,0.7883,False,0.2154,0.2318,0.0164,0.8112,[SANDBOX DATA]
learner_0049,session_0049_04,4,2026-01-10T09:00:00,improving,26.0,16,12,14,0.875,12.1,2,0.75,0.8593,True,0.2318,0.2823,0.0505,0.8406,[SANDBOX DATA]
learner_0049,session_0049_05,5,2026-01-15T09:00:00,needs_practice,26.58,13,11,7,0.5385,25.04,4,0.8462,0.615,True,0.2823,0.3141,0.0318,0.6615,[SANDBOX DATA]
learner_0049,session_0049_06,6,2026-01-20T09:00:00,mastered,18.66,18,18,18,1.0,8.73,2,1.0,0.8992,False,0.3141,0.3315,0.0175,0.9576,[SANDBOX DATA]
learner_0049,session_0049_07,7,2026-01-26T09:00:00,mastered,9.64,14,13,13,0.9286,6.4,1,0.9286,0.8605,True,0.3315,0.3728,0.0413,0.915,[SANDBOX DATA]
learner_0049,session_0049_08,8,2026-02-01T09:00:00,mastered,20.38,11,11,10,0.9091,9.9,1,1.0,0.8336,False,0.3728,0.385,0.0122,0.9167,[SANDBOX DATA]
learner_0049,session_0049_09,9,2026-02-05T09:00:00,needs_practice,38.79,4,3,3,0.75,37.92,0,0.75,0.5781,True,0.385,0.4627,0.0777,0.7656,[SANDBOX DATA]
learner_0049,session_0049_10,10,2026-02-09T09:00:00,needs_practice,37.33,7,4,4,0.5714,17.0,4,0.5714,0.6748,False,0.4627,0.4813,0.0186,0.5635,[SANDBOX DATA]
learner_0049,session_0049_11,11,2026-02-12T09:00:00,struggling,16.08,8,6,2,0.25,32.04,3,0.75,0.3997,True,0.4813,0.4813,0.0,0.4799,[SANDBOX DATA]
learner_0049,session_0049_12,12,2026-02-18T09:00:00,struggling,15.74,17,6,6,0.3529,27.65,6,0.3529,0.4364,True,0.4813,0.5581,0.0768,0.4285,[SANDBOX DATA]
learner_0050,session_0050_01,1,2026-01-01T09:00:00,struggling,33.98,4,3,2,0.5,30.09,2,0.75,0.4827,True,0.1547,0.2016,0.0469,0.559,[SANDBOX DATA]
learner_0050,session_0050_02,2,2026-01-04T09:00:00,needs_practice,30.35,7,5,5,0.7143,27.13,2,0.7143,0.6465,True,0.2016,0.2313,0.0297,0.7007,[SANDBOX DATA]
learner_0050,session_0050_03,3,2026-01-06T09:00:00,struggling,19.29,9,5,5,0.5556,35.91,6,0.5556,0.3397,True,0.2313,0.239,0.0077,0.4679,[SANDBOX DATA]
learner_0050,session_0050_04,4,2026-01-07T09:00:00,struggling,20.17,14,8,2,0.1429,27.6,7,0.5714,0.5984,True,0.239,0.3332,0.0942,0.4125,[SANDBOX DATA]
learner_0050,session_0050_05,5,2026-01-08T09:00:00,struggling,23.29,9,5,2,0.2222,18.74,6,0.5556,0.4375,True,0.3332,0.3928,0.0595,0.3708,[SANDBOX DATA]
learner_0050,session_0050_06,6,2026-01-10T09:00:00,struggling,32.32,9,5,2,0.2222,18.78,7,0.5556,0.2953,True,0.3928,0.4503,0.0575,0.3202,[SANDBOX DATA]
learner_0050,session_0050_07,7,2026-01-16T09:00:00,struggling,21.7,11,5,3,0.2727,26.42,5,0.4545,0.4569,True,0.4503,0.5177,0.0674,0.4096,[SANDBOX DATA]
learner_0050,session_0050_08,8,2026-01-20T09:00:00,struggling,19.32,6,4,3,0.5,15.12,3,0.6667,0.2641,False,0.5177,0.5268,0.0091,0.4945,[SANDBOX DATA]
learner_0050,session_0050_09,9,2026-01-26T09:00:00,struggling,20.94,7,4,4,0.5714,22.61,3,0.5714,0.4085,False,0.5268,0.5634,0.0366,0.5388,[SANDBOX DATA]
learner_0050,session_0050_10,10,2026-01-28T09:00:00,needs_practice,37.55,13,10,5,0.3846,20.04,4,0.7692,0.5697,True,0.5634,0.5808,0.0173,0.5793,[SANDBOX DATA]
learner_0050,session_0050_11,11,2026-01-31T09:00:00,needs_practice,54.08,12,10,6,0.5,20.08,6,0.8333,0.6514,False,0.5808,0.5979,0.0171,0.6136,[SANDBOX DATA]
learner_0051,session_0051_01,1,2026-01-01T09:00:00,mastered,20.27,15,14,12,0.8,9.18,2,0.9333,0.8959,False,0.8834,0.9089,0.0255,0.8658,[SANDBOX DATA]
learner_0051,session_0051_02,2,2026-01-06T09:00:00,mastered,16.55,13,12,11,0.8462,9.04,0,0.9231,0.8028,True,0.9089,0.9564,0.0475,0.8875,[SANDBOX DATA]
learner_0051,session_0051_03,3,2026-01-08T09:00:00,improving,28.99,15,15,10,0.6667,20.69,4,1.0,0.9755,False,0.9564,0.999,0.0426,0.8251,[SANDBOX DATA]
learner_0051,session_0051_04,4,2026-01-11T09:00:00,struggling,20.05,10,7,7,0.7,24.36,7,0.7,0.4664,True,0.999,0.999,0.0,0.5733,[SANDBOX DATA]
learner_0051,session_0051_05,5,2026-01-12T09:00:00,struggling,29.31,6,3,2,0.3333,19.14,3,0.5,0.394,True,0.999,1.0,0.001,0.4205,[SANDBOX DATA]
learner_0051,session_0051_06,6,2026-01-15T09:00:00,struggling,38.72,5,2,3,0.6,24.3,3,0.4,0.3407,False,1.0,1.0,0.0,0.4581,[SANDBOX DATA]
learner_0051,session_0051_07,7,2026-01-20T09:00:00,struggling,21.65,5,2,2,0.4,25.98,3,0.4,0.4935,True,1.0,1.0,0.0,0.4187,[SANDBOX DATA]
learner_0051,session_0051_08,8,2026-01-24T09:00:00,struggling,27.87,18,9,8,0.4444,27.38,8,0.5,0.3233,True,1.0,1.0,0.0,0.4563,[SANDBOX DATA]
learner_0051,session_0051_09,9,2026-01-29T09:00:00,needs_practice,48.67,17,10,13,0.7647,20.68,8,0.5882,0.6615,False,1.0,1.0,0.0,0.6529,[SANDBOX DATA]
learner_0051,session_0051_10,10,2026-02-02T09:00:00,improving,16.61,16,15,11,0.6875,10.36,7,0.9375,0.7775,False,1.0,1.0,0.0,0.743,[SANDBOX DATA]
learner_0052,session_0052_01,1,2026-01-01T09:00:00,improving,15.03,10,8,7,0.7,16.69,2,0.8,0.9337,False,0.7227,0.7773,0.0546,0.7917,[SANDBOX DATA]
learner_0052,session_0052_02,2,2026-01-05T09:00:00,improving,42.56,22,18,16,0.7273,18.02,3,0.8182,0.8674,False,0.7773,0.8418,0.0644,0.8053,[SANDBOX DATA]
learner_0052,session_0052_03,3,2026-01-08T09:00:00,improving,21.27,15,13,11,0.7333,15.2,1,0.8667,0.7907,False,0.8418,0.8836,0.0418,0.8181,[SANDBOX DATA]
learner_0052,session_0052_04,4,2026-01-13T09:00:00,mastered,40.91,19,17,18,0.9474,5.49,2,0.8947,0.7697,False,0.8836,0.9017,0.0181,0.8882,[SANDBOX DATA]
learner_0052,session_0052_05,5,2026-01-19T09:00:00,mastered,20.7,14,10,13,0.9286,8.35,4,0.7143,0.9818,False,0.9017,0.945,0.0433,0.8428,[SANDBOX DATA]
learner_0052,session_0052_06,6,2026-01-24T09:00:00,mastered,11.45,22,22,18,0.8182,13.59,0,1.0,0.8791,True,0.945,1.0,0.055,0.9122,[SANDBOX DATA]
learner_0052,session_0052_07,7,2026-01-25T09:00:00,improving,20.37,8,7,5,0.625,20.78,1,0.875,0.7639,True,1.0,1.0,0.0,0.7653,[SANDBOX DATA]
learner_0052,session_0052_08,8,2026-01-29T09:00:00,improving,21.09,9,7,5,0.5556,14.0,2,0.7778,0.762,True,1.0,1.0,0.0,0.6968,[SANDBOX DATA]
learner_0052,session_0052_09,9,2026-01-30T09:00:00,improving,17.3,22,19,18,0.8182,14.59,3,0.8636,0.6837,False,1.0,1.0,0.0,0.8117,[SANDBOX DATA]
learner_0052,session_0052_10,10,2026-02-04T09:00:00,struggling,35.38,14,9,4,0.2857,24.92,8,0.6429,0.3062,True,1.0,1.0,0.0,0.4077,[SANDBOX DATA]
learner_0052,session_0052_11,11,2026-02-10T09:00:00,struggling,20.3,10,5,3,0.3,20.94,7,0.5,0.4488,True,1.0,1.0,0.0,0.3798,[SANDBOX DATA]
learner_0052,session_0052_12,12,2026-02-11T09:00:00,struggling,35.69,10,6,1,0.1,51.18,7,0.6,0.5366,False,1.0,1.0,0.0,0.3523,[SANDBOX DATA]
learner_0053,session_0053_01,1,2026-01-01T09:00:00,improving,41.17,15,13,13,0.8667,8.57,4,0.8667,0.9375,False,0.6791,0.7644,0.0852,0.8542,[SANDBOX DATA]
learner_0053,session_0053_02,2,2026-01-06T09:00:00,improving,21.38,15,12,11,0.7333,10.74,6,0.8,0.683,True,0.7644,0.84,0.0756,0.7133,[SANDBOX DATA]
learner_0053,session_0053_03,3,2026-01-08T09:00:00,improving,36.52,16,12,12,0.75,17.27,7,0.75,0.7225,True,0.84,0.8981,0.058,0.707,[SANDBOX DATA]
learner_0053,session_0053_04,4,2026-01-12T09:00:00,improving,14.38,13,11,7,0.5385,12.5,3,0.8462,0.7922,False,0.8981,0.98,0.0819,0.7123,[SANDBOX DATA]
learner_0053,session_0053_05,5,2026-01-14T09:00:00,mastered,18.61,18,18,14,0.7778,9.09,4,1.0,0.8958,False,0.98,1.0,0.02,0.8569,[SANDBOX DATA]
learner_0053,session_0053_06,6,2026-01-20T09:00:00,mastered,32.41,16,14,14,0.875,6.65,2,0.875,0.9679,False,1.0,1.0,0.0,0.8936,[SANDBOX DATA]
learner_0053,session_0053_07,7,2026-01-22T09:00:00,mastered,36.48,16,16,15,0.9375,10.79,0,1.0,0.9215,False,1.0,1.0,0.0,0.9624,[SANDBOX DATA]
learner_0053,session_0053_08,8,2026-01-24T09:00:00,mastered,24.67,14,14,12,0.8571,13.08,1,1.0,0.8249,False,1.0,1.0,0.0,0.9007,[SANDBOX DATA]
learner_0053,session_0053_09,9,2026-01-29T09:00:00,mastered,24.98,12,12,11,0.9167,8.21,1,1.0,0.6977,False,1.0,1.0,0.0,0.8937,[SANDBOX DATA]
learner_0053,session_0053_10,10,2026-02-03T09:00:00,mastered,20.25,19,18,17,0.8947,11.2,2,0.9474,0.8246,True,1.0,1.0,0.0,0.8939,[SANDBOX DATA]
learner_0054,session_0054_01,1,2026-01-01T09:00:00,struggling,24.7,10,6,4,0.4,31.59,5,0.6,0.3414,True,0.3255,0.3865,0.061,0.4583,[SANDBOX DATA]
learner_0054,session_0054_02,2,2026-01-04T09:00:00,needs_practice,28.82,14,10,9,0.6429,22.15,5,0.7143,0.6155,True,0.3865,0.4137,0.0272,0.6552,[SANDBOX DATA]
learner_0054,session_0054_03,3,2026-01-09T09:00:00,needs_practice,30.2,11,7,6,0.5455,18.77,5,0.6364,0.5754,False,0.4137,0.4443,0.0305,0.5742,[SANDBOX DATA]
learner_0054,session_0054_04,4,2026-01-14T09:00:00,needs_practice,40.29,4,3,2,0.5,18.24,2,0.75,0.6978,True,0.4443,0.4843,0.04,0.6021,[SANDBOX DATA]
learner_0054,session_0054_05,5,2026-01-15T09:00:00,needs_practice,56.36,14,10,8,0.5714,21.94,5,0.7143,0.6377,False,0.4843,0.5127,0.0284,0.6347,[SANDBOX DATA]
learner_0054,session_0054_06,6,2026-01-21T09:00:00,struggling,28.84,6,4,2,0.3333,48.07,3,0.6667,0.4114,False,0.5127,0.5196,0.0068,0.4656,[SANDBOX DATA]
learner_0054,session_0054_07,7,2026-01-23T09:00:00,struggling,18.85,12,7,3,0.25,26.22,9,0.5833,0.4877,True,0.5196,0.5637,0.0442,0.3809,[SANDBOX DATA]
learner_0054,session_0054_08,8,2026-01-27T09:00:00,improving,18.8,9,7,6,0.6667,15.18,0,0.7778,0.7942,True,0.5637,0.5951,0.0314,0.7866,[SANDBOX DATA]
learner_0054,session_0054_09,9,2026-02-02T09:00:00,needs_practice,29.12,15,10,8,0.5333,25.26,6,0.6667,0.6291,False,0.5951,0.6286,0.0335,0.5992,[SANDBOX DATA]
learner_0054,session_0054_10,10,2026-02-08T09:00:00,needs_practice,41.37,9,6,7,0.7778,19.14,2,0.6667,0.6536,True,0.6286,0.6502,0.0216,0.7252,[SANDBOX DATA]
learner_0054,session_0054_11,11,2026-02-12T09:00:00,mastered,24.72,23,22,19,0.8261,7.07,0,0.9565,0.8555,True,0.6502,0.6934,0.0431,0.8994,[SANDBOX DATA]
learner_0055,session_0055_01,1,2026-01-01T09:00:00,struggling,32.69,7,3,3,0.4286,34.14,4,0.4286,0.4568,False,0.2957,0.2957,0.0,0.4342,[SANDBOX DATA]
learner_0055,session_0055_02,2,2026-01-04T09:00:00,struggling,16.98,4,3,1,0.25,33.87,2,0.75,0.3715,False,0.2957,0.3451,0.0494,0.4493,[SANDBOX DATA]
learner_0055,session_0055_03,3,2026-01-08T09:00:00,struggling,20.56,12,6,4,0.3333,31.36,4,0.5,0.3976,False,0.3451,0.3908,0.0457,0.4545,[SANDBOX DATA]
learner_0055,session_0055_04,4,2026-01-12T09:00:00,struggling,18.58,12,9,3,0.25,41.83,7,0.75,0.3908,True,0.3908,0.4302,0.0394,0.4365,[SANDBOX DATA]
learner_0055,session_0055_05,5,2026-01-16T09:00:00,struggling,15.38,7,4,4,0.5714,24.78,6,0.5714,0.5297,True,0.4302,0.4302,0.0,0.4774,[SANDBOX DATA]
learner_0055,session_0055_06,6,2026-01-19T09:00:00,struggling,23.17,7,5,3,0.4286,24.0,5,0.7143,0.4718,False,0.4302,0.4504,0.0202,0.4801,[SANDBOX DATA]
learner_0055,session_0055_07,7,2026-01-25T09:00:00,struggling,16.19,7,4,3,0.4286,24.06,1,0.5714,0.4757,True,0.4504,0.4504,0.0,0.5594,[SANDBOX DATA]
learner_0055,session_0055_08,8,2026-01-29T09:00:00,mastered,13.87,13,12,12,0.9231,11.29,1,0.9231,0.8947,False,0.4504,0.4504,0.0,0.9174,[SANDBOX DATA]
learner_0056,session_0056_01,1,2026-01-01T09:00:00,improving,12.9,18,14,13,0.7222,19.12,5,0.7778,0.8539,False,0.7217,0.7337,0.012,0.7624,[SANDBOX DATA]
learner_0056,session_0056_02,2,2026-01-04T09:00:00,improving,22.56,7,6,5,0.7143,15.96,2,0.8571,0.7535,False,0.7337,0.8049,0.0712,0.7578,[SANDBOX DATA]
learner_0056,session_0056_03,3,2026-01-08T09:00:00,improving,40.12,12,11,10,0.8333,15.51,2,0.9167,0.7111,False,0.8049,0.863,0.0581,0.8297,[SANDBOX DATA]
learner_0056,session_0056_04,4,2026-01-11T09:00:00,needs_practice,43.92,17,10,11,0.6471,21.05,6,0.5882,0.6811,True,0.863,0.9032,0.0402,0.6392,[SANDBOX DATA]
learner_0056,session_0056_05,5,2026-01-15T09:00:00,needs_practice,24.53,14,9,8,0.5714,19.99,4,0.6429,0.6296,False,0.9032,0.9132,0.01,0.6295,[SANDBOX DATA]
learner_0056,session_0056_06,6,2026-01-17T09:00:00,needs_practice,39.54,15,11,7,0.4667,17.16,10,0.7333,0.5382,True,0.9132,0.9132,0.0,0.521,[SANDBOX DATA]
learner_0056,session_0056_07,7,2026-01-22T09:00:00,needs_practice,28.71,11,8,6,0.5455,19.92,7,0.7273,0.5191,False,0.9132,0.9132,0.0,0.5493,[SANDBOX DATA]
learner_0056,session_0056_08,8,2026-01-26T09:00:00,needs_practice,32.4,16,11,10,0.625,10.48,5,0.6875,0.6384,True,0.9132,0.9132,0.0,0.6558,[SANDBOX DATA]
learner_0056,session_0056_09,9,2026-02-01T09:00:00,needs_practice,22.89,7,5,4,0.5714,22.09,3,0.7143,0.6833,False,0.9132,0.9441,0.0309,0.6295,[SANDBOX DATA]
learner_0056,session_0056_10,10,2026-02-05T09:00:00,needs_practice,34.24,11,8,5,0.4545,33.83,3,0.7273,0.6676,False,0.9441,0.9562,0.0121,0.6199,[SANDBOX DATA]
learner_0056,session_0056_11,11,2026-02-08T09:00:00,needs_practice,17.76,16,10,10,0.625,56.93,6,0.625,0.6043,False,0.9562,0.9663,0.0101,0.6209,[SANDBOX DATA]
learner_0056,session_0056_12,12,2026-02-14T09:00:00,improving,15.35,11,9,8,0.7273,18.83,2,0.8182,0.8348,False,0.9663,1.0,0.0337,0.7897,[SANDBOX DATA]
learner_0057,session_0057_01,1,2026-01-01T09:00:00,struggling,37.59,11,6,1,0.0909,35.05,7,0.5455,0.4189,True,0.286,0.3133,0.0272,0.3247,[SANDBOX DATA]
learner_0057,session_0057_02,2,2026-01-02T09:00:00,needs_practice,43.87,14,11,5,0.3571,30.02,8,0.7857,0.5422,True,0.3133,0.3981,0.0848,0.5156,[SANDBOX DATA]
learner_0057,session_0057_03,3,2026-01-05T09:00:00,improving,26.06,12,10,7,0.5833,14.94,5,0.8333,0.854,False,0.3981,0.406,0.0079,0.7,[SANDBOX DATA]
learner_0057,session_0057_04,4,2026-01-06T09:00:00,mastered,14.89,15,14,12,0.8,14.28,2,0.9333,0.8476,False,0.406,0.4132,0.0071,0.8562,[SANDBOX DATA]
learner_0057,session_0057_05,5,2026-01-10T09:00:00,mastered,14.19,12,11,10,0.8333,12.69,3,0.9167,0.8667,False,0.4132,0.4157,0.0025,0.8442,[SANDBOX DATA]
learner_0057,session_0057_06,6,2026-01-15T09:00:00,mastered,9.97,17,15,16,0.9412,5.68,2,0.8824,0.9568,False,0.4157,0.4576,0.0419,0.9178,[SANDBOX DATA]
learner_0057,session_0057_07,7,2026-01-19T09:00:00,mastered,15.59,11,11,10,0.9091,6.45,1,1.0,0.9781,False,0.4576,0.4932,0.0356,0.9456,[SANDBOX DATA]
learner_0057,session_0057_08,8,2026-01-21T09:00:00,mastered,6.3,14,12,12,0.8571,10.54,1,0.8571,0.847,False,0.4932,0.5117,0.0185,0.8694,[SANDBOX DATA]
learner_0057,session_0057_09,9,2026-01-26T09:00:00,mastered,24.68,16,14,13,0.8125,11.77,0,0.875,0.9541,False,0.5117,0.5299,0.0181,0.8939,[SANDBOX DATA]
learner_0057,session_0057_10,10,2026-01-31T09:00:00,mastered,14.56,11,10,11,1.0,6.53,0,0.9091,0.8478,False,0.5299,0.5405,0.0107,0.9468,[SANDBOX DATA]
learner_0058,session_0058_01,1,2026-01-01T09:00:00,improving,19.25,9,8,7,0.7778,16.2,4,0.8889,0.7424,True,0.4751,0.5718,0.0967,0.754,[SANDBOX DATA]
learner_0058,session_0058_02,2,2026-01-06T09:00:00,improving,37.78,16,13,11,0.6875,14.03,1,0.8125,0.7873,False,0.5718,0.6607,0.0889,0.7887,[SANDBOX DATA]
learner_0058,session_0058_03,3,2026-01-08T09:00:00,improving,20.52,12,9,10,0.8333,23.37,3,0.75,0.6874,False,0.6607,0.7337,0.073,0.7667,[SANDBOX DATA]
learner_0058,session_0058_04,4,2026-01-09T09:00:00,improving,15.82,9,7,5,0.5556,13.62,5,0.7778,0.8992,False,0.7337,0.7516,0.0179,0.6576,[SANDBOX DATA]
learner_0058,session_0058_05,5,2026-01-12T09:00:00,mastered,17.21,20,18,20,1.0,7.05,0,0.9,0.8779,False,0.7516,0.7576,0.006,0.9506,[SANDBOX DATA]
learner_0058,session_0058_06,6,2026-01-17T09:00:00,mastered,20.99,17,15,16,0.9412,10.51,0,0.8824,0.8249,False,0.7576,0.7922,0.0345,0.915,[SANDBOX DATA]
learner_0058,session_0058_07,7,2026-01-18T09:00:00,mastered,8.84,15,14,13,0.8667,7.86,1,0.9333,0.8038,False,0.7922,0.8144,0.0222,0.8841,[SANDBOX DATA]
learner_0058,session_0058_08,8,2026-01-21T09:00:00,mastered,21.85,24,22,21,0.875,12.24,3,0.9167,0.9647,False,0.8144,0.8144,0.0,0.9034,[SANDBOX DATA]
learner_0058,session_0058_09,9,2026-01-23T09:00:00,mastered,12.34,18,17,16,0.8889,8.58,2,0.9444,0.7907,False,0.8144,0.8261,0.0117,0.8831,[SANDBOX DATA]
learner_0058,session_0058_10,10,2026-01-28T09:00:00,mastered,15.9,19,17,18,0.9474,6.67,2,0.8947,0.9954,False,0.8261,0.8495,0.0234,0.9333,[SANDBOX DATA]
learner_0058,session_0058_11,11,2026-01-31T09:00:00,mastered,17.1,16,15,15,0.9375,6.57,3,0.9375,0.9102,False,0.8495,0.8505,0.001,0.907,[SANDBOX DATA]
learner_0059,session_0059_01,1,2026-01-01T09:00:00,struggling,27.61,4,2,2,0.5,48.8,3,0.5,0.4739,True,0.2264,0.2809,0.0545,0.4448,[SANDBOX DATA]
learner_0059,session_0059_02,2,2026-01-06T09:00:00,struggling,46.24,8,5,1,0.125,26.19,5,0.625,0.4996,True,0.2809,0.3058,0.0249,0.3749,[SANDBOX DATA]
learner_0059,session_0059_03,3,2026-01-09T09:00:00,struggling,34.02,19,12,7,0.3684,22.99,13,0.6316,0.3871,True,0.3058,0.323,0.0173,0.4274,[SANDBOX DATA]
learner_0059,session_0059_04,4,2026-01-15T09:00:00,mastered,24.25,12,11,9,0.75,10.51,0,0.9167,0.849,False,0.323,0.3628,0.0398,0.8615,[SANDBOX DATA]
learner_0059,session_0059_05,5,2026-01-16T09:00:00,mastered,23.78,9,8,7,0.7778,10.83,0,0.8889,0.7897,False,0.3628,0.3867,0.0239,0.8524,[SANDBOX DATA]
learner_0059,session_0059_06,6,2026-01-19T09:00:00,mastered,17.01,21,21,18,0.8571,7.61,1,1.0,1.0,True,0.3867,0.4352,0.0484,0.9405,[SANDBOX DATA]
learner_0059,session_0059_07,7,2026-01-21T09:00:00,mastered,10.29,14,11,10,0.7143,13.89,3,0.7857,0.9519,False,0.4352,0.4665,0.0314,0.7939,[SANDBOX DATA]
learner_0059,session_0059_08,8,2026-01-24T09:00:00,mastered,14.9,22,22,21,0.9545,8.8,1,1.0,0.896,False,0.4665,0.4665,0.0,0.9542,[SANDBOX DATA]
learner_0059,session_0059_09,9,2026-01-26T09:00:00,mastered,15.57,14,13,14,1.0,8.95,0,0.9286,0.7466,False,0.4665,0.4865,0.02,0.9315,[SANDBOX DATA]
learner_0060,session_0060_01,1,2026-01-01T09:00:00,struggling,12.83,8,5,3,0.375,25.5,2,0.625,0.4095,False,0.2372,0.2372,0.0,0.5194,[SANDBOX DATA]
learner_0060,session_0060_02,2,2026-01-03T09:00:00,struggling,15.14,9,5,3,0.3333,70.96,5,0.5556,0.3795,False,0.2372,0.2372,0.0,0.4204,[SANDBOX DATA]
learner_0060,session_0060_03,3,2026-01-07T09:00:00,improving,27.27,14,12,10,0.7143,21.6,2,0.8571,0.6309,True,0.2372,0.2855,0.0483,0.7619,[SANDBOX DATA]
learner_0060,session_0060_04,4,2026-01-12T09:00:00,improving,13.81,16,12,14,0.875,11.9,5,0.75,0.8397,False,0.2855,0.3072,0.0217,0.7992,[SANDBOX DATA]
learner_0060,session_0060_05,5,2026-01-15T09:00:00,mastered,25.06,23,23,20,0.8696,10.27,1,1.0,0.8963,False,0.3072,0.3072,0.0,0.9249,[SANDBOX DATA]
learner_0060,session_0060_06,6,2026-01-17T09:00:00,improving,27.54,14,9,7,0.5,12.83,6,0.6429,0.7019,False,0.3072,0.3773,0.0701,0.5904,[SANDBOX DATA]
learner_0060,session_0060_07,7,2026-01-21T09:00:00,improving,34.04,13,12,9,0.6923,15.53,4,0.9231,0.9017,True,0.3773,0.4275,0.0503,0.7919,[SANDBOX DATA]
learner_0060,session_0060_08,8,2026-01-22T09:00:00,improving,28.05,21,20,13,0.619,18.14,3,0.9524,0.8367,False,0.4275,0.4775,0.0499,0.7935,[SANDBOX DATA]
learner_0060,session_0060_09,9,2026-01-23T09:00:00,struggling,16.23,10,6,4,0.4,32.86,4,0.6,0.7421,True,0.4775,0.497,0.0195,0.5584,[SANDBOX DATA]
learner_0061,session_0061_01,1,2026-01-01T09:00:00,improving,46.58,16,11,10,0.625,22.4,5,0.6875,0.837,False,0.4507,0.4507,0.0,0.6955,[SANDBOX DATA]
learner_0061,session_0061_02,2,2026-01-06T09:00:00,struggling,21.17,7,4,3,0.4286,30.59,4,0.5714,0.3564,False,0.4507,0.4507,0.0,0.4498,[SANDBOX DATA]
learner_0061,session_0061_03,3,2026-01-07T09:00:00,needs_practice,40.54,12,9,6,0.5,13.88,5,0.75,0.6719,False,0.4507,0.4876,0.0369,0.6136,[SANDBOX DATA]
learner_0061,session_0061_04,4,2026-01-11T09:00:00,needs_practice,50.89,8,6,5,0.625,28.73,4,0.75,0.6169,True,0.4876,0.5501,0.0624,0.6296,[SANDBOX DATA]
learner_0061,session_0061_05,5,2026-01-14T09:00:00,struggling,17.01,9,6,2,0.2222,35.85,2,0.6667,0.4175,True,0.5501,0.5501,0.0,0.4835,[SANDBOX DATA]
learner_0061,session_0061_06,6,2026-01-20T09:00:00,struggling,17.1,11,5,4,0.3636,18.31,6,0.4545,0.4729,False,0.5501,0.5701,0.02,0.4264,[SANDBOX DATA]
learner_0061,session_0061_07,7,2026-01-21T09:00:00,struggling,18.09,17,10,7,0.4118,19.7,8,0.5882,0.332,True,0.5701,0.6263,0.0562,0.4635,[SANDBOX DATA]
learner_0061,session_0061_08,8,2026-01-26T09:00:00,needs_practice,24.16,22,13,14,0.6364,18.35,7,0.5909,0.5662,True,0.6263,0.6816,0.0553,0.6201,[SANDBOX DATA]
learner_0061,session_0061_09,9,2026-02-01T09:00:00,improving,23.61,13,10,10,0.7692,16.97,4,0.7692,0.7001,False,0.6816,0.7634,0.0818,0.74,[SANDBOX DATA]
learner_0061,session_0061_10,10,2026-02-06T09:00:00,improving,21.65,16,14,10,0.625,10.67,1,0.875,0.7264,True,0.7634,0.8333,0.0699,0.7703,[SANDBOX DATA]
learner_0061,session_0061_11,11,2026-02-10T09:00:00,needs_practice,36.67,18,13,10,0.5556,12.77,8,0.7222,0.6304,False,0.8333,0.8598,0.0265,0.6122,[SANDBOX DATA]
learner_0061,session_0061_12,12,2026-02-14T09:00:00,needs_practice,19.85,15,11,9,0.6,24.33,4,0.7333,0.7105,True,0.8598,0.8768,0.017,0.6821,[SANDBOX DATA]
learner_0062,session_0062_01,1,2026-01-01T09:00:00,needs_practice,26.32,19,12,12,0.6316,15.22,5,0.6316,0.6575,False,0.4821,0.5412,0.0591,0.6578,[SANDBOX DATA]
learner_0062,session_0062_02,2,2026-01-06T09:00:00,needs_practice,31.94,18,12,10,0.5556,19.28,8,0.6667,0.709,False,0.5412,0.5754,0.0342,0.614,[SANDBOX DATA]
learner_0062,session_0062_03,3,2026-01-10T09:00:00,needs_practice,35.98,16,11,8,0.5,21.06,10,0.6875,0.6942,False,0.5754,0.5802,0.0048,0.5607,[SANDBOX DATA]
learner_0062,session_0062_04,4,2026-01-12T09:00:00,needs_practice,35.48,13,7,8,0.6154,26.25,3,0.5385,0.674,False,0.5802,0.6138,0.0336,0.6386,[SANDBOX DATA]
learner_0062,session_0062_05,5,2026-01-15T09:00:00,improving,19.06,21,20,20,0.9524,29.35,8,0.9524,0.7732,True,0.6138,0.6659,0.0521,0.8499,[SANDBOX DATA]
learner_0062,session_0062_06,6,2026-01-16T09:00:00,struggling,32.66,15,8,1,0.0667,52.54,10,0.5333,0.3541,False,0.6659,0.6927,0.0268,0.2942,[SANDBOX DATA]
learner_0062,session_0062_07,7,2026-01-18T09:00:00,needs_practice,29.87,19,13,11,0.5789,15.36,7,0.6842,0.6302,False,0.6927,0.7085,0.0158,0.626,[SANDBOX DATA]
learner_0062,session_0062_08,8,2026-01-23T09:00:00,needs_practice,16.02,12,10,9,0.75,11.22,3,0.8333,0.5572,False,0.7085,0.7368,0.0283,0.7323,[SANDBOX DATA]
learner_0062,session_0062_09,9,2026-01-26T09:00:00,needs_practice,35.1,6,4,3,0.5,19.54,2,0.6667,0.5891,True,0.7368,0.7828,0.046,0.5928,[SANDBOX DATA]
learner_0062,session_0062_10,10,2026-02-01T09:00:00,improving,21.15,11,10,8,0.7273,18.13,1,0.9091,0.7888,True,0.7828,0.8772,0.0943,0.8214,[SANDBOX DATA]
learner_0063,session_0063_01,1,2026-01-01T09:00:00,mastered,22.64,17,17,15,0.8824,11.62,0,1.0,0.8501,False,0.909,0.9419,0.0329,0.9288,[SANDBOX DATA]
learner_0063,session_0063_02,2,2026-01-06T09:00:00,mastered,21.68,10,9,9,0.9,9.5,1,0.9,0.9048,False,0.9419,0.9681,0.0262,0.901,[SANDBOX DATA]
learner_0063,session_0063_03,3,2026-01-08T09:00:00,mastered,17.45,18,18,18,1.0,9.61,1,1.0,0.9917,True,0.9681,1.0,0.0319,0.9872,[SANDBOX DATA]
learner_0063,session_0063_04,4,2026-01-10T09:00:00,mastered,15.06,17,15,15,0.8824,9.77,5,0.8824,0.7907,False,1.0,1.0,0.0,0.8287,[SANDBOX DATA]
learner_0063,session_0063_05,5,2026-01-12T09:00:00,mastered,16.48,8,8,7,0.875,6.72,0,1.0,0.9124,False,1.0,1.0,0.0,0.9387,[SANDBOX DATA]
learner_0063,session_0063_06,6,2026-01-16T09:00:00,mastered,19.34,17,16,17,1.0,6.52,0,0.9412,0.8877,True,1.0,1.0,0.0,0.9628,[SANDBOX DATA]
learner_0063,session_0063_07,7,2026-01-18T09:00:00,mastered,15.92,20,20,18,0.9,15.04,0,1.0,0.847,False,1.0,1.0,0.0,0.9344,[SANDBOX DATA]
learner_0063,session_0063_08,8,2026-01-19T09:00:00,mastered,30.3,15,13,13,0.8667,7.45,1,0.8667,0.884,False,1.0,1.0,0.0,0.8835,[SANDBOX DATA]
learner_0063,session_0063_09,9,2026-01-24T09:00:00,mastered,11.94,8,6,7,0.875,11.35,0,0.75,0.8803,False,1.0,1.0,0.0,0.8698,[SANDBOX DATA]
learner_0064,session_0064_01,1,2026-01-01T09:00:00,improving,21.42,11,10,8,0.7273,31.52,3,0.9091,0.8317,True,0.4878,0.5669,0.0792,0.7936,[SANDBOX DATA]
learner_0064,session_0064_02,2,2026-01-06T09:00:00,improving,28.02,17,14,13,0.7647,19.39,6,0.8235,0.8558,False,0.5669,0.5927,0.0257,0.7741,[SANDBOX DATA]
learner_0064,session_0064_03,3,2026-01-10T09:00:00,mastered,38.62,11,11,10,0.9091,9.57,0,1.0,0.9886,True,0.5927,0.6365,0.0439,0.9659,[SANDBOX DATA]
learner_0064,session_0064_04,4,2026-01-15T09:00:00,mastered,25.63,9,8,7,0.7778,9.28,1,0.8889,0.8227,False,0.6365,0.6584,0.0218,0.8368,[SANDBOX DATA]
learner_0064,session_0064_05,5,2026-01-18T09:00:00,improving,17.55,15,15,8,0.5333,15.14,4,1.0,0.6355,False,0.6584,0.6786,0.0203,0.7104,[SANDBOX DATA]
learner_0064,session_0064_06,6,2026-01-23T09:00:00,mastered,27.67,14,12,13,0.9286,5.14,1,0.8571,0.8863,False,0.6786,0.6915,0.0129,0.9023,[SANDBOX DATA]
learner_0064,session_0064_07,7,2026-01-29T09:00:00,mastered,18.14,12,11,10,0.8333,9.95,2,0.9167,0.8752,False,0.6915,0.6915,0.0,0.8625,[SANDBOX DATA]
learner_0064,session_0064_08,8,2026-01-30T09:00:00,mastered,15.95,14,13,12,0.8571,7.94,2,0.9286,0.8537,False,0.6915,0.6915,0.0,0.8743,[SANDBOX DATA]
learner_0065,session_0065_01,1,2026-01-01T09:00:00,struggling,34.79,6,3,3,0.5,29.83,3,0.5,0.5038,True,0.2664,0.3042,0.0378,0.5008,[SANDBOX DATA]
learner_0065,session_0065_02,2,2026-01-03T09:00:00,struggling,16.98,12,6,3,0.25,18.42,7,0.5,0.295,True,0.3042,0.3476,0.0434,0.3548,[SANDBOX DATA]
learner_0065,session_0065_03,3,2026-01-08T09:00:00,struggling,23.5,5,3,2,0.4,28.36,2,0.6,0.5406,False,0.3476,0.3497,0.002,0.5181,[SANDBOX DATA]
learner_0065,session_0065_04,4,2026-01-09T09:00:00,struggling,27.59,7,4,3,0.4286,17.7,5,0.5714,0.4674,True,0.3497,0.3706,0.0209,0.4435,[SANDBOX DATA]
learner_0065,session_0065_05,5,2026-01-12T09:00:00,needs_practice,39.85,19,11,10,0.5263,30.86,7,0.5789,0.5229,False,0.3706,0.4207,0.0501,0.5598,[SANDBOX DATA]
learner_0065,session_0065_06,6,2026-01-17T09:00:00,needs_practice,27.82,12,10,6,0.5,13.65,4,0.8333,0.6273,True,0.4207,0.4907,0.0701,0.6421,[SANDBOX DATA]
learner_0065,session_0065_07,7,2026-01-20T09:00:00,improving,40.86,13,12,12,0.9231,16.85,1,0.9231,0.8362,False,0.4907,0.5192,0.0284,0.9057,[SANDBOX DATA]
learner_0065,session_0065_08,8,2026-01-24T09:00:00,improving,31.57,9,7,7,0.7778,14.36,3,0.7778,0.8432,False,0.5192,0.5502,0.0311,0.7686,[SANDBOX DATA]
learner_0065,session_0065_09,9,2026-01-27T09:00:00,improving,29.08,14,13,8,0.5714,11.87,2,0.9286,0.8094,True,0.5502,0.5502,0.0,0.7655,[SANDBOX DATA]
learner_0065,session_0065_10,10,2026-01-29T09:00:00,improving,19.58,12,9,9,0.75,21.59,5,0.75,0.8934,False,0.5502,0.6225,0.0723,0.7454,[SANDBOX DATA]
learner_0065,session_0065_11,11,2026-02-03T09:00:00,improving,40.9,7,6,5,0.7143,12.89,2,0.8571,0.8568,False,0.6225,0.6301,0.0076,0.7785,[SANDBOX DATA]
learner_0065,session_0065_12,12,2026-02-09T09:00:00,improving,31.04,27,23,20,0.7407,14.71,4,0.8519,0.5632,False,0.6301,0.6857,0.0556,0.7552,[SANDBOX DATA]
learner_0066,session_0066_01,1,2026-01-01T09:00:00,improving,22.12,19,18,16,0.8421,16.66,0,0.9474,0.8769,False,0.7419,0.7983,0.0564,0.907,[SANDBOX DATA]
learner_0066,session_0066_02,2,2026-01-06T09:00:00,improving,33.26,19,16,16,0.8421,24.71,5,0.8421,0.8081,False,0.7983,0.8303,0.0319,0.8142,[SANDBOX DATA]
learner_0066,session_0066_03,3,2026-01-09T09:00:00,struggling,25.5,7,4,3,0.4286,25.41,2,0.5714,0.3291,False,0.8303,0.8527,0.0225,0.5015,[SANDBOX DATA]
learner_0066,session_0066_04,4,2026-01-11T09:00:00,struggling,12.25,6,3,1,0.1667,33.66,5,0.5,0.374,False,0.8527,0.8901,0.0374,0.2915,[SANDBOX DATA]
learner_0066,session_0066_05,5,2026-01-12T09:00:00,improving,23.69,20,15,13,0.65,26.79,5,0.75,0.8554,False,0.8901,0.9056,0.0155,0.7361,[SANDBOX DATA]
learner_0066,session_0066_06,6,2026-01-13T09:00:00,improving,21.87,16,13,11,0.6875,22.81,4,0.8125,0.739,False,0.9056,0.9871,0.0816,0.7415,[SANDBOX DATA]
learner_0066,session_0066_07,7,2026-01-15T09:00:00,improving,30.3,11,9,7,0.6364,11.8,3,0.8182,0.6988,True,0.9871,1.0,0.0129,0.7125,[SANDBOX DATA]
learner_0066,session_0066_08,8,2026-01-17T09:00:00,improving,46.26,12,11,10,0.8333,10.35,3,0.9167,0.8815,False,1.0,1.0,0.0,0.8471,[SANDBOX DATA]
learner_0066,session_0066_09,9,2026-01-21T09:00:00,improving,18.48,12,10,7,0.5833,17.77,4,0.8333,0.8599,False,1.0,1.0,0.0,0.7178,[SANDBOX DATA]
learner_0066,session_0066_10,10,2026-01-23T09:00:00,improving,14.55,12,11,10,0.8333,14.3,3,0.9167,0.7628,True,1.0,1.0,0.0,0.8234,[SANDBOX DATA]
learner_0066,session_0066_11,11,2026-01-29T09:00:00,improving,27.89,16,13,12,0.75,12.98,2,0.8125,0.8511,True,1.0,1.0,0.0,0.8108,[SANDBOX DATA]
learner_0067,session_0067_01,1,2026-01-01T09:00:00,improving,40.09,12,9,9,0.75,21.01,2,0.75,0.9202,True,0.5603,0.617,0.0566,0.8007,[SANDBOX DATA]
learner_0067,session_0067_02,2,2026-01-03T09:00:00,improving,39.38,16,11,13,0.8125,17.47,4,0.6875,0.863,True,0.617,0.6527,0.0358,0.7789,[SANDBOX DATA]
learner_0067,session_0067_03,3,2026-01-06T09:00:00,improving,14.52,14,10,10,0.7143,13.73,3,0.7143,0.8058,False,0.6527,0.696,0.0432,0.7469,[SANDBOX DATA]
learner_0067,session_0067_04,4,2026-01-12T09:00:00,struggling,14.88,10,5,3,0.3,12.77,7,0.5,0.4789,True,0.696,0.729,0.033,0.3858,[SANDBOX DATA]
learner_0067,session_0067_05,5,2026-01-18T09:00:00,struggling,12.38,5,3,1,0.2,42.42,0,0.6,0.3692,False,0.729,0.729,0.0,0.4938,[SANDBOX DATA]
learner_0067,session_0067_06,6,2026-01-21T09:00:00,struggling,15.35,10,6,4,0.4,41.89,5,0.6,0.3622,True,0.729,0.7767,0.0477,0.4624,[SANDBOX DATA]
learner_0067,session_0067_07,7,2026-01-23T09:00:00,struggling,33.22,12,5,9,0.75,32.43,6,0.4167,0.394,False,0.7767,0.7934,0.0167,0.5455,[SANDBOX DATA]
learner_0067,session_0067_08,8,2026-01-27T09:00:00,needs_practice,25.51,17,14,9,0.5294,25.77,7,0.8235,0.6543,False,0.7934,0.7968,0.0034,0.6397,[SANDBOX DATA]
learner_0067,session_0067_09,9,2026-02-02T09:00:00,needs_practice,50.94,8,5,5,0.625,29.48,3,0.625,0.5341,True,0.7968,0.8227,0.0259,0.6068,[SANDBOX DATA]
learner_0067,session_0067_10,10,2026-02-08T09:00:00,needs_practice,27.29,11,7,6,0.5455,23.44,2,0.6364,0.4837,True,0.8227,0.8393,0.0167,0.6104,[SANDBOX DATA]
learner_0068,session_0068_01,1,2026-01-01T09:00:00,struggling,20.06,9,5,2,0.2222,29.77,7,0.5556,0.4865,True,0.1528,0.1845,0.0318,0.3584,[SANDBOX DATA]
learner_0068,session_0068_02,2,2026-01-07T09:00:00,struggling,13.86,10,6,4,0.4,34.48,7,0.6,0.3549,True,0.1845,0.2202,0.0357,0.421,[SANDBOX DATA]
learner_0068,session_0068_03,3,2026-01-08T09:00:00,struggling,21.22,10,5,4,0.4,28.95,7,0.5,0.4538,False,0.2202,0.2303,0.01,0.4158,[SANDBOX DATA]
learner_0068,session_0068_04,4,2026-01-13T09:00:00,needs_practice,54.0,13,10,9,0.6923,19.12,4,0.7692,0.5498,True,0.2303,0.3128,0.0825,0.683,[SANDBOX DATA]
learner_0068,session_0068_05,5,2026-01-18T09:00:00,needs_practice,32.21,16,11,9,0.5625,20.59,8,0.6875,0.7006,False,0.3128,0.3215,0.0087,0.6089,[SANDBOX DATA]
learner_0068,session_0068_06,6,2026-01-22T09:00:00,needs_practice,51.98,15,12,9,0.6,17.2,6,0.8,0.5765,False,0.3215,0.3215,0.0,0.6453,[SANDBOX DATA]
learner_0068,session_0068_07,7,2026-01-25T09:00:00,needs_practice,27.04,10,6,8,0.8,14.97,3,0.6,0.5953,False,0.3215,0.3298,0.0083,0.6891,[SANDBOX DATA]
learner_0068,session_0068_08,8,2026-01-30T09:00:00,needs_practice,21.57,9,7,5,0.5556,20.69,3,0.7778,0.7162,True,0.3298,0.4129,0.0831,0.6655,[SANDBOX DATA]
learner_0068,session_0068_09,9,2026-02-05T09:00:00,needs_practice,25.15,10,6,6,0.6,15.64,4,0.6,0.5228,True,0.4129,0.4249,0.012,0.5846,[SANDBOX DATA]
learner_0068,session_0068_10,10,2026-02-10T09:00:00,needs_practice,31.29,9,7,5,0.5556,21.04,5,0.7778,0.6068,True,0.4249,0.4575,0.0325,0.5991,[SANDBOX DATA]
learner_0069,session_0069_01,1,2026-01-01T09:00:00,struggling,20.28,8,4,3,0.375,37.15,5,0.5,0.4658,False,0.0576,0.098,0.0404,0.4244,[SANDBOX DATA]
learner_0069,session_0069_02,2,2026-01-07T09:00:00,needs_practice,68.34,13,8,7,0.5385,20.51,5,0.6154,0.6546,True,0.098,0.1688,0.0708,0.5963,[SANDBOX DATA]
learner_0069,session_0069_03,3,2026-01-12T09:00:00,needs_practice,28.25,6,4,4,0.6667,11.89,3,0.6667,0.6165,True,0.1688,0.2329,0.0641,0.6233,[SANDBOX DATA]
learner_0069,session_0069_04,4,2026-01-13T09:00:00,needs_practice,32.17,14,11,6,0.4286,23.49,4,0.7857,0.5464,False,0.2329,0.25,0.0172,0.5986,[SANDBOX DATA]
learner_0069,session_0069_05,5,2026-01-15T09:00:00,needs_practice,29.31,18,11,10,0.5556,19.99,4,0.6111,0.626,True,0.25,0.2671,0.0171,0.628,[SANDBOX DATA]
learner_0069,session_0069_06,6,2026-01-17T09:00:00,needs_practice,32.01,21,12,13,0.619,9.75,10,0.5714,0.5068,True,0.2671,0.3831,0.116,0.5656,[SANDBOX DATA]
learner_0069,session_0069_07,7,2026-01-20T09:00:00,needs_practice,15.63,9,7,4,0.4444,22.07,2,0.7778,0.4651,False,0.3831,0.3831,0.0,0.5986,[SANDBOX DATA]
learner_0069,session_0069_08,8,2026-01-24T09:00:00,needs_practice,33.38,10,7,5,0.5,17.0,4,0.7,0.5586,False,0.3831,0.3962,0.013,0.5817,[SANDBOX DATA]
learner_0069,session_0069_09,9,2026-01-27T09:00:00,needs_practice,34.69,6,4,3,0.5,18.26,2,0.6667,0.651,False,0.3962,0.4073,0.0111,0.6052,[SANDBOX DATA]
learner_0070,session_0070_01,1,2026-01-01T09:00:00,mastered,8.73,8,8,8,1.0,7.59,1,1.0,0.8648,False,0.811,0.8288,0.0177,0.948,[SANDBOX DATA]
learner_0070,session_0070_02,2,2026-01-04T09:00:00,mastered,14.2,18,17,16,0.8889,11.18,2,0.9444,0.8887,False,0.8288,0.8545,0.0258,0.9027,[SANDBOX DATA]
learner_0070,session_0070_03,3,2026-01-05T09:00:00,mastered,14.12,24,24,21,0.875,17.58,1,1.0,0.811,False,0.8545,0.9081,0.0535,0.9101,[SANDBOX DATA]
learner_0070,session_0070_04,4,2026-01-06T09:00:00,mastered,17.89,17,14,14,0.8235,10.6,3,0.8235,0.8617,False,0.9081,0.9458,0.0378,0.8312,[SANDBOX DATA]
learner_0070,session_0070_05,5,2026-01-09T09:00:00,mastered,12.52,18,17,14,0.7778,14.99,1,0.9444,0.8633,False,0.9458,0.9767,0.0309,0.8699,[SANDBOX DATA]
learner_0070,session_0070_06,6,2026-01-14T09:00:00,mastered,13.48,16,14,14,0.875,6.73,1,0.875,0.8024,False,0.9767,0.9771,0.0003,0.873,[SANDBOX DATA]
learner_0070,session_0070_07,7,2026-01-16T09:00:00,mastered,13.69,23,19,22,0.9565,9.5,1,0.8261,0.7886,False,0.9771,1.0,0.0229,0.8903,[SANDBOX DATA]
learner_0070,session_0070_08,8,2026-01-19T09:00:00,needs_practice,22.19,18,14,9,0.5,40.87,7,0.7778,0.6737,True,1.0,1.0,0.0,0.6264,[SANDBOX DATA]
learner_0070,session_0070_09,9,2026-01-25T09:00:00,struggling,25.34,4,2,1,0.25,17.12,3,0.5,0.4723,True,1.0,1.0,0.0,0.357,[SANDBOX DATA]
learner_0071,session_0071_01,1,2026-01-01T09:00:00,mastered,44.31,14,12,12,0.8571,8.1,2,0.8571,0.8033,False,0.8097,0.8097,0.0,0.8464,[SANDBOX DATA]
learner_0071,session_0071_02,2,2026-01-02T09:00:00,mastered,17.91,16,16,12,0.75,10.7,0,1.0,0.9657,False,0.8097,0.8097,0.0,0.9056,[SANDBOX DATA]
learner_0071,session_0071_03,3,2026-01-08T09:00:00,mastered,34.1,13,13,11,0.8462,8.6,1,1.0,0.9049,True,0.8097,0.8711,0.0614,0.9118,[SANDBOX DATA]
learner_0071,session_0071_04,4,2026-01-13T09:00:00,mastered,6.69,18,17,16,0.8889,8.14,2,0.9444,0.9171,False,0.8711,0.8827,0.0115,0.9084,[SANDBOX DATA]
learner_0071,session_0071_05,5,2026-01-17T09:00:00,improving,20.96,19,13,14,0.7368,9.44,4,0.6842,0.766,True,0.8827,0.9562,0.0735,0.74,[SANDBOX DATA]
learner_0071,session_0071_06,6,2026-01-18T09:00:00,mastered,20.73,15,15,13,0.8667,7.68,2,1.0,0.9621,False,0.9562,0.9589,0.0027,0.9191,[SANDBOX DATA]
learner_0071,session_0071_07,7,2026-01-21T09:00:00,mastered,26.85,10,9,9,0.9,10.43,0,0.9,0.8468,False,0.9589,0.9758,0.0168,0.9094,[SANDBOX DATA]
learner_0071,session_0071_08,8,2026-01-26T09:00:00,mastered,28.09,14,14,12,0.8571,5.34,0,1.0,0.8602,False,0.9758,0.9758,0.0,0.922,[SANDBOX DATA]
learner_0072,session_0072_01,1,2026-01-01T09:00:00,mastered,22.54,17,17,17,1.0,6.93,3,1.0,0.7596,False,0.8605,0.8771,0.0165,0.9166,[SANDBOX DATA]
learner_0072,session_0072_02,2,2026-01-03T09:00:00,mastered,17.63,18,17,15,0.8333,7.54,0,0.9444,0.8474,False,0.8771,0.916,0.0389,0.8973,[SANDBOX DATA]
learner_0072,session_0072_03,3,2026-01-08T09:00:00,improving,13.75,13,12,10,0.7692,15.49,4,0.9231,0.869,False,0.916,1.0,0.084,0.8123,[SANDBOX DATA]
learner_0072,session_0072_04,4,2026-01-12T09:00:00,improving,15.71,14,12,12,0.8571,22.03,2,0.8571,0.7983,True,1.0,1.0,0.0,0.8454,[SANDBOX DATA]
learner_0072,session_0072_05,5,2026-01-15T09:00:00,improving,29.49,11,11,5,0.4545,15.88,1,1.0,0.8386,False,1.0,1.0,0.0,0.7586,[SANDBOX DATA]
learner_0072,session_0072_06,6,2026-01-18T09:00:00,improving,30.09,14,12,9,0.6429,10.74,3,0.8571,0.7512,True,1.0,1.0,0.0,0.7467,[SANDBOX DATA]
learner_0072,session_0072_07,7,2026-01-21T09:00:00,needs_practice,20.2,10,8,4,0.4,25.02,3,0.8,0.679,True,1.0,1.0,0.0,0.6158,[SANDBOX DATA]
learner_0072,session_0072_08,8,2026-01-25T09:00:00,improving,33.64,20,16,14,0.7,15.6,7,0.8,0.7362,False,1.0,1.0,0.0,0.7222,[SANDBOX DATA]
learner_0073,session_0073_01,1,2026-01-01T09:00:00,mastered,9.93,16,16,15,0.9375,7.84,2,1.0,0.7705,True,0.8303,0.8669,0.0366,0.9072,[SANDBOX DATA]
learner_0073,session_0073_02,2,2026-01-07T09:00:00,mastered,26.87,14,14,13,0.9286,5.4,2,1.0,0.9263,False,0.8669,0.8912,0.0243,0.9317,[SANDBOX DATA]
learner_0073,session_0073_03,3,2026-01-08T09:00:00,mastered,20.69,16,15,13,0.8125,12.79,0,0.9375,0.9234,False,0.8912,0.9115,0.0203,0.9034,[SANDBOX DATA]
learner_0073,session_0073_04,4,2026-01-14T09:00:00,mastered,14.08,22,22,21,0.9545,6.61,1,1.0,0.9472,False,0.9115,0.9252,0.0136,0.9644,[SANDBOX DATA]
learner_0073,session_0073_05,5,2026-01-20T09:00:00,mastered,28.81,20,19,19,0.95,7.87,2,0.95,0.9784,False,0.9252,0.9752,0.05,0.9457,[SANDBOX DATA]
learner_0073,session_0073_06,6,2026-01-21T09:00:00,mastered,18.56,30,27,26,0.8667,6.2,3,0.9,0.8404,False,0.9752,1.0,0.0248,0.8764,[SANDBOX DATA]
learner_0073,session_0073_07,7,2026-01-25T09:00:00,needs_practice,32.33,7,5,3,0.4286,16.24,1,0.7143,0.5991,False,1.0,1.0,0.0,0.6198,[SANDBOX DATA]
learner_0073,session_0073_08,8,2026-01-28T09:00:00,improving,16.26,12,10,9,0.75,20.44,2,0.8333,0.8682,False,1.0,1.0,0.0,0.8111,[SANDBOX DATA]
learner_0073,session_0073_09,9,2026-01-29T09:00:00,improving,28.89,17,14,14,0.8235,13.01,3,0.8235,0.7994,False,1.0,1.0,0.0,0.8187,[SANDBOX DATA]
learner_0074,session_0074_01,1,2026-01-01T09:00:00,needs_practice,27.86,7,5,4,0.5714,22.37,3,0.7143,0.6554,True,0.4028,0.4028,0.0,0.6239,[SANDBOX DATA]
learner_0074,session_0074_02,2,2026-01-03T09:00:00,needs_practice,36.75,17,12,7,0.4118,20.93,8,0.7059,0.4697,False,0.4028,0.4028,0.0,0.5204,[SANDBOX DATA]
learner_0074,session_0074_03,3,2026-01-09T09:00:00,needs_practice,41.03,13,10,5,0.3846,12.21,6,0.7692,0.6552,False,0.4028,0.4225,0.0197,0.5657,[SANDBOX DATA]
learner_0074,session_0074_04,4,2026-01-11T09:00:00,needs_practice,25.72,16,9,9,0.5625,20.22,7,0.5625,0.61,True,0.4225,0.4543,0.0318,0.572,[SANDBOX DATA]
learner_0074,session_0074_05,5,2026-01-16T09:00:00,needs_practice,25.63,9,6,5,0.5556,21.5,3,0.6667,0.5998,False,0.4543,0.4878,0.0335,0.6144,[SANDBOX DATA]
learner_0074,session_0074_06,6,2026-01-17T09:00:00,needs_practice,47.56,12,8,7,0.5833,23.48,5,0.6667,0.6651,False,0.4878,0.4991,0.0113,0.6205,[SANDBOX DATA]
learner_0074,session_0074_07,7,2026-01-22T09:00:00,needs_practice,35.2,7,5,4,0.5714,11.47,3,0.7143,0.671,True,0.4991,0.5075,0.0083,0.6271,[SANDBOX DATA]
learner_0074,session_0074_08,8,2026-01-25T09:00:00,improving,18.98,16,12,11,0.6875,19.22,5,0.75,0.6149,True,0.5075,0.6357,0.1283,0.6886,[SANDBOX DATA]
learner_0074,session_0074_09,9,2026-01-31T09:00:00,improving,19.99,22,17,12,0.5455,12.63,2,0.7727,0.7201,True,0.6357,0.7066,0.0708,0.7099,[SANDBOX DATA]
learner_0075,session_0075_01,1,2026-01-01T09:00:00,mastered,17.74,10,10,8,0.8,9.58,0,1.0,0.8722,True,0.8575,0.9089,0.0515,0.9044,[SANDBOX DATA]
learner_0075,session_0075_02,2,2026-01-07T09:00:00,mastered,16.52,16,14,14,0.875,10.05,1,0.875,0.7483,False,0.9089,0.9163,0.0074,0.8622,[SANDBOX DATA]
learner_0075,session_0075_03,3,2026-01-10T09:00:00,mastered,36.13,16,16,15,0.9375,10.88,0,1.0,0.88,False,0.9163,0.9163,0.0,0.9541,[SANDBOX DATA]
learner_0075,session_0075_04,4,2026-01-13T09:00:00,needs_practice,27.39,8,6,5,0.625,19.71,2,0.75,0.5553,True,0.9163,0.9386,0.0223,0.6673,[SANDBOX DATA]
learner_0075,session_0075_05,5,2026-01-17T09:00:00,improving,21.86,10,9,7,0.7,20.51,2,0.9,0.5582,True,0.9386,1.0,0.0614,0.7416,[SANDBOX DATA]
learner_0075,session_0075_06,6,2026-01-23T09:00:00,improving,13.49,8,7,6,0.75,13.95,2,0.875,0.7528,False,1.0,1.0,0.0,0.7818,[SANDBOX DATA]
learner_0075,session_0075_07,7,2026-01-24T09:00:00,improving,11.82,11,8,8,0.7273,12.26,0,0.7273,0.6775,False,1.0,1.0,0.0,0.7719,[SANDBOX DATA]
learner_0075,session_0075_08,8,2026-01-28T09:00:00,improving,34.92,16,14,12,0.75,18.64,4,0.875,0.633,False,1.0,1.0,0.0,0.7579,[SANDBOX DATA]
learner_0076,session_0076_01,1,2026-01-01T09:00:00,needs_practice,44.47,9,7,6,0.6667,13.11,3,0.7778,0.6252,True,0.4788,0.4788,0.0,0.6862,[SANDBOX DATA]
learner_0076,session_0076_02,2,2026-01-04T09:00:00,improving,33.85,13,11,10,0.7692,11.75,6,0.8462,0.8523,False,0.4788,0.5188,0.0401,0.7589,[SANDBOX DATA]
learner_0076,session_0076_03,3,2026-01-06T09:00:00,needs_practice,29.91,21,15,8,0.381,16.71,8,0.7143,0.668,False,0.5188,0.591,0.0722,0.5693,[SANDBOX DATA]
learner_0076,session_0076_04,4,2026-01-09T09:00:00,improving,14.18,15,14,9,0.6,15.43,4,0.9333,0.8203,False,0.591,0.6271,0.0361,0.7541,[SANDBOX DATA]
learner_0076,session_0076_05,5,2026-01-14T09:00:00,needs_practice,15.76,8,6,4,0.5,19.76,3,0.75,0.7003,False,0.6271,0.6271,0.0,0.6276,[SANDBOX DATA]
learner_0076,session_0076_06,6,2026-01-17T09:00:00,needs_practice,22.6,14,10,8,0.5714,16.25,9,0.7143,0.5482,False,0.6271,0.6282,0.0011,0.5596,[SANDBOX DATA]
learner_0076,session_0076_07,7,2026-01-18T09:00:00,improving,57.06,16,10,12,0.75,8.87,4,0.625,0.9184,False,0.6282,0.683,0.0548,0.7524,[SANDBOX DATA]
learner_0076,session_0076_08,8,2026-01-22T09:00:00,improving,14.52,13,12,10,0.7692,12.66,3,0.9231,0.7744,True,0.683,0.7172,0.0341,0.8087,[SANDBOX DATA]
learner_0077,session_0077_01,1,2026-01-01T09:00:00,struggling,22.62,10,7,2,0.2,24.5,6,0.7,0.3338,True,0.2167,0.2199,0.0032,0.3918,[SANDBOX DATA]
learner_0077,session_0077_02,2,2026-01-04T09:00:00,needs_practice,40.03,14,11,8,0.5714,15.2,6,0.7857,0.5907,True,0.2199,0.2685,0.0486,0.6288,[SANDBOX DATA]
learner_0077,session_0077_03,3,2026-01-10T09:00:00,needs_practice,38.1,9,7,6,0.6667,14.56,4,0.7778,0.5395,True,0.2685,0.319,0.0505,0.6468,[SANDBOX DATA]
learner_0077,session_0077_04,4,2026-01-15T09:00:00,improving,33.45,17,15,12,0.7059,32.9,2,0.8824,0.7236,False,0.319,0.383,0.064,0.7888,[SANDBOX DATA]
learner_0077,session_0077_05,5,2026-01-20T09:00:00,improving,35.9,6,5,4,0.6667,19.62,3,0.8333,0.7757,False,0.383,0.4487,0.0657,0.6968,[SANDBOX DATA]
learner_0077,session_0077_06,6,2026-01-24T09:00:00,improving,21.01,16,13,11,0.6875,15.18,1,0.8125,0.7752,True,0.4487,0.5102,0.0615,0.7863,[SANDBOX DATA]
learner_0077,session_0077_07,7,2026-01-30T09:00:00,improving,21.22,10,9,7,0.7,14.55,2,0.9,0.6853,False,0.5102,0.5773,0.0672,0.7671,[SANDBOX DATA]
learner_0077,session_0077_08,8,2026-01-31T09:00:00,improving,24.32,15,10,15,1.0,13.25,8,0.6667,0.7187,False,0.5773,0.6441,0.0668,0.7537,[SANDBOX DATA]
learner_0077,session_0077_09,9,2026-02-04T09:00:00,improving,18.27,15,12,10,0.6667,7.27,1,0.8,0.7603,False,0.6441,0.6855,0.0415,0.7721,[SANDBOX DATA]
learner_0077,session_0077_10,10,2026-02-07T09:00:00,mastered,11.71,14,13,13,0.9286,9.71,1,0.9286,0.733,False,0.6855,0.703,0.0174,0.8895,[SANDBOX DATA]
learner_0077,session_0077_11,11,2026-02-12T09:00:00,mastered,12.94,15,12,14,0.9333,9.06,0,0.8,0.901,False,0.703,0.7191,0.0162,0.9069,[SANDBOX DATA]
learner_0078,session_0078_01,1,2026-01-01T09:00:00,improving,18.8,16,10,11,0.6875,14.77,1,0.625,0.7824,True,0.5801,0.6226,0.0424,0.7409,[SANDBOX DATA]
learner_0078,session_0078_02,2,2026-01-06T09:00:00,improving,47.75,12,11,9,0.75,14.28,2,0.9167,0.72,False,0.6226,0.6817,0.0592,0.8023,[SANDBOX DATA]
learner_0078,session_0078_03,3,2026-01-12T09:00:00,mastered,10.92,9,9,8,0.8889,10.05,1,1.0,0.8402,False,0.6817,0.6888,0.007,0.9069,[SANDBOX DATA]
learner_0078,session_0078_04,4,2026-01-15T09:00:00,mastered,29.1,19,17,18,0.9474,8.26,1,0.8947,0.8468,True,0.6888,0.744,0.0552,0.9141,[SANDBOX DATA]
learner_0078,session_0078_05,5,2026-01-19T09:00:00,mastered,16.15,19,18,18,0.9474,11.55,2,0.9474,0.9267,False,0.744,0.744,0.0,0.9327,[SANDBOX DATA]
learner_0078,session_0078_06,6,2026-01-25T09:00:00,mastered,22.69,21,19,18,0.8571,8.23,2,0.9048,0.8456,False,0.744,0.7662,0.0223,0.8763,[SANDBOX DATA]
learner_0078,session_0078_07,7,2026-01-30T09:00:00,mastered,14.32,15,14,12,0.8,7.29,1,0.9333,0.9336,False,0.7662,0.7807,0.0145,0.8867,[SANDBOX DATA]
learner_0078,session_0078_08,8,2026-02-05T09:00:00,mastered,27.04,14,13,14,1.0,8.23,1,0.9286,0.9465,False,0.7807,0.7919,0.0112,0.9572,[SANDBOX DATA]
learner_0078,session_0078_09,9,2026-02-07T09:00:00,mastered,18.9,15,15,12,0.8,11.12,2,1.0,0.7678,True,0.7919,0.8116,0.0197,0.8569,[SANDBOX DATA]
learner_0079,session_0079_01,1,2026-01-01T09:00:00,improving,13.18,11,9,7,0.6364,14.02,3,0.8182,0.8622,True,0.6907,0.7053,0.0146,0.7452,[SANDBOX DATA]
learner_0079,session_0079_02,2,2026-01-05T09:00:00,needs_practice,31.57,9,6,5,0.5556,20.19,4,0.6667,0.652,False,0.7053,0.7053,0.0,0.6026,[SANDBOX DATA]
learner_0079,session_0079_03,3,2026-01-11T09:00:00,improving,31.2,20,16,16,0.8,9.98,3,0.8,0.9364,False,0.7053,0.739,0.0337,0.8373,[SANDBOX DATA]
learner_0079,session_0079_04,4,2026-01-14T09:00:00,improving,14.08,15,13,12,0.8,19.71,5,0.8667,0.7239,False,0.739,0.7713,0.0323,0.7748,[SANDBOX DATA]
learner_0079,session_0079_05,5,2026-01-18T09:00:00,mastered,18.44,14,13,11,0.7857,8.41,0,0.9286,0.85,False,0.7713,0.7885,0.0171,0.8771,[SANDBOX DATA]
learner_0079,session_0079_06,6,2026-01-24T09:00:00,mastered,20.0,18,15,17,0.9444,12.13,0,0.8333,0.7426,False,0.7885,0.7885,0.0,0.8874,[SANDBOX DATA]
learner_0079,session_0079_07,7,2026-01-28T09:00:00,mastered,14.41,12,12,10,0.8333,6.98,0,1.0,0.9297,False,0.7885,0.8191,0.0307,0.9276,[SANDBOX DATA]
learner_0079,session_0079_08,8,2026-01-30T09:00:00,mastered,25.73,15,13,12,0.8,7.36,2,0.8667,0.8431,False,0.8191,0.8599,0.0407,0.8386,[SANDBOX DATA]
learner_0079,session_0079_09,9,2026-02-01T09:00:00,mastered,13.64,12,11,10,0.8333,10.77,1,0.9167,0.8147,False,0.8599,0.8714,0.0115,0.8671,[SANDBOX DATA]
learner_0079,session_0079_10,10,2026-02-07T09:00:00,mastered,15.04,12,11,11,0.9167,12.57,1,0.9167,0.9632,False,0.8714,0.9254,0.0541,0.926,[SANDBOX DATA]
learner_0080,session_0080_01,1,2026-01-01T09:00:00,improving,22.84,10,10,7,0.7,13.6,5,1.0,0.7367,False,0.6023,0.6542,0.0519,0.7423,[SANDBOX DATA]
learner_0080,session_0080_02,2,2026-01-05T09:00:00,needs_practice,28.79,12,7,6,0.5,24.05,4,0.5833,0.6052,True,0.6542,0.6835,0.0293,0.5752,[SANDBOX DATA]
learner_0080,session_0080_03,3,2026-01-06T09:00:00,needs_practice,15.79,11,8,5,0.4545,19.21,5,0.7273,0.6349,True,0.6835,0.7684,0.0849,0.577,[SANDBOX DATA]
learner_0080,session_0080_04,4,2026-01-09T09:00:00,struggling,26.16,10,5,2,0.2,32.87,5,0.5,0.3046,False,0.7684,0.7684,0.0,0.3559,[SANDBOX DATA]
learner_0080,session_0080_05,5,2026-01-11T09:00:00,needs_practice,54.86,13,9,9,0.6923,15.79,3,0.6923,0.5653,False,0.7684,0.7684,0.0,0.6823,[SANDBOX DATA]
learner_0080,session_0080_06,6,2026-01-14T09:00:00,needs_practice,35.94,8,5,5,0.625,26.53,5,0.625,0.5438,True,0.7684,0.7857,0.0173,0.5588,[SANDBOX DATA]
learner_0080,session_0080_07,7,2026-01-18T09:00:00,needs_practice,26.76,10,7,5,0.5,22.29,4,0.7,0.7008,True,0.7857,0.8277,0.0421,0.6102,[SANDBOX DATA]
learner_0080,session_0080_08,8,2026-01-22T09:00:00,improving,23.54,8,6,5,0.625,13.41,2,0.75,0.7436,False,0.8277,0.8858,0.0581,0.705,[SANDBOX DATA]
learner_0080,session_0080_09,9,2026-01-25T09:00:00,mastered,22.06,18,16,18,1.0,12.51,2,0.8889,0.7984,False,0.8858,0.9017,0.0159,0.9097,[SANDBOX DATA]
learner_0081,session_0081_01,1,2026-01-01T09:00:00,struggling,26.92,12,6,6,0.5,32.5,6,0.5,0.2812,True,0.1143,0.1413,0.027,0.4562,[SANDBOX DATA]
learner_0081,session_0081_02,2,2026-01-03T09:00:00,struggling,15.92,10,5,5,0.5,33.08,7,0.5,0.6701,True,0.1413,0.1427,0.0014,0.494,[SANDBOX DATA]
learner_0081,session_0081_03,3,2026-01-08T09:00:00,struggling,29.6,7,3,2,0.2857,28.64,4,0.4286,0.4865,False,0.1427,0.1427,0.0,0.3902,[SANDBOX DATA]
learner_0081,session_0081_04,4,2026-01-14T09:00:00,needs_practice,36.17,13,10,8,0.6154,22.68,8,0.7692,0.4244,False,0.1427,0.1633,0.0206,0.5695,[SANDBOX DATA]
learner_0081,session_0081_05,5,2026-01-20T09:00:00,needs_practice,25.61,14,11,7,0.5,18.07,6,0.7857,0.6,True,0.1633,0.2152,0.0519,0.6057,[SANDBOX DATA]
learner_0081,session_0081_06,6,2026-01-21T09:00:00,improving,21.94,9,7,8,0.8889,15.03,4,0.7778,0.8352,False,0.2152,0.2486,0.0334,0.7837,[SANDBOX DATA]
learner_0081,session_0081_07,7,2026-01-25T09:00:00,needs_practice,24.28,12,9,7,0.5833,28.86,4,0.75,0.68,False,0.2486,0.2527,0.0041,0.661,[SANDBOX DATA]
learner_0081,session_0081_08,8,2026-01-27T09:00:00,needs_practice,42.49,9,6,3,0.3333,16.92,4,0.6667,0.6344,False,0.2527,0.2981,0.0454,0.5213,[SANDBOX DATA]
learner_0082,session_0082_01,1,2026-01-01T09:00:00,needs_practice,36.04,11,8,7,0.6364,27.05,3,0.7273,0.5428,True,0.5158,0.5519,0.036,0.6586,[SANDBOX DATA]
learner_0082,session_0082_02,2,2026-01-04T09:00:00,needs_practice,20.2,13,8,6,0.4615,22.03,7,0.6154,0.5242,False,0.5519,0.5673,0.0154,0.5125,[SANDBOX DATA]
learner_0082,session_0082_03,3,2026-01-09T09:00:00,struggling,27.75,12,7,6,0.5,20.04,7,0.5833,0.4292,False,0.5673,0.5673,0.0,0.49,[SANDBOX DATA]
learner_0082,session_0082_04,4,2026-01-14T09:00:00,improving,28.25,11,11,8,0.7273,18.19,2,1.0,0.7773,True,0.5673,0.6557,0.0884,0.8236,[SANDBOX DATA]
learner_0082,session_0082_05,5,2026-01-20T09:00:00,needs_practice,35.65,12,9,7,0.5833,33.2,8,0.75,0.417,True,0.6557,0.7434,0.0877,0.5417,[SANDBOX DATA]
learner_0082,session_0082_06,6,2026-01-24T09:00:00,struggling,12.06,8,4,2,0.25,23.36,5,0.5,0.3188,True,0.7434,0.7569,0.0134,0.3513,[SANDBOX DATA]
learner_0082,session_0082_07,7,2026-01-27T09:00:00,needs_practice,32.63,11,7,9,0.8182,41.39,6,0.6364,0.5352,True,0.7569,0.7943,0.0374,0.6434,[SANDBOX DATA]
learner_0082,session_0082_08,8,2026-02-01T09:00:00,needs_practice,38.41,14,9,9,0.6429,16.0,11,0.6429,0.5818,False,0.7943,0.7943,0.0,0.5449,[SANDBOX DATA]
learner_0082,session_0082_09,9,2026-02-06T09:00:00,needs_practice,12.81,14,9,9,0.6429,27.04,2,0.6429,0.5833,True,0.7943,0.8682,0.0739,0.6738,[SANDBOX DATA]
learner_0082,session_0082_10,10,2026-02-12T09:00:00,improving,14.88,10,8,8,0.8,20.5,2,0.8,0.7592,True,0.8682,0.9568,0.0886,0.7918,[SANDBOX DATA]
learner_0083,session_0083_01,1,2026-01-01T09:00:00,mastered,20.36,17,12,17,1.0,6.82,1,0.7059,0.9335,True,0.8545,0.8735,0.019,0.9014,[SANDBOX DATA]
learner_0083,session_0083_02,2,2026-01-05T09:00:00,mastered,9.4,16,15,16,1.0,10.76,2,0.9375,0.8612,False,0.8735,0.8735,0.0,0.9316,[SANDBOX DATA]
learner_0083,session_0083_03,3,2026-01-07T09:00:00,mastered,29.27,18,18,16,0.8889,15.67,2,1.0,0.8321,False,0.8735,0.8886,0.0152,0.9053,[SANDBOX DATA]
learner_0083,session_0083_04,4,2026-01-09T09:00:00,mastered,24.56,19,18,18,0.9474,7.32,2,0.9474,0.8668,False,0.8886,0.898,0.0094,0.9207,[SANDBOX DATA]
learner_0083,session_0083_05,5,2026-01-11T09:00:00,mastered,33.16,17,17,16,0.9412,7.21,3,1.0,0.902,True,0.898,0.941,0.043,0.9245,[SANDBOX DATA]
learner_0083,session_0083_06,6,2026-01-13T09:00:00,mastered,15.58,16,14,16,1.0,9.95,0,0.875,0.7627,False,0.941,0.941,0.0,0.9213,[SANDBOX DATA]
learner_0083,session_0083_07,7,2026-01-16T09:00:00,mastered,15.06,11,11,8,0.7273,15.89,1,1.0,0.7668,False,0.941,0.9566,0.0156,0.8397,[SANDBOX DATA]
learner_0083,session_0083_08,8,2026-01-21T09:00:00,mastered,18.47,17,17,16,0.9412,11.95,0,1.0,0.8836,False,0.9566,0.9731,0.0165,0.9561,[SANDBOX DATA]
learner_0083,session_0083_09,9,2026-01-26T09:00:00,mastered,7.17,18,17,18,1.0,13.38,1,0.9444,0.7994,False,0.9731,1.0,0.0269,0.9349,[SANDBOX DATA]
learner_0083,session_0083_10,10,2026-01-28T09:00:00,mastered,25.81,20,16,19,0.95,12.15,2,0.8,0.8822,False,1.0,1.0,0.0,0.8889,[SANDBOX DATA]
learner_0083,session_0083_11,11,2026-02-03T09:00:00,mastered,12.84,15,13,15,1.0,8.99,1,0.8667,0.9314,False,1.0,1.0,0.0,0.9396,[SANDBOX DATA]
learner_0084,session_0084_01,1,2026-01-01T09:00:00,mastered,36.71,13,13,12,0.9231,7.68,0,1.0,0.8974,False,0.8531,0.8611,0.008,0.9525,[SANDBOX DATA]
learner_0084,session_0084_02,2,2026-01-02T09:00:00,mastered,13.4,14,14,13,0.9286,7.26,0,1.0,0.8668,True,0.8611,0.9098,0.0487,0.9484,[SANDBOX DATA]
learner_0084,session_0084_03,3,2026-01-04T09:00:00,mastered,18.17,23,23,23,1.0,13.02,1,1.0,0.9426,False,0.9098,0.9137,0.0039,0.9798,[SANDBOX DATA]
learner_0084,session_0084_04,4,2026-01-08T09:00:00,mastered,18.11,19,19,17,0.8947,6.91,4,1.0,0.8991,False,0.9137,0.9264,0.0128,0.9009,[SANDBOX DATA]
learner_0084,session_0084_05,5,2026-01-12T09:00:00,improving,36.87,13,12,9,0.6923,15.77,1,0.9231,0.922,True,0.9264,1.0,0.0736,0.8421,[SANDBOX DATA]
learner_0084,session_0084_06,6,2026-01-13T09:00:00,improving,17.16,14,11,11,0.7857,11.58,4,0.7857,0.7031,False,1.0,1.0,0.0,0.7549,[SANDBOX DATA]
learner_0084,session_0084_07,7,2026-01-17T09:00:00,needs_practice,26.91,7,5,1,0.1429,45.57,3,0.7143,0.7069,True,1.0,1.0,0.0,0.4842,[SANDBOX DATA]
learner_0084,session_0084_08,8,2026-01-20T09:00:00,improving,27.58,17,14,11,0.6471,21.64,1,0.8235,0.7501,True,1.0,1.0,0.0,0.7706,[SANDBOX DATA]
learner_0084,session_0084_09,9,2026-01-23T09:00:00,improving,37.49,13,12,9,0.6923,15.08,5,0.9231,0.8298,False,1.0,1.0,0.0,0.7621,[SANDBOX DATA]
learner_0084,session_0084_10,10,2026-01-29T09:00:00,improving,34.02,7,6,5,0.7143,17.53,2,0.8571,0.7995,True,1.0,1.0,0.0,0.767,[SANDBOX DATA]
learner_0084,session_0084_11,11,2026-02-03T09:00:00,improving,28.68,16,11,12,0.75,11.93,3,0.6875,0.7466,False,1.0,1.0,0.0,0.7462,[SANDBOX DATA]
learner_0085,session_0085_01,1,2026-01-01T09:00:00,needs_practice,63.28,15,10,8,0.5333,24.09,6,0.6667,0.5594,True,0.2946,0.3281,0.0335,0.5852,[SANDBOX DATA]
learner_0085,session_0085_02,2,2026-01-03T09:00:00,needs_practice,43.69,12,8,6,0.5,42.61,2,0.6667,0.8759,True,0.3281,0.3869,0.0588,0.6835,[SANDBOX DATA]
learner_0085,session_0085_03,3,2026-01-04T09:00:00,needs_practice,18.72,17,12,9,0.5294,29.78,9,0.7059,0.6856,True,0.3869,0.4137,0.0268,0.593,[SANDBOX DATA]
learner_0085,session_0085_04,4,2026-01-06T09:00:00,struggling,20.4,3,2,1,0.3333,27.09,1,0.6667,0.3582,False,0.4137,0.4137,0.0,0.4883,[SANDBOX DATA]
learner_0085,session_0085_05,5,2026-01-08T09:00:00,struggling,14.7,3,2,1,0.3333,24.32,1,0.6667,0.3857,True,0.4137,0.4155,0.0018,0.4938,[SANDBOX DATA]
learner_0085,session_0085_06,6,2026-01-13T09:00:00,struggling,28.7,3,1,1,0.3333,60.16,1,0.3333,0.2973,True,0.4155,0.4805,0.065,0.3928,[SANDBOX DATA]
learner_0085,session_0085_07,7,2026-01-16T09:00:00,struggling,19.64,6,3,2,0.3333,16.48,4,0.5,0.2383,True,0.4805,0.4983,0.0179,0.356,[SANDBOX DATA]
learner_0085,session_0085_08,8,2026-01-22T09:00:00,struggling,11.63,6,3,1,0.1667,35.56,5,0.5,0.3553,False,0.4983,0.5322,0.0338,0.2877,[SANDBOX DATA]
learner_0085,session_0085_09,9,2026-01-25T09:00:00,struggling,32.67,6,3,2,0.3333,30.3,3,0.5,0.4862,False,0.5322,0.5322,0.0,0.4389,[SANDBOX DATA]
learner_0086,session_0086_01,1,2026-01-01T09:00:00,mastered,24.64,21,21,18,0.8571,12.91,1,1.0,0.9065,False,0.9185,0.9296,0.0112,0.9218,[SANDBOX DATA]
learner_0086,session_0086_02,2,2026-01-04T09:00:00,mastered,17.21,21,21,17,0.8095,11.63,1,1.0,0.7497,False,0.9296,0.9296,0.0,0.8737,[SANDBOX DATA]
learner_0086,session_0086_03,3,2026-01-09T09:00:00,improving,39.51,10,9,6,0.6,9.93,3,0.9,0.8882,False,0.9296,0.9296,0.0,0.7526,[SANDBOX DATA]
learner_0086,session_0086_04,4,2026-01-13T09:00:00,improving,29.42,18,16,11,0.6111,19.93,5,0.8889,0.7293,False,0.9296,0.9412,0.0116,0.7264,[SANDBOX DATA]
learner_0086,session_0086_05,5,2026-01-19T09:00:00,improving,14.44,17,17,9,0.5294,10.33,3,1.0,0.7962,False,0.9412,0.9778,0.0366,0.7592,[SANDBOX DATA]
learner_0086,session_0086_06,6,2026-01-25T09:00:00,improving,25.73,14,12,8,0.5714,19.59,1,0.8571,0.6486,True,0.9778,1.0,0.0222,0.7297,[SANDBOX DATA]
learner_0086,session_0086_07,7,2026-01-30T09:00:00,improving,24.75,7,6,5,0.7143,16.51,3,0.8571,0.823,True,1.0,1.0,0.0,0.7432,[SANDBOX DATA]
learner_0086,session_0086_08,8,2026-01-31T09:00:00,mastered,26.27,16,13,15,0.9375,7.92,0,0.8125,0.8308,False,1.0,1.0,0.0,0.8974,[SANDBOX DATA]
learner_0086,session_0086_09,9,2026-02-02T09:00:00,mastered,16.59,16,14,14,0.875,6.68,3,0.875,0.7749,True,1.0,1.0,0.0,0.8425,[SANDBOX DATA]
learner_0086,session_0086_10,10,2026-02-04T09:00:00,mastered,24.79,17,17,14,0.8235,10.21,1,1.0,0.77,False,1.0,1.0,0.0,0.8805,[SANDBOX DATA]
learner_0087,session_0087_01,1,2026-01-01T09:00:00,needs_practice,18.47,15,10,9,0.6,21.64,7,0.6667,0.5456,False,0.2937,0.2937,0.0,0.5924,[SANDBOX DATA]
learner_0087,session_0087_02,2,2026-01-04T09:00:00,improving,24.02,14,13,10,0.7143,9.12,2,0.9286,0.7867,False,0.2937,0.3475,0.0538,0.8109,[SANDBOX DATA]
learner_0087,session_0087_03,3,2026-01-05T09:00:00,improving,16.75,10,10,9,0.9,17.71,1,1.0,0.6716,True,0.3475,0.4209,0.0734,0.8793,[SANDBOX DATA]
learner_0087,session_0087_04,4,2026-01-11T09:00:00,mastered,15.04,15,15,14,0.9333,8.9,0,1.0,0.8698,True,0.4209,0.4775,0.0566,0.9506,[SANDBOX DATA]
learner_0087,session_0087_05,5,2026-01-17T09:00:00,mastered,29.22,14,13,13,0.9286,7.51,2,0.9286,1.0,True,0.4775,0.4956,0.0181,0.9286,[SANDBOX DATA]
learner_0087,session_0087_06,6,2026-01-18T09:00:00,mastered,16.53,18,15,14,0.7778,12.02,1,0.8333,0.7374,False,0.4956,0.5155,0.0198,0.8169,[SANDBOX DATA]
learner_0087,session_0087_07,7,2026-01-19T09:00:00,improving,12.22,16,13,11,0.6875,24.93,3,0.8125,0.8207,True,0.5155,0.5983,0.0828,0.7704,[SANDBOX DATA]
learner_0087,session_0087_08,8,2026-01-24T09:00:00,mastered,47.4,10,8,9,0.9,7.38,1,0.8,0.7914,False,0.5983,0.6282,0.03,0.8533,[SANDBOX DATA]
learner_0087,session_0087_09,9,2026-01-30T09:00:00,mastered,20.52,19,19,19,1.0,8.95,1,1.0,0.8722,False,0.6282,0.6489,0.0207,0.9639,[SANDBOX DATA]
learner_0087,session_0087_10,10,2026-02-02T09:00:00,mastered,34.3,7,7,7,1.0,7.89,1,1.0,0.8847,False,0.6489,0.6725,0.0236,0.9484,[SANDBOX DATA]
learner_0087,session_0087_11,11,2026-02-05T09:00:00,mastered,17.94,18,18,15,0.8333,11.8,1,1.0,0.9101,False,0.6725,0.6892,0.0166,0.9126,[SANDBOX DATA]
learner_0087,session_0087_12,12,2026-02-10T09:00:00,mastered,14.8,19,16,16,0.8421,14.41,1,0.8421,0.8136,False,0.6892,0.7315,0.0424,0.8575,[SANDBOX DATA]
learner_0088,session_0088_01,1,2026-01-01T09:00:00,improving,28.05,11,9,7,0.6364,18.68,2,0.8182,0.7549,False,0.6673,0.6961,0.0288,0.7419,[SANDBOX DATA]
learner_0088,session_0088_02,2,2026-01-07T09:00:00,improving,37.36,11,10,8,0.7273,12.49,3,0.9091,0.7607,False,0.6961,0.7324,0.0363,0.7794,[SANDBOX DATA]
learner_0088,session_0088_03,3,2026-01-08T09:00:00,needs_practice,31.17,13,9,6,0.4615,47.55,6,0.6923,0.6653,True,0.7324,0.7775,0.0452,0.5754,[SANDBOX DATA]
learner_0088,session_0088_04,4,2026-01-12T09:00:00,needs_practice,34.98,9,6,6,0.6667,25.77,4,0.6667,0.7311,False,0.7775,0.8162,0.0386,0.6573,[SANDBOX DATA]
learner_0088,session_0088_05,5,2026-01-17T09:00:00,improving,35.94,12,9,10,0.8333,10.78,0,0.75,0.8581,True,0.8162,0.8885,0.0724,0.8508,[SANDBOX DATA]
learner_0088,session_0088_06,6,2026-01-20T09:00:00,mastered,14.23,17,16,16,0.9412,10.62,1,0.9412,1.0,True,0.8885,0.936,0.0475,0.9529,[SANDBOX DATA]
learner_0088,session_0088_07,7,2026-01-21T09:00:00,mastered,15.48,11,11,10,0.9091,8.8,3,1.0,0.9653,False,0.936,0.9465,0.0105,0.9067,[SANDBOX DATA]
learner_0088,session_0088_08,8,2026-01-22T09:00:00,mastered,12.01,17,17,15,0.8824,6.28,3,1.0,0.9474,False,0.9465,0.9465,0.0,0.913,[SANDBOX DATA]
learner_0089,session_0089_01,1,2026-01-01T09:00:00,needs_practice,22.48,14,8,6,0.4286,13.33,5,0.5714,0.6617,False,0.545,0.5493,0.0043,0.5538,[SANDBOX DATA]
learner_0089,session_0089_02,2,2026-01-06T09:00:00,needs_practice,32.89,13,8,7,0.5385,20.52,10,0.6154,0.5373,False,0.5493,0.5594,0.0101,0.4959,[SANDBOX DATA]
learner_0089,session_0089_03,3,2026-01-09T09:00:00,needs_practice,25.91,13,10,9,0.6923,19.03,5,0.7692,0.7649,True,0.5594,0.6005,0.0411,0.7107,[SANDBOX DATA]
learner_0089,session_0089_04,4,2026-01-11T09:00:00,needs_practice,31.58,9,6,5,0.5556,20.7,2,0.6667,0.4685,False,0.6005,0.6064,0.0059,0.6104,[SANDBOX DATA]
learner_0089,session_0089_05,5,2026-01-13T09:00:00,needs_practice,36.65,10,7,5,0.5,16.27,4,0.7,0.6376,False,0.6064,0.6115,0.0051,0.5975,[SANDBOX DATA]
learner_0089,session_0089_06,6,2026-01-15T09:00:00,needs_practice,20.41,8,6,3,0.375,16.1,5,0.75,0.5906,True,0.6115,0.6434,0.0318,0.5119,[SANDBOX DATA]
learner_0089,session_0089_07,7,2026-01-18T09:00:00,needs_practice,24.83,11,7,4,0.3636,22.96,4,0.6364,0.569,True,0.6434,0.6636,0.0202,0.5274,[SANDBOX DATA]
learner_0089,session_0089_08,8,2026-01-23T09:00:00,struggling,21.32,6,4,4,0.6667,36.35,3,0.6667,0.4399,True,0.6636,0.7148,0.0512,0.588,[SANDBOX DATA]
learner_0089,session_0089_09,9,2026-01-27T09:00:00,struggling,24.37,10,6,2,0.2,26.31,8,0.6,0.3562,True,0.7148,0.7148,0.0,0.3312,[SANDBOX DATA]
learner_0089,session_0089_10,10,2026-01-31T09:00:00,struggling,20.96,10,4,4,0.4,43.74,5,0.4,0.4718,True,0.7148,0.7366,0.0217,0.4344,[SANDBOX DATA]
learner_0090,session_0090_01,1,2026-01-01T09:00:00,needs_practice,24.44,10,8,5,0.5,13.74,3,0.8,0.6178,True,0.4616,0.5173,0.0557,0.6386,[SANDBOX DATA]
learner_0090,session_0090_02,2,2026-01-02T09:00:00,needs_practice,23.87,13,12,5,0.3846,25.98,5,0.9231,0.589,True,0.5173,0.6349,0.1177,0.6063,[SANDBOX DATA]
learner_0090,session_0090_03,3,2026-01-06T09:00:00,needs_practice,51.22,13,10,6,0.4615,19.77,5,0.7692,0.5978,False,0.6349,0.6862,0.0513,0.5965,[SANDBOX DATA]
learner_0090,session_0090_04,4,2026-01-07T09:00:00,needs_practice,33.73,11,7,3,0.2727,26.23,5,0.6364,0.6113,False,0.6862,0.711,0.0248,0.4859,[SANDBOX DATA]
learner_0090,session_0090_05,5,2026-01-11T09:00:00,needs_practice,31.69,16,12,8,0.5,14.73,8,0.75,0.561,True,0.711,0.7301,0.019,0.5747,[SANDBOX DATA]
learner_0090,session_0090_06,6,2026-01-14T09:00:00,needs_practice,23.6,15,11,9,0.6,12.22,4,0.7333,0.6914,True,0.7301,0.7803,0.0503,0.6783,[SANDBOX DATA]
learner_0090,session_0090_07,7,2026-01-18T09:00:00,needs_practice,26.9,16,13,12,0.75,40.05,8,0.8125,0.4969,False,0.7803,0.7923,0.012,0.665,[SANDBOX DATA]
learner_0090,session_0090_08,8,2026-01-19T09:00:00,improving,23.32,17,15,16,0.9412,22.03,8,0.8824,0.7126,False,0.7923,0.8899,0.0976,0.7984,[SANDBOX DATA]
learner_0091,session_0091_01,1,2026-01-01T09:00:00,struggling,16.35,9,5,4,0.4444,24.88,7,0.5556,0.3995,True,0.1498,0.1573,0.0075,0.4188,[SANDBOX DATA]
learner_0091,session_0091_02,2,2026-01-05T09:00:00,struggling,23.96,12,7,4,0.3333,24.15,6,0.5833,0.3651,True,0.1573,0.164,0.0067,0.4355,[SANDBOX DATA]
learner_0091,session_0091_03,3,2026-01-10T09:00:00,mastered,24.44,16,15,15,0.9375,10.26,0,0.9375,0.885,False,0.164,0.2021,0.0382,0.9395,[SANDBOX DATA]
learner_0091,session_0091_04,4,2026-01-15T09:00:00,mastered,14.35,11,11,10,0.9091,9.98,1,1.0,0.761,False,0.2021,0.2102,0.0081,0.9022,[SANDBOX DATA]
learner_0091,session_0091_05,5,2026-01-16T09:00:00,mastered,14.61,21,21,18,0.8571,7.38,2,1.0,0.9307,True,0.2102,0.2549,0.0447,0.9171,[SANDBOX DATA]
learner_0091,session_0091_06,6,2026-01-20T09:00:00,mastered,20.89,18,15,15,0.8333,8.68,1,0.8333,0.7375,False,0.2549,0.2927,0.0378,0.8364,[SANDBOX DATA]
learner_0091,session_0091_07,7,2026-01-22T09:00:00,mastered,15.65,7,7,6,0.8571,6.82,0,1.0,0.7899,False,0.2927,0.3014,0.0087,0.908,[SANDBOX DATA]
learner_0091,session_0091_08,8,2026-01-26T09:00:00,mastered,19.87,18,17,15,0.8333,6.35,1,0.9444,0.7807,False,0.3014,0.3192,0.0177,0.8728,[SANDBOX DATA]
learner_0091,session_0091_09,9,2026-01-31T09:00:00,improving,35.05,16,10,12,0.75,16.39,5,0.625,0.6891,True,0.3192,0.3804,0.0612,0.6941,[SANDBOX DATA]
learner_0092,session_0092_01,1,2026-01-01T09:00:00,improving,24.83,12,12,9,0.75,19.42,5,1.0,0.6825,False,0.6505,0.7181,0.0675,0.7657,[SANDBOX DATA]
learner_0092,session_0092_02,2,2026-01-06T09:00:00,needs_practice,38.0,16,12,8,0.5,31.29,5,0.75,0.5749,False,0.7181,0.746,0.0279,0.615,[SANDBOX DATA]
learner_0092,session_0092_03,3,2026-01-10T09:00:00,needs_practice,20.71,9,5,5,0.5556,28.82,1,0.5556,0.5179,False,0.746,0.8313,0.0853,0.6147,[SANDBOX DATA]
learner_0092,session_0092_04,4,2026-01-16T09:00:00,improving,27.54,18,13,12,0.6667,13.85,7,0.7222,0.8751,False,0.8313,0.8529,0.0216,0.7111,[SANDBOX DATA]
learner_0092,session_0092_05,5,2026-01-19T09:00:00,improving,14.56,13,10,12,0.9231,12.21,7,0.7692,0.8164,True,0.8529,0.9939,0.141,0.771,[SANDBOX DATA]
learner_0092,session_0092_06,6,2026-01-22T09:00:00,needs_practice,52.96,12,8,6,0.5,14.07,3,0.6667,0.6785,True,0.9939,0.9939,0.0,0.6274,[SANDBOX DATA]
learner_0092,session_0092_07,7,2026-01-28T09:00:00,improving,25.64,17,14,13,0.7647,22.76,4,0.8235,0.8567,False,0.9939,1.0,0.0061,0.7978,[SANDBOX DATA]
learner_0092,session_0092_08,8,2026-02-01T09:00:00,mastered,19.09,19,19,15,0.7895,9.02,1,1.0,0.9824,False,1.0,1.0,0.0,0.9123,[SANDBOX DATA]
learner_0092,session_0092_09,9,2026-02-04T09:00:00,mastered,19.88,16,16,14,0.875,9.95,2,1.0,0.9224,False,1.0,1.0,0.0,0.9157,[SANDBOX DATA]
learner_0093,session_0093_01,1,2026-01-01T09:00:00,mastered,16.68,13,12,11,0.8462,8.68,0,0.9231,0.9267,False,0.8956,0.8956,0.0,0.9123,[SANDBOX DATA]
learner_0093,session_0093_02,2,2026-01-07T09:00:00,mastered,18.77,21,16,16,0.7619,11.69,2,0.7619,0.8943,False,0.8956,0.9023,0.0066,0.8169,[SANDBOX DATA]
learner_0093,session_0093_03,3,2026-01-09T09:00:00,improving,21.1,11,10,8,0.7273,12.04,3,0.9091,0.6761,True,0.9023,0.9524,0.0502,0.7625,[SANDBOX DATA]
learner_0093,session_0093_04,4,2026-01-13T09:00:00,mastered,14.49,21,21,19,0.9048,7.4,0,1.0,0.747,True,0.9524,0.9677,0.0152,0.9161,[SANDBOX DATA]
learner_0093,session_0093_05,5,2026-01-16T09:00:00,mastered,11.76,13,12,10,0.7692,6.23,0,0.9231,1.0,False,0.9677,0.9871,0.0195,0.9,[SANDBOX DATA]
learner_0093,session_0093_06,6,2026-01-18T09:00:00,mastered,21.38,16,16,15,0.9375,7.32,2,1.0,0.8626,False,0.9871,0.9957,0.0085,0.9256,[SANDBOX DATA]
learner_0093,session_0093_07,7,2026-01-24T09:00:00,improving,25.0,11,9,6,0.5455,13.79,4,0.8182,0.7663,True,0.9957,1.0,0.0043,0.676,[SANDBOX DATA]
learner_0093,session_0093_08,8,2026-01-26T09:00:00,improving,17.68,19,15,13,0.6842,13.1,4,0.7895,0.6951,True,1.0,1.0,0.0,0.7337,[SANDBOX DATA]
learner_0093,session_0093_09,9,2026-01-29T09:00:00,mastered,8.78,16,16,13,0.8125,7.46,1,1.0,0.9674,False,1.0,1.0,0.0,0.9153,[SANDBOX DATA]
learner_0093,session_0093_10,10,2026-02-02T09:00:00,mastered,23.9,11,10,11,1.0,9.0,1,0.9091,0.9786,False,1.0,1.0,0.0,0.9548,[SANDBOX DATA]
learner_0094,session_0094_01,1,2026-01-01T09:00:00,improving,33.34,14,14,10,0.7143,12.72,2,1.0,0.7503,False,0.6157,0.6613,0.0456,0.8215,[SANDBOX DATA]
learner_0094,session_0094_02,2,2026-01-05T09:00:00,mastered,16.99,24,23,21,0.875,7.18,2,0.9583,0.8618,False,0.6613,0.6613,0.0,0.9015,[SANDBOX DATA]
learner_0094,session_0094_03,3,2026-01-09T09:00:00,needs_practice,32.31,11,8,8,0.7273,38.04,5,0.7273,0.6246,True,0.6613,0.6613,0.0,0.6704,[SANDBOX DATA]
learner_0094,session_0094_04,4,2026-01-12T09:00:00,needs_practice,13.15,9,6,4,0.4444,27.05,4,0.6667,0.6296,True,0.6613,0.6975,0.0362,0.5593,[SANDBOX DATA]
learner_0094,session_0094_05,5,2026-01-17T09:00:00,needs_practice,31.43,10,7,7,0.7,14.19,3,0.7,0.6312,False,0.6975,0.727,0.0295,0.6862,[SANDBOX DATA]
learner_0094,session_0094_06,6,2026-01-22T09:00:00,struggling,17.4,10,6,3,0.3,31.84,6,0.6,0.4921,False,0.727,0.7397,0.0127,0.4334,[SANDBOX DATA]
learner_0094,session_0094_07,7,2026-01-24T09:00:00,needs_practice,39.19,13,8,7,0.5385,18.53,6,0.6154,0.5084,False,0.7397,0.7397,0.0,0.5517,[SANDBOX DATA]
learner_0094,session_0094_08,8,2026-01-28T09:00:00,needs_practice,41.23,12,9,5,0.4167,19.25,4,0.75,0.583,False,0.7397,0.7635,0.0239,0.5833,[SANDBOX DATA]
learner_0094,session_0094_09,9,2026-01-29T09:00:00,needs_practice,26.6,7,5,4,0.5714,25.15,2,0.7143,0.5327,True,0.7635,0.7641,0.0006,0.628,[SANDBOX DATA]
learner_0095,session_0095_01,1,2026-01-01T09:00:00,needs_practice,41.2,11,7,6,0.5455,17.07,2,0.6364,0.5854,True,0.3098,0.3884,0.0786,0.6307,[SANDBOX DATA]
learner_0095,session_0095_02,2,2026-01-05T09:00:00,needs_practice,15.77,10,6,5,0.5,11.92,4,0.6,0.5853,True,0.3884,0.448,0.0596,0.5621,[SANDBOX DATA]
learner_0095,session_0095_03,3,2026-01-09T09:00:00,needs_practice,17.0,10,6,5,0.5,20.85,5,0.6,0.6054,False,0.448,0.4504,0.0024,0.5461,[SANDBOX DATA]
learner_0095,session_0095_04,4,2026-01-12T09:00:00,improving,16.83,11,7,10,0.9091,14.83,3,0.6364,0.8151,False,0.4504,0.4788,0.0284,0.7857,[SANDBOX DATA]
learner_0095,session_0095_05,5,2026-01-15T09:00:00,improving,26.53,17,14,14,0.8235,14.01,2,0.8235,0.8484,True,0.4788,0.5565,0.0777,0.8403,[SANDBOX DATA]
learner_0095,session_0095_06,6,2026-01-17T09:00:00,mastered,14.76,13,11,12,0.9231,13.87,0,0.8462,0.7775,False,0.5565,0.5739,0.0174,0.8901,[SANDBOX DATA]
learner_0095,session_0095_07,7,2026-01-23T09:00:00,mastered,11.53,17,15,15,0.8824,14.78,1,0.8824,0.7893,False,0.5739,0.5882,0.0144,0.8755,[SANDBOX DATA]
learner_0095,session_0095_08,8,2026-01-27T09:00:00,mastered,13.64,20,17,18,0.9,8.79,1,0.85,0.9387,False,0.5882,0.5962,0.008,0.9052,[SANDBOX DATA]
learner_0096,session_0096_01,1,2026-01-01T09:00:00,mastered,19.97,17,15,14,0.8235,8.68,2,0.8824,0.9152,True,0.8161,0.871,0.0548,0.8683,[SANDBOX DATA]
learner_0096,session_0096_02,2,2026-01-05T09:00:00,mastered,24.94,19,19,17,0.8947,15.34,1,1.0,0.9008,False,0.871,0.8884,0.0174,0.9328,[SANDBOX DATA]
learner_0096,session_0096_03,3,2026-01-10T09:00:00,mastered,15.88,16,16,15,0.9375,9.13,3,1.0,0.9264,False,0.8884,0.894,0.0056,0.9259,[SANDBOX DATA]
learner_0096,session_0096_04,4,2026-01-14T09:00:00,mastered,16.39,18,17,17,0.9444,7.25,3,0.9444,0.9449,False,0.894,0.9171,0.0231,0.9223,[SANDBOX DATA]
learner_0096,session_0096_05,5,2026-01-15T09:00:00,mastered,23.13,21,20,18,0.8571,8.74,0,0.9524,0.9166,False,0.9171,0.9532,0.0361,0.9214,[SANDBOX DATA]
learner_0096,session_0096_06,6,2026-01-18T09:00:00,mastered,18.6,14,13,12,0.8571,9.42,0,0.9286,0.913,False,0.9532,0.9679,0.0146,0.9147,[SANDBOX DATA]
learner_0096,session_0096_07,7,2026-01-23T09:00:00,needs_practice,53.98,11,7,5,0.4545,18.86,4,0.6364,0.5654,True,0.9679,1.0,0.0321,0.5585,[SANDBOX DATA]
learner_0096,session_0096_08,8,2026-01-29T09:00:00,mastered,18.67,6,6,5,0.8333,11.14,0,1.0,0.7844,False,1.0,1.0,0.0,0.8985,[SANDBOX DATA]
learner_0097,session_0097_01,1,2026-01-01T09:00:00,improving,27.21,9,8,7,0.7778,24.09,2,0.8889,0.8503,False,0.6544,0.7281,0.0737,0.8201,[SANDBOX DATA]
learner_0097,session_0097_02,2,2026-01-04T09:00:00,improving,29.35,18,17,15,0.8333,13.63,4,0.9444,0.693,True,0.7281,0.7428,0.0147,0.8219,[SANDBOX DATA]
learner_0097,session_0097_03,3,2026-01-09T09:00:00,improving,23.17,12,10,7,0.5833,17.72,5,0.8333,0.7943,False,0.7428,0.7541,0.0113,0.688,[SANDBOX DATA]
learner_0097,session_0097_04,4,2026-01-13T09:00:00,improving,25.89,11,11,8,0.7273,19.57,2,1.0,0.7243,False,0.7541,0.7903,0.0361,0.813,[SANDBOX DATA]
learner_0097,session_0097_05,5,2026-01-14T09:00:00,needs_practice,22.82,7,4,4,0.5714,32.19,3,0.5714,0.668,True,0.7903,0.8343,0.044,0.5907,[SANDBOX DATA]
learner_0097,session_0097_06,6,2026-01-17T09:00:00,needs_practice,21.95,15,11,8,0.5333,19.31,6,0.7333,0.6025,True,0.8343,0.8747,0.0404,0.6105,[SANDBOX DATA]
learner_0097,session_0097_07,7,2026-01-19T09:00:00,needs_practice,23.47,11,8,5,0.4545,19.15,6,0.7273,0.6016,True,0.8747,0.8857,0.011,0.5521,[SANDBOX DATA]
learner_0097,session_0097_08,8,2026-01-25T09:00:00,needs_practice,31.76,15,9,8,0.5333,42.93,3,0.6,0.6067,True,0.8857,0.9365,0.0508,0.618,[SANDBOX DATA]
learner_0098,session_0098_01,1,2026-01-01T09:00:00,mastered,14.7,12,11,10,0.8333,8.46,1,0.9167,0.9133,False,0.9005,0.9349,0.0344,0.8868,[SANDBOX DATA]
learner_0098,session_0098_02,2,2026-01-06T09:00:00,mastered,16.79,12,10,11,0.9167,8.77,0,0.8333,0.8336,False,0.9349,0.9386,0.0036,0.8959,[SANDBOX DATA]
learner_0098,session_0098_03,3,2026-01-09T09:00:00,mastered,9.3,15,13,14,0.9333,8.81,1,0.8667,1.0,False,0.9386,0.956,0.0175,0.93,[SANDBOX DATA]
learner_0098,session_0098_04,4,2026-01-14T09:00:00,mastered,11.62,15,13,15,1.0,8.39,1,0.8667,0.9712,True,0.956,0.97,0.014,0.9476,[SANDBOX DATA]
learner_0098,session_0098_05,5,2026-01-16T09:00:00,mastered,32.88,14,13,14,1.0,14.68,0,0.9286,0.8334,False,0.97,0.97,0.0,0.9488,[SANDBOX DATA]
learner_0098,session_0098_06,6,2026-01-20T09:00:00,mastered,26.31,16,13,13,0.8125,13.9,2,0.8125,0.9827,False,0.97,0.9714,0.0014,0.859,[SANDBOX DATA]
learner_0098,session_0098_07,7,2026-01-26T09:00:00,mastered,13.11,11,11,9,0.8182,5.71,0,1.0,0.8633,False,0.9714,0.9725,0.001,0.909,[SANDBOX DATA]
learner_0098,session_0098_08,8,2026-01-28T09:00:00,needs_practice,20.13,10,7,6,0.6,16.61,1,0.7,0.5783,True,0.9725,1.0,0.0275,0.6807,[SANDBOX DATA]
learner_0098,session_0098_09,9,2026-02-01T09:00:00,needs_practice,15.36,12,9,9,0.75,33.62,4,0.75,0.5725,False,1.0,1.0,0.0,0.6978,[SANDBOX DATA]
learner_0098,session_0098_10,10,2026-02-04T09:00:00,improving,25.66,12,10,10,0.8333,14.66,2,0.8333,0.7438,True,1.0,1.0,0.0,0.8154,[SANDBOX DATA]
learner_0098,session_0098_11,11,2026-02-07T09:00:00,improving,28.15,13,12,7,0.5385,37.19,4,0.9231,0.726,True,1.0,1.0,0.0,0.7029,[SANDBOX DATA]
learner_0099,session_0099_01,1,2026-01-01T09:00:00,mastered,16.12,25,24,22,0.88,9.95,2,0.96,0.8277,False,0.9254,0.9254,0.0,0.8975,[SANDBOX DATA]
learner_0099,session_0099_02,2,2026-01-02T09:00:00,mastered,17.29,17,16,15,0.8824,10.95,1,0.9412,1.0,False,0.9254,0.9254,0.0,0.9324,[SANDBOX DATA]
learner_0099,session_0099_03,3,2026-01-03T09:00:00,mastered,22.93,18,17,15,0.8333,9.01,1,0.9444,0.786,False,0.9254,0.943,0.0176,0.8739,[SANDBOX DATA]
learner_0099,session_0099_04,4,2026-01-05T09:00:00,mastered,25.48,20,19,19,0.95,9.77,3,0.95,0.9628,False,0.943,0.9656,0.0226,0.9326,[SANDBOX DATA]
learner_0099,session_0099_05,5,2026-01-10T09:00:00,mastered,23.17,11,9,10,0.9091,7.44,0,0.8182,0.7561,False,0.9656,0.9708,0.0052,0.8739,[SANDBOX DATA]
learner_0099,session_0099_06,6,2026-01-12T09:00:00,improving,28.79,9,8,6,0.6667,26.46,1,0.8889,0.6881,False,0.9708,0.9944,0.0237,0.771,[SANDBOX DATA]
learner_0099,session_0099_07,7,2026-01-13T09:00:00,improving,26.77,10,8,6,0.6,15.24,1,0.8,0.7291,False,0.9944,1.0,0.0056,0.7358,[SANDBOX DATA]
learner_0099,session_0099_08,8,2026-01-17T09:00:00,needs_practice,31.23,11,8,6,0.5455,17.61,3,0.7273,0.5876,True,1.0,1.0,0.0,0.6357,[SANDBOX DATA]
learner_0099,session_0099_09,9,2026-01-18T09:00:00,struggling,11.84,13,4,4,0.3077,20.95,9,0.3077,0.3391,True,1.0,1.0,0.0,0.314,[SANDBOX DATA]
learner_0099,session_0099_10,10,2026-01-23T09:00:00,needs_practice,16.95,7,4,3,0.4286,17.16,1,0.5714,0.4597,True,1.0,1.0,0.0,0.5562,[SANDBOX DATA]
learner_0099,session_0099_11,11,2026-01-24T09:00:00,struggling,22.45,5,3,2,0.4,16.65,2,0.6,0.3865,True,1.0,1.0,0.0,0.4873,[SANDBOX DATA]
learner_0099,session_0099_12,12,2026-01-26T09:00:00,struggling,32.69,14,6,3,0.2143,27.64,3,0.4286,0.5151,False,1.0,1.0,0.0,0.4423,[SANDBOX DATA]
learner_0100,session_0100_01,1,2026-01-01T09:00:00,struggling,23.6,5,3,2,0.4,24.57,2,0.6,0.5412,False,0.2802,0.3138,0.0336,0.5182,[SANDBOX DATA]
learner_0100,session_0100_02,2,2026-01-05T09:00:00,struggling,32.15,5,3,2,0.4,22.99,4,0.6,0.4742,False,0.3138,0.3366,0.0228,0.4248,[SANDBOX DATA]
learner_0100,session_0100_03,3,2026-01-11T09:00:00,struggling,24.44,10,7,6,0.6,26.95,8,0.7,0.3263,True,0.3366,0.3912,0.0546,0.4903,[SANDBOX DATA]
learner_0100,session_0100_04,4,2026-01-12T09:00:00,struggling,29.66,13,7,3,0.2308,47.21,9,0.5385,0.482,False,0.3912,0.3976,0.0063,0.3733,[SANDBOX DATA]
learner_0100,session_0100_05,5,2026-01-18T09:00:00,struggling,17.92,8,4,2,0.25,25.73,3,0.5,0.3284,True,0.3976,0.4186,0.021,0.4032,[SANDBOX DATA]
learner_0100,session_0100_06,6,2026-01-21T09:00:00,struggling,34.44,10,7,6,0.6,16.48,7,0.7,0.289,False,0.4186,0.4439,0.0253,0.5028,[SANDBOX DATA]
learner_0100,session_0100_07,7,2026-01-25T09:00:00,struggling,26.45,7,4,2,0.2857,29.77,5,0.5714,0.4223,False,0.4439,0.4896,0.0457,0.3845,[SANDBOX DATA]
learner_0100,session_0100_08,8,2026-01-27T09:00:00,struggling,16.0,12,7,5,0.4167,10.89,6,0.5833,0.4318,False,0.4896,0.5043,0.0147,0.478,[SANDBOX DATA]
learner_0100,session_0100_09,9,2026-01-28T09:00:00,struggling,21.87,8,5,3,0.375,17.99,5,0.625,0.397,False,0.5043,0.5363,0.0319,0.4419,[SANDBOX DATA]
learner_0100,session_0100_10,10,2026-02-03T09:00:00,struggling,48.55,5,3,2,0.4,35.3,3,0.6,0.4268,False,0.5363,0.5363,0.0,0.4554,[SANDBOX DATA]
learner_0100,session_0100_11,11,2026-02-08T09:00:00,struggling,23.64,11,5,4,0.3636,31.77,8,0.4545,0.3572,True,0.5363,0.5618,0.0255,0.3669,[SANDBOX DATA]
learner_0100,session_0100_12,12,2026-02-10T09:00:00,struggling,18.31,10,4,3,0.3,34.39,6,0.4,0.3473,True,0.5618,0.5819,0.0201,0.3545,[SANDBOX DATA]
learner_0101,session_0101_01,1,2026-01-01T09:00:00,mastered,13.34,20,20,19,0.95,9.48,2,1.0,0.9649,False,0.8909,0.9044,0.0135,0.9555,[SANDBOX DATA]
learner_0101,session_0101_02,2,2026-01-06T09:00:00,improving,14.76,27,19,19,0.7037,22.19,8,0.7037,0.8606,True,0.9044,0.9716,0.0672,0.7351,[SANDBOX DATA]
learner_0101,session_0101_03,3,2026-01-07T09:00:00,mastered,22.06,23,19,21,0.913,6.18,3,0.8261,0.8523,True,0.9716,1.0,0.0284,0.8705,[SANDBOX DATA]
learner_0101,session_0101_04,4,2026-01-08T09:00:00,mastered,26.87,15,13,13,0.8667,12.21,1,0.8667,0.8255,False,1.0,1.0,0.0,0.8718,[SANDBOX DATA]
learner_0101,session_0101_05,5,2026-01-13T09:00:00,improving,18.3,19,16,12,0.6316,12.8,5,0.8421,0.7637,False,1.0,1.0,0.0,0.7317,[SANDBOX DATA]
learner_0101,session_0101_06,6,2026-01-16T09:00:00,mastered,19.9,16,15,13,0.8125,9.42,0,0.9375,1.0,False,1.0,1.0,0.0,0.9187,[SANDBOX DATA]
learner_0101,session_0101_07,7,2026-01-20T09:00:00,mastered,26.16,12,11,11,0.9167,8.8,3,0.9167,0.9573,False,1.0,1.0,0.0,0.8915,[SANDBOX DATA]
learner_0101,session_0101_08,8,2026-01-24T09:00:00,mastered,11.69,21,19,20,0.9524,14.4,0,0.9048,0.7236,False,1.0,1.0,0.0,0.9042,[SANDBOX DATA]
learner_0101,session_0101_09,9,2026-01-30T09:00:00,needs_practice,62.68,14,11,8,0.5714,26.88,4,0.7857,0.6853,True,1.0,1.0,0.0,0.6763,[SANDBOX DATA]
learner_0101,session_0101_10,10,2026-01-31T09:00:00,needs_practice,31.91,16,11,9,0.5625,13.87,6,0.6875,0.7744,False,1.0,1.0,0.0,0.6486,[SANDBOX DATA]
learner_0101,session_0101_11,11,2026-02-06T09:00:00,improving,31.63,18,16,11,0.6111,15.33,3,0.8889,0.9069,False,1.0,1.0,0.0,0.7842,[SANDBOX DATA]
learner_0102,session_0102_01,1,2026-01-01T09:00:00,needs_practice,23.54,11,8,7,0.6364,13.06,7,0.7273,0.7159,False,0.4166,0.4168,0.0002,0.6205,[SANDBOX DATA]
learner_0102,session_0102_02,2,2026-01-02T09:00:00,needs_practice,23.19,10,7,5,0.5,14.26,2,0.7,0.7978,True,0.4168,0.4676,0.0508,0.6696,[SANDBOX DATA]
learner_0102,session_0102_03,3,2026-01-04T09:00:00,needs_practice,31.02,10,8,7,0.7,10.46,3,0.8,0.693,True,0.4676,0.5242,0.0567,0.7236,[SANDBOX DATA]
learner_0102,session_0102_04,4,2026-01-05T09:00:00,needs_practice,23.82,6,5,2,0.3333,23.73,1,0.8333,0.6638,True,0.5242,0.6162,0.092,0.6244,[SANDBOX DATA]
learner_0102,session_0102_05,5,2026-01-11T09:00:00,mastered,17.07,18,14,15,0.8333,9.08,2,0.7778,0.8991,False,0.6162,0.6163,0.0001,0.8437,[SANDBOX DATA]
learner_0102,session_0102_06,6,2026-01-12T09:00:00,mastered,9.68,15,13,13,0.8667,8.44,1,0.8667,0.9101,False,0.6163,0.6436,0.0273,0.8887,[SANDBOX DATA]
learner_0102,session_0102_07,7,2026-01-18T09:00:00,mastered,16.48,18,16,15,0.8333,9.16,2,0.8889,0.8798,False,0.6436,0.6773,0.0337,0.8676,[SANDBOX DATA]
learner_0102,session_0102_08,8,2026-01-23T09:00:00,mastered,28.97,16,16,16,1.0,10.54,2,1.0,0.8335,False,0.6773,0.6984,0.0211,0.9417,[SANDBOX DATA]
learner_0103,session_0103_01,1,2026-01-01T09:00:00,needs_practice,34.07,14,12,8,0.5714,21.15,5,0.8571,0.6932,True,0.3323,0.3907,0.0584,0.6815,[SANDBOX DATA]
learner_0103,session_0103_02,2,2026-01-06T09:00:00,struggling,16.93,9,5,5,0.5556,30.42,5,0.5556,0.3738,True,0.3907,0.4017,0.011,0.497,[SANDBOX DATA]
learner_0103,session_0103_03,3,2026-01-09T09:00:00,struggling,18.85,8,5,3,0.375,31.32,4,0.625,0.4956,False,0.4017,0.4373,0.0356,0.4866,[SANDBOX DATA]
learner_0103,session_0103_04,4,2026-01-14T09:00:00,struggling,24.94,13,6,7,0.5385,21.81,8,0.4615,0.4781,False,0.4373,0.4373,0.0,0.4764,[SANDBOX DATA]
learner_0103,session_0103_05,5,2026-01-18T09:00:00,struggling,22.33,10,7,3,0.3,12.24,7,0.7,0.4628,True,0.4373,0.4852,0.0479,0.4326,[SANDBOX DATA]
learner_0103,session_0103_06,6,2026-01-20T09:00:00,struggling,18.36,9,5,4,0.4444,30.96,3,0.5556,0.3873,True,0.4852,0.5045,0.0193,0.5052,[SANDBOX DATA]
learner_0103,session_0103_07,7,2026-01-26T09:00:00,struggling,30.27,13,7,5,0.3846,29.49,8,0.5385,0.3788,True,0.5045,0.5045,0.0,0.4219,[SANDBOX DATA]
learner_0103,session_0103_08,8,2026-02-01T09:00:00,struggling,24.88,7,3,2,0.2857,41.66,5,0.4286,0.4229,True,0.5045,0.5348,0.0302,0.3489,[SANDBOX DATA]
learner_0103,session_0103_09,9,2026-02-02T09:00:00,struggling,22.89,15,9,2,0.1333,24.39,12,0.6,0.3152,True,0.5348,0.5653,0.0305,0.2997,[SANDBOX DATA]
learner_0103,session_0103_10,10,2026-02-04T09:00:00,improving,26.77,15,12,10,0.6667,14.91,2,0.8,0.8713,False,0.5653,0.5872,0.022,0.7809,[SANDBOX DATA]
learner_0104,session_0104_01,1,2026-01-01T09:00:00,struggling,31.75,6,3,2,0.3333,26.29,2,0.5,0.4477,True,0.1766,0.1968,0.0201,0.4645,[SANDBOX DATA]
learner_0104,session_0104_02,2,2026-01-03T09:00:00,needs_practice,29.76,16,14,7,0.4375,20.92,6,0.875,0.6275,True,0.1968,0.2479,0.0511,0.6224,[SANDBOX DATA]
learner_0104,session_0104_03,3,2026-01-09T09:00:00,needs_practice,53.01,13,11,8,0.6154,15.37,2,0.8462,0.7429,False,0.2479,0.2501,0.0022,0.7447,[SANDBOX DATA]
learner_0104,session_0104_04,4,2026-01-11T09:00:00,improving,38.05,18,17,13,0.7222,16.16,3,0.9444,0.72,True,0.2501,0.3297,0.0795,0.7996,[SANDBOX DATA]
learner_0104,session_0104_05,5,2026-01-17T09:00:00,improving,13.88,14,12,8,0.5714,14.89,3,0.8571,0.703,False,0.3297,0.3402,0.0105,0.712,[SANDBOX DATA]
learner_0104,session_0104_06,6,2026-01-22T09:00:00,mastered,15.11,21,18,19,0.9048,11.74,2,0.8571,0.8229,False,0.3402,0.3841,0.0439,0.8765,[SANDBOX DATA]
learner_0104,session_0104_07,7,2026-01-28T09:00:00,improving,21.03,18,14,15,0.8333,13.96,3,0.7778,0.9291,True,0.3841,0.4814,0.0972,0.8386,[SANDBOX DATA]
learner_0104,session_0104_08,8,2026-02-01T09:00:00,improving,11.78,23,21,17,0.7391,10.31,6,0.913,0.9192,False,0.4814,0.5432,0.0618,0.8186,[SANDBOX DATA]
learner_0104,session_0104_09,9,2026-02-04T09:00:00,improving,23.97,12,11,10,0.8333,16.82,2,0.9167,0.8032,True,0.5432,0.6601,0.117,0.8481,[SANDBOX DATA]
learner_0104,session_0104_10,10,2026-02-06T09:00:00,improving,30.2,21,18,16,0.7619,14.84,6,0.8571,0.8342,False,0.6601,0.7426,0.0825,0.7907,[SANDBOX DATA]
learner_0104,session_0104_11,11,2026-02-09T09:00:00,improving,30.23,12,11,10,0.8333,15.8,3,0.9167,0.73,False,0.7426,0.7426,0.0,0.8168,[SANDBOX DATA]
learner_0105,session_0105_01,1,2026-01-01T09:00:00,struggling,16.66,14,5,10,0.7143,82.88,8,0.3571,0.4194,False,0.057,0.0601,0.0031,0.5089,[SANDBOX DATA]
learner_0105,session_0105_02,2,2026-01-02T09:00:00,struggling,20.01,12,6,3,0.25,44.81,6,0.5,0.539,True,0.0601,0.1528,0.0927,0.4203,[SANDBOX DATA]
learner_0105,session_0105_03,3,2026-01-06T09:00:00,struggling,15.71,12,7,1,0.0833,17.7,7,0.5833,0.4844,True,0.1528,0.1762,0.0235,0.3552,[SANDBOX DATA]
learner_0105,session_0105_04,4,2026-01-09T09:00:00,needs_practice,22.7,17,13,10,0.5882,13.7,10,0.7647,0.6457,False,0.1762,0.1935,0.0173,0.6085,[SANDBOX DATA]
learner_0105,session_0105_05,5,2026-01-14T09:00:00,needs_practice,20.07,4,3,2,0.5,18.57,0,0.75,0.5633,True,0.1935,0.2337,0.0402,0.6752,[SANDBOX DATA]
learner_0105,session_0105_06,6,2026-01-19T09:00:00,improving,26.86,13,9,11,0.8462,17.85,2,0.6923,0.7965,True,0.2337,0.2781,0.0444,0.7978,[SANDBOX DATA]
learner_0105,session_0105_07,7,2026-01-23T09:00:00,needs_practice,27.0,9,6,4,0.4444,31.54,4,0.6667,0.6074,True,0.2781,0.3438,0.0657,0.5548,[SANDBOX DATA]
learner_0105,session_0105_08,8,2026-01-25T09:00:00,needs_practice,38.65,13,11,7,0.5385,20.77,5,0.8462,0.6285,False,0.3438,0.3885,0.0447,0.6488,[SANDBOX DATA]
learner_0106,session_0106_01,1,2026-01-01T09:00:00,improving,17.97,15,13,10,0.6667,11.58,4,0.8667,0.8928,False,0.7026,0.7604,0.0578,0.7752,[SANDBOX DATA]
learner_0106,session_0106_02,2,2026-01-04T09:00:00,needs_practice,24.11,11,9,7,0.6364,25.99,5,0.8182,0.6914,True,0.7604,0.8404,0.08,0.6746,[SANDBOX DATA]
learner_0106,session_0106_03,3,2026-01-07T09:00:00,needs_practice,20.07,10,7,5,0.5,18.88,4,0.7,0.6124,True,0.8404,0.9403,0.0999,0.5925,[SANDBOX DATA]
learner_0106,session_0106_04,4,2026-01-11T09:00:00,struggling,27.59,8,4,3,0.375,25.15,5,0.5,0.364,True,0.9403,0.9611,0.0208,0.4041,[SANDBOX DATA]
learner_0106,session_0106_05,5,2026-01-13T09:00:00,struggling,25.29,10,5,3,0.3,19.47,8,0.5,0.4709,True,0.9611,0.9713,0.0102,0.3642,[SANDBOX DATA]
learner_0106,session_0106_06,6,2026-01-17T09:00:00,struggling,26.28,7,4,3,0.4286,30.62,6,0.5714,0.4553,True,0.9713,1.0,0.0287,0.4125,[SANDBOX DATA]
learner_0106,session_0106_07,7,2026-01-21T09:00:00,struggling,23.9,14,7,6,0.4286,24.78,8,0.5,0.4634,False,1.0,1.0,0.0,0.4534,[SANDBOX DATA]
learner_0106,session_0106_08,8,2026-01-22T09:00:00,struggling,20.35,9,4,4,0.4444,28.78,7,0.4444,0.421,True,1.0,1.0,0.0,0.3953,[SANDBOX DATA]
learner_0106,session_0106_09,9,2026-01-24T09:00:00,improving,32.37,15,14,13,0.8667,11.46,0,0.9333,0.8047,True,1.0,1.0,0.0,0.8976,[SANDBOX DATA]
learner_0106,session_0106_10,10,2026-01-30T09:00:00,mastered,20.05,17,14,14,0.8235,6.32,1,0.8235,0.9617,False,1.0,1.0,0.0,0.8747,[SANDBOX DATA]
learner_0106,session_0106_11,11,2026-01-31T09:00:00,mastered,16.21,19,15,18,0.9474,14.39,2,0.7895,0.845,True,1.0,1.0,0.0,0.8769,[SANDBOX DATA]
learner_0106,session_0106_12,12,2026-02-06T09:00:00,mastered,28.44,18,17,14,0.7778,9.92,3,0.9444,0.8017,False,1.0,1.0,0.0,0.8353,[SANDBOX DATA]
learner_0107,session_0107_01,1,2026-01-01T09:00:00,needs_practice,36.9,13,9,7,0.5385,23.88,6,0.6923,0.5733,True,0.3599,0.3775,0.0177,0.5839,[SANDBOX DATA]
learner_0107,session_0107_02,2,2026-01-03T09:00:00,needs_practice,27.94,15,10,9,0.6,17.85,6,0.6667,0.5758,False,0.3775,0.4054,0.0279,0.6118,[SANDBOX DATA]
learner_0107,session_0107_03,3,2026-01-06T09:00:00,needs_practice,38.86,16,11,10,0.625,23.77,7,0.6875,0.63,True,0.4054,0.4364,0.0309,0.6291,[SANDBOX DATA]
learner_0107,session_0107_04,4,2026-01-11T09:00:00,needs_practice,21.32,18,15,8,0.4444,11.35,9,0.8333,0.6026,False,0.4364,0.4773,0.041,0.5844,[SANDBOX DATA]
learner_0107,session_0107_05,5,2026-01-17T09:00:00,improving,34.58,15,11,12,0.8,13.56,1,0.7333,0.8947,True,0.4773,0.5282,0.0509,0.8289,[SANDBOX DATA]
learner_0107,session_0107_06,6,2026-01-23T09:00:00,needs_practice,30.35,9,7,4,0.4444,14.92,4,0.7778,0.566,False,0.5282,0.5686,0.0403,0.5743,[SANDBOX DATA]
learner_0107,session_0107_07,7,2026-01-27T09:00:00,mastered,16.62,17,17,16,0.9412,11.06,1,1.0,0.9275,True,0.5686,0.5901,0.0215,0.9532,[SANDBOX DATA]
learner_0107,session_0107_08,8,2026-02-02T09:00:00,mastered,14.06,17,16,15,0.8824,6.44,0,0.9412,0.8946,False,0.5901,0.5901,0.0,0.923,[SANDBOX DATA]
learner_0108,session_0108_01,1,2026-01-01T09:00:00,needs_practice,28.73,9,7,3,0.3333,45.79,4,0.7778,0.7067,True,0.4497,0.4773,0.0276,0.5636,[SANDBOX DATA]
learner_0108,session_0108_02,2,2026-01-06T09:00:00,needs_practice,25.87,15,10,7,0.4667,18.9,6,0.6667,0.5807,False,0.4773,0.4922,0.0149,0.5661,[SANDBOX DATA]
learner_0108,session_0108_03,3,2026-01-08T09:00:00,struggling,25.79,14,9,7,0.5,25.0,9,0.6429,0.3755,True,0.4922,0.4922,0.0,0.4822,[SANDBOX DATA]
learner_0108,session_0108_04,4,2026-01-09T09:00:00,struggling,31.9,10,5,3,0.3,18.23,7,0.5,0.5839,True,0.4922,0.4922,0.0,0.4068,[SANDBOX DATA]
learner_0108,session_0108_05,5,2026-01-10T09:00:00,struggling,25.33,11,7,3,0.2727,48.56,7,0.6364,0.4208,True,0.4922,0.4945,0.0023,0.4114,[SANDBOX DATA]
learner_0108,session_0108_06,6,2026-01-15T09:00:00,struggling,20.27,6,4,3,0.5,23.53,1,0.6667,0.3629,False,0.4945,0.5007,0.0061,0.5809,[SANDBOX DATA]
learner_0108,session_0108_07,7,2026-01-19T09:00:00,struggling,17.25,14,9,8,0.5714,18.99,8,0.6429,0.3949,True,0.5007,0.5369,0.0362,0.5254,[SANDBOX DATA]
learner_0108,session_0108_08,8,2026-01-25T09:00:00,struggling,15.13,8,5,2,0.25,17.08,7,0.625,0.4147,True,0.5369,0.5499,0.013,0.3517,[SANDBOX DATA]
learner_0108,session_0108_09,9,2026-01-30T09:00:00,struggling,25.86,9,4,3,0.3333,41.84,4,0.4444,0.4089,False,0.5499,0.5499,0.0,0.4207,[SANDBOX DATA]
learner_0108,session_0108_10,10,2026-02-04T09:00:00,improving,29.98,12,10,8,0.6667,15.63,1,0.8333,0.8974,False,0.5499,0.5646,0.0147,0.8045,[SANDBOX DATA]
learner_0109,session_0109_01,1,2026-01-01T09:00:00,struggling,28.02,8,4,4,0.5,29.45,4,0.5,0.3427,False,0.0599,0.0819,0.0221,0.4685,[SANDBOX DATA]
learner_0109,session_0109_02,2,2026-01-03T09:00:00,needs_practice,29.55,13,9,5,0.3846,16.56,3,0.6923,0.6849,False,0.0819,0.1372,0.0552,0.5985,[SANDBOX DATA]
learner_0109,session_0109_03,3,2026-01-04T09:00:00,needs_practice,29.47,16,13,9,0.5625,12.37,4,0.8125,0.454,True,0.1372,0.1872,0.05,0.6408,[SANDBOX DATA]
learner_0109,session_0109_04,4,2026-01-09T09:00:00,needs_practice,58.25,14,9,8,0.5714,17.08,1,0.6429,0.6137,False,0.1872,0.2048,0.0176,0.6692,[SANDBOX DATA]
learner_0109,session_0109_05,5,2026-01-12T09:00:00,needs_practice,31.36,19,13,7,0.3684,26.19,8,0.6842,0.5929,True,0.2048,0.2735,0.0687,0.5344,[SANDBOX DATA]
learner_0109,session_0109_06,6,2026-01-15T09:00:00,needs_practice,49.41,17,11,12,0.7059,28.05,5,0.6471,0.6073,False,0.2735,0.3272,0.0536,0.6715,[SANDBOX DATA]
learner_0109,session_0109_07,7,2026-01-16T09:00:00,needs_practice,21.86,11,9,7,0.6364,25.01,3,0.8182,0.503,True,0.3272,0.3594,0.0322,0.6733,[SANDBOX DATA]
learner_0109,session_0109_08,8,2026-01-17T09:00:00,improving,35.13,15,11,9,0.6,10.27,3,0.7333,0.7015,True,0.3594,0.4372,0.0777,0.6936,[SANDBOX DATA]
learner_0110,session_0110_01,1,2026-01-01T09:00:00,mastered,14.69,21,21,17,0.8095,6.68,4,1.0,0.7978,False,0.8814,0.8977,0.0163,0.8548,[SANDBOX DATA]
learner_0110,session_0110_02,2,2026-01-04T09:00:00,mastered,15.33,10,10,9,0.9,10.43,2,1.0,0.9865,False,0.8977,0.9309,0.0333,0.9223,[SANDBOX DATA]
learner_0110,session_0110_03,3,2026-01-07T09:00:00,mastered,23.08,21,21,17,0.8095,10.35,2,1.0,0.8628,True,0.9309,0.9577,0.0268,0.8868,[SANDBOX DATA]
learner_0110,session_0110_04,4,2026-01-13T09:00:00,mastered,18.98,10,10,9,0.9,9.23,0,1.0,0.8851,True,0.9577,1.0,0.0423,0.942,[SANDBOX DATA]
learner_0110,session_0110_05,5,2026-01-16T09:00:00,mastered,11.64,16,16,14,0.875,12.09,0,1.0,0.8085,False,1.0,1.0,0.0,0.918,[SANDBOX DATA]
learner_0110,session_0110_06,6,2026-01-21T09:00:00,mastered,20.87,12,11,12,1.0,9.76,0,0.9167,0.8464,False,1.0,1.0,0.0,0.9484,[SANDBOX DATA]
learner_0110,session_0110_07,7,2026-01-23T09:00:00,mastered,20.5,12,12,10,0.8333,8.59,1,1.0,0.9469,False,1.0,1.0,0.0,0.9144,[SANDBOX DATA]
learner_0110,session_0110_08,8,2026-01-29T09:00:00,mastered,13.65,19,19,17,0.8947,7.23,3,1.0,0.9618,True,1.0,1.0,0.0,0.9239,[SANDBOX DATA]
learner_0110,session_0110_09,9,2026-01-30T09:00:00,mastered,20.22,14,14,13,0.9286,6.85,2,1.0,0.8449,True,1.0,1.0,0.0,0.9154,[SANDBOX DATA]
learner_0110,session_0110_10,10,2026-02-04T09:00:00,improving,20.13,21,14,17,0.8095,12.49,7,0.6667,0.6532,False,1.0,1.0,0.0,0.714,[SANDBOX DATA]
learner_0111,session_0111_01,1,2026-01-01T09:00:00,improving,17.83,12,9,10,0.8333,25.47,2,0.75,0.9218,True,0.6811,0.757,0.0759,0.8302,[SANDBOX DATA]
learner_0111,session_0111_02,2,2026-01-03T09:00:00,improving,32.67,9,7,6,0.6667,14.24,2,0.7778,0.7705,False,0.757,0.7955,0.0385,0.7374,[SANDBOX DATA]
learner_0111,session_0111_03,3,2026-01-09T09:00:00,improving,29.26,17,12,11,0.6471,26.83,3,0.7059,0.8062,False,0.7955,0.8444,0.0489,0.7289,[SANDBOX DATA]
learner_0111,session_0111_04,4,2026-01-15T09:00:00,improving,17.67,6,6,4,0.6667,11.04,2,1.0,0.7998,False,0.8444,0.8955,0.0511,0.7766,[SANDBOX DATA]
learner_0111,session_0111_05,5,2026-01-20T09:00:00,improving,23.26,18,14,14,0.7778,26.38,6,0.7778,0.882,False,0.8955,0.9666,0.0711,0.7764,[SANDBOX DATA]
learner_0111,session_0111_06,6,2026-01-23T09:00:00,improving,16.06,14,13,10,0.7143,13.93,5,0.9286,0.7967,False,0.9666,1.0,0.0334,0.7701,[SANDBOX DATA]
learner_0111,session_0111_07,7,2026-01-29T09:00:00,needs_practice,30.03,13,10,7,0.5385,14.77,4,0.7692,0.6646,False,1.0,1.0,0.0,0.6522,[SANDBOX DATA]
learner_0111,session_0111_08,8,2026-01-31T09:00:00,struggling,23.55,12,7,4,0.3333,25.86,6,0.5833,0.3333,False,1.0,1.0,0.0,0.4292,[SANDBOX DATA]
learner_0111,session_0111_09,9,2026-02-06T09:00:00,struggling,48.86,6,3,2,0.3333,18.02,4,0.5,0.5131,True,1.0,1.0,0.0,0.411,[SANDBOX DATA]
learner_0111,session_0111_10,10,2026-02-09T09:00:00,struggling,28.22,8,5,2,0.25,24.38,4,0.625,0.4967,True,1.0,1.0,0.0,0.4431,[SANDBOX DATA]
learner_0112,session_0112_01,1,2026-01-01T09:00:00,improving,35.11,10,8,7,0.7,17.29,2,0.8,0.7691,True,0.734,0.7457,0.0117,0.7588,[SANDBOX DATA]
learner_0112,session_0112_02,2,2026-01-07T09:00:00,improving,17.16,16,13,13,0.8125,17.34,4,0.8125,0.6848,True,0.7457,0.823,0.0773,0.7745,[SANDBOX DATA]
learner_0112,session_0112_03,3,2026-01-08T09:00:00,improving,14.69,13,12,9,0.6923,16.96,6,0.9231,0.7348,False,0.823,0.8351,0.0121,0.7277,[SANDBOX DATA]
learner_0112,session_0112_04,4,2026-01-12T09:00:00,improving,41.71,12,9,8,0.6667,12.79,4,0.75,0.8667,True,0.8351,0.9553,0.1202,0.7275,[SANDBOX DATA]
learner_0112,session_0112_05,5,2026-01-18T09:00:00,improving,20.34,10,8,7,0.7,11.38,1,0.8,0.7817,True,0.9553,1.0,0.0447,0.7813,[SANDBOX DATA]
learner_0112,session_0112_06,6,2026-01-22T09:00:00,improving,20.08,13,11,9,0.6923,14.93,1,0.8462,0.8363,False,1.0,1.0,0.0,0.8057,[SANDBOX DATA]
learner_0112,session_0112_07,7,2026-01-27T09:00:00,improving,27.99,17,14,12,0.7059,15.14,4,0.8235,0.8412,False,1.0,1.0,0.0,0.7741,[SANDBOX DATA]
learner_0112,session_0112_08,8,2026-01-29T09:00:00,mastered,22.73,17,15,13,0.7647,7.04,3,0.8824,0.8193,False,1.0,1.0,0.0,0.8168,[SANDBOX DATA]
learner_0112,session_0112_09,9,2026-01-31T09:00:00,mastered,15.77,21,21,20,0.9524,11.13,2,1.0,0.8311,False,1.0,1.0,0.0,0.9305,[SANDBOX DATA]
learner_0113,session_0113_01,1,2026-01-01T09:00:00,improving,21.28,8,7,5,0.625,11.06,2,0.875,0.6879,False,0.5283,0.571,0.0427,0.7251,[SANDBOX DATA]
learner_0113,session_0113_02,2,2026-01-02T09:00:00,improving,46.1,18,14,15,0.8333,16.57,2,0.7778,0.8028,False,0.571,0.6492,0.0782,0.8244,[SANDBOX DATA]
learner_0113,session_0113_03,3,2026-01-07T09:00:00,mastered,16.57,22,20,22,1.0,13.28,0,0.9091,0.9201,False,0.6492,0.6909,0.0417,0.9613,[SANDBOX DATA]
learner_0113,session_0113_04,4,2026-01-11T09:00:00,mastered,17.01,13,11,11,0.8462,4.68,2,0.8462,0.8275,False,0.6909,0.7132,0.0223,0.8424,[SANDBOX DATA]
learner_0113,session_0113_05,5,2026-01-16T09:00:00,mastered,11.78,19,17,16,0.8421,7.75,3,0.8947,0.8514,True,0.7132,0.7638,0.0506,0.8571,[SANDBOX DATA]
learner_0113,session_0113_06,6,2026-01-19T09:00:00,improving,24.57,15,12,11,0.7333,25.23,2,0.8,0.675,True,0.7638,0.8096,0.0458,0.765,[SANDBOX DATA]
learner_0113,session_0113_07,7,2026-01-24T09:00:00,improving,23.1,23,20,18,0.7826,9.98,4,0.8696,0.7174,False,0.8096,0.8166,0.007,0.8,[SANDBOX DATA]
learner_0113,session_0113_08,8,2026-01-29T09:00:00,improving,25.49,12,9,8,0.6667,22.64,2,0.75,0.7709,False,0.8166,0.8596,0.043,0.7417,[SANDBOX DATA]
learner_0113,session_0113_09,9,2026-02-01T09:00:00,mastered,23.65,13,12,11,0.8462,6.64,3,0.9231,0.9543,False,0.8596,0.8859,0.0262,0.8716,[SANDBOX DATA]
learner_0113,session_0113_10,10,2026-02-03T09:00:00,mastered,34.42,13,12,12,0.9231,10.14,0,0.9231,0.7977,False,0.8859,0.9257,0.0398,0.9134,[SANDBOX DATA]
learner_0113,session_0113_11,11,2026-02-06T09:00:00,mastered,31.13,13,11,12,0.9231,12.9,3,0.8462,0.8715,False,0.9257,0.9374,0.0118,0.8628,[SANDBOX DATA]
learner_0114,session_0114_01,1,2026-01-01T09:00:00,mastered,15.69,22,22,18,0.8182,5.46,0,1.0,0.7851,False,0.9031,0.9608,0.0577,0.8934,[SANDBOX DATA]
learner_0114,session_0114_02,2,2026-01-04T09:00:00,mastered,18.86,15,15,12,0.8,9.06,2,1.0,0.8345,True,0.9608,1.0,0.0392,0.8702,[SANDBOX DATA]
learner_0114,session_0114_03,3,2026-01-07T09:00:00,improving,27.57,17,13,13,0.7647,20.42,5,0.7647,0.788,True,1.0,1.0,0.0,0.7576,[SANDBOX DATA]
learner_0114,session_0114_04,4,2026-01-12T09:00:00,improving,32.89,12,12,7,0.5833,20.29,2,1.0,0.7994,False,1.0,1.0,0.0,0.7807,[SANDBOX DATA]
learner_0114,session_0114_05,5,2026-01-17T09:00:00,improving,20.37,12,10,10,0.8333,12.69,3,0.8333,0.8286,False,1.0,1.0,0.0,0.8157,[SANDBOX DATA]
learner_0114,session_0114_06,6,2026-01-23T09:00:00,needs_practice,41.38,7,5,3,0.4286,22.42,3,0.7143,0.6009,False,1.0,1.0,0.0,0.563,[SANDBOX DATA]
learner_0114,session_0114_07,7,2026-01-26T09:00:00,improving,32.6,8,7,4,0.5,14.94,0,0.875,0.8769,False,1.0,1.0,0.0,0.7691,[SANDBOX DATA]
learner_0114,session_0114_08,8,2026-01-27T09:00:00,needs_practice,17.48,11,6,7,0.6364,13.11,3,0.5455,0.6719,False,1.0,1.0,0.0,0.6389,[SANDBOX DATA]
learner_0115,session_0115_01,1,2026-01-01T09:00:00,mastered,15.41,18,18,17,0.9444,6.81,2,1.0,1.0,False,0.9194,0.9231,0.0037,0.9583,[SANDBOX DATA]
learner_0115,session_0115_02,2,2026-01-07T09:00:00,mastered,12.24,19,18,18,0.9474,7.97,0,0.9474,0.8292,False,0.9231,0.9436,0.0204,0.9343,[SANDBOX DATA]
learner_0115,session_0115_03,3,2026-01-10T09:00:00,mastered,22.33,24,23,23,0.9583,9.59,0,0.9583,0.9076,False,0.9436,0.9436,0.0,0.9565,[SANDBOX DATA]
learner_0115,session_0115_04,4,2026-01-12T09:00:00,mastered,18.15,12,12,10,0.8333,5.82,1,1.0,0.7506,False,0.9436,0.9699,0.0263,0.8751,[SANDBOX DATA]
learner_0115,session_0115_05,5,2026-01-15T09:00:00,mastered,17.37,18,18,13,0.7222,6.76,0,1.0,0.9925,False,0.9699,0.9699,0.0,0.9013,[SANDBOX DATA]
learner_0115,session_0115_06,6,2026-01-19T09:00:00,improving,39.75,14,12,10,0.7143,15.07,6,0.8571,0.7813,False,0.9699,1.0,0.0301,0.7348,[SANDBOX DATA]
learner_0115,session_0115_07,7,2026-01-21T09:00:00,struggling,15.19,7,4,3,0.4286,28.66,3,0.5714,0.4172,True,1.0,1.0,0.0,0.4906,[SANDBOX DATA]
learner_0115,session_0115_08,8,2026-01-22T09:00:00,struggling,18.2,7,3,3,0.4286,51.29,4,0.4286,0.3523,True,1.0,1.0,0.0,0.4133,[SANDBOX DATA]
learner_0116,session_0116_01,1,2026-01-01T09:00:00,struggling,32.95,7,4,4,0.5714,21.68,4,0.5714,0.4268,False,0.3368,0.3428,0.0059,0.5139,[SANDBOX DATA]
learner_0116,session_0116_02,2,2026-01-05T09:00:00,improving,32.4,11,8,8,0.7273,13.21,2,0.7273,0.7819,False,0.3428,0.3839,0.0411,0.7564,[SANDBOX DATA]
learner_0116,session_0116_03,3,2026-01-07T09:00:00,improving,40.97,10,9,7,0.7,26.39,2,0.9,0.8726,True,0.3839,0.4702,0.0863,0.8045,[SANDBOX DATA]
learner_0116,session_0116_04,4,2026-01-12T09:00:00,mastered,14.36,18,15,15,0.8333,12.12,4,0.8333,0.9765,False,0.4702,0.4793,0.0092,0.8509,[SANDBOX DATA]
learner_0116,session_0116_05,5,2026-01-14T09:00:00,mastered,14.98,19,18,18,0.9474,10.14,2,0.9474,0.9111,False,0.4793,0.4793,0.0,0.9296,[SANDBOX DATA]
learner_0116,session_0116_06,6,2026-01-18T09:00:00,mastered,14.19,9,9,7,0.7778,8.41,2,1.0,0.9017,True,0.4793,0.4793,0.0,0.8581,[SANDBOX DATA]
learner_0116,session_0116_07,7,2026-01-20T09:00:00,improving,22.02,18,13,15,0.8333,21.19,8,0.7222,0.7814,False,0.4793,0.5311,0.0518,0.7396,[SANDBOX DATA]
learner_0116,session_0116_08,8,2026-01-26T09:00:00,improving,15.38,15,11,8,0.5333,13.5,3,0.7333,0.9847,True,0.5311,0.5657,0.0346,0.7269,[SANDBOX DATA]
learner_0116,session_0116_09,9,2026-01-28T09:00:00,needs_practice,21.97,12,10,6,0.5,16.46,6,0.8333,0.5758,True,0.5657,0.5908,0.0251,0.5985,[SANDBOX DATA]
learner_0116,session_0116_10,10,2026-01-30T09:00:00,needs_practice,28.62,13,9,8,0.6154,16.96,6,0.6923,0.6007,False,0.5908,0.6295,0.0387,0.6163,[SANDBOX DATA]
learner_0116,session_0116_11,11,2026-02-03T09:00:00,needs_practice,52.5,14,10,7,0.5,29.15,5,0.7143,0.6292,True,0.6295,0.6852,0.0556,0.608,[SANDBOX DATA]
learner_0116,session_0116_12,12,2026-02-05T09:00:00,needs_practice,36.14,20,15,13,0.65,28.96,7,0.75,0.6705,False,0.6852,0.6917,0.0065,0.6791,[SANDBOX DATA]
learner_0117,session_0117_01,1,2026-01-01T09:00:00,needs_practice,48.54,12,7,5,0.4167,25.61,6,0.5833,0.6355,False,0.3985,0.4041,0.0056,0.5188,[SANDBOX DATA]
learner_0117,session_0117_02,2,2026-01-02T09:00:00,needs_practice,39.69,14,9,7,0.5,30.59,6,0.6429,0.5609,True,0.4041,0.4271,0.023,0.5622,[SANDBOX DATA]
learner_0117,session_0117_03,3,2026-01-03T09:00:00,improving,15.81,26,21,20,0.7692,24.17,5,0.8077,0.8375,False,0.4271,0.4851,0.058,0.8002,[SANDBOX DATA]
learner_0117,session_0117_04,4,2026-01-07T09:00:00,improving,33.79,12,9,7,0.5833,14.75,3,0.75,0.6914,True,0.4851,0.5175,0.0324,0.6799,[SANDBOX DATA]
learner_0117,session_0117_05,5,2026-01-12T09:00:00,improving,24.0,16,13,11,0.6875,17.2,1,0.8125,0.8945,True,0.5175,0.5791,0.0616,0.8102,[SANDBOX DATA]
learner_0117,session_0117_06,6,2026-01-17T09:00:00,needs_practice,23.65,9,6,5,0.5556,36.97,5,0.6667,0.5386,False,0.5791,0.5791,0.0,0.5577,[SANDBOX DATA]
learner_0117,session_0117_07,7,2026-01-19T09:00:00,needs_practice,34.31,6,5,4,0.6667,19.86,4,0.8333,0.4594,True,0.5791,0.6052,0.026,0.6002,[SANDBOX DATA]
learner_0117,session_0117_08,8,2026-01-25T09:00:00,improving,27.96,17,16,13,0.7647,13.61,5,0.9412,0.8597,False,0.6052,0.6736,0.0685,0.8161,[SANDBOX DATA]
learner_0117,session_0117_09,9,2026-01-31T09:00:00,needs_practice,45.95,13,8,7,0.5385,18.88,7,0.6154,0.7154,True,0.6736,0.6765,0.0028,0.5777,[SANDBOX DATA]
learner_0117,session_0117_10,10,2026-02-01T09:00:00,needs_practice,19.31,19,13,10,0.5263,17.22,5,0.6842,0.7011,False,0.6765,0.7002,0.0237,0.6429,[SANDBOX DATA]
learner_0118,session_0118_01,1,2026-01-01T09:00:00,struggling,34.99,3,1,1,0.3333,17.77,2,0.3333,0.2796,False,0.0677,0.0842,0.0165,0.3226,[SANDBOX DATA]
learner_0118,session_0118_02,2,2026-01-05T09:00:00,struggling,15.97,5,3,2,0.4,35.06,2,0.6,0.4648,True,0.0842,0.1015,0.0173,0.503,[SANDBOX DATA]
learner_0118,session_0118_03,3,2026-01-07T09:00:00,struggling,20.89,10,7,3,0.3,53.94,5,0.7,0.5524,False,0.1015,0.1015,0.0,0.4905,[SANDBOX DATA]
learner_0118,session_0118_04,4,2026-01-09T09:00:00,struggling,19.66,11,6,5,0.4545,32.67,9,0.5455,0.3931,False,0.1015,0.1015,0.0,0.4104,[SANDBOX DATA]
learner_0118,session_0118_05,5,2026-01-14T09:00:00,struggling,16.39,11,7,4,0.3636,20.36,5,0.6364,0.458,False,0.1015,0.1015,0.0,0.487,[SANDBOX DATA]
learner_0118,session_0118_06,6,2026-01-17T09:00:00,struggling,15.66,3,1,1,0.3333,38.01,0,0.3333,0.5402,False,0.1015,0.1015,0.0,0.508,[SANDBOX DATA]
learner_0118,session_0118_07,7,2026-01-21T09:00:00,improving,21.27,14,12,9,0.6429,10.09,2,0.8571,0.948,True,0.1015,0.1899,0.0883,0.8003,[SANDBOX DATA]
learner_0118,session_0118_08,8,2026-01-27T09:00:00,improving,18.41,14,11,10,0.7143,19.96,4,0.7857,0.6864,False,0.1899,0.2294,0.0395,0.7266,[SANDBOX DATA]
learner_0118,session_0118_09,9,2026-01-29T09:00:00,mastered,22.33,19,19,18,0.9474,10.38,2,1.0,0.936,False,0.2294,0.2328,0.0034,0.9477,[SANDBOX DATA]
learner_0118,session_0118_10,10,2026-02-01T09:00:00,mastered,28.04,13,13,12,0.9231,8.37,1,1.0,0.8167,False,0.2328,0.2441,0.0114,0.921,[SANDBOX DATA]
learner_0119,session_0119_01,1,2026-01-01T09:00:00,mastered,19.75,18,17,16,0.8889,7.54,1,0.9444,0.8942,False,0.8312,0.8462,0.015,0.915,[SANDBOX DATA]
learner_0119,session_0119_02,2,2026-01-02T09:00:00,needs_practice,26.63,10,6,6,0.6,19.59,7,0.6,0.566,True,0.8462,0.9598,0.1136,0.5332,[SANDBOX DATA]
learner_0119,session_0119_03,3,2026-01-07T09:00:00,needs_practice,39.94,16,11,10,0.625,15.65,2,0.6875,0.5249,False,0.9598,0.9692,0.0094,0.6706,[SANDBOX DATA]
learner_0119,session_0119_04,4,2026-01-08T09:00:00,improving,25.94,22,18,15,0.6818,11.4,6,0.8182,0.7453,False,0.9692,0.9959,0.0267,0.7377,[SANDBOX DATA]
learner_0119,session_0119_05,5,2026-01-12T09:00:00,improving,22.61,10,9,9,0.9,21.58,1,0.9,0.8234,False,0.9959,1.0,0.0041,0.8847,[SANDBOX DATA]
learner_0119,session_0119_06,6,2026-01-18T09:00:00,improving,14.94,17,16,13,0.7647,11.52,3,0.9412,0.8223,True,1.0,1.0,0.0,0.8321,[SANDBOX DATA]
learner_0119,session_0119_07,7,2026-01-19T09:00:00,improving,25.62,23,18,13,0.5652,7.03,3,0.7826,0.7111,False,1.0,1.0,0.0,0.7096,[SANDBOX DATA]
learner_0119,session_0119_08,8,2026-01-24T09:00:00,improving,20.02,18,14,14,0.7778,20.41,6,0.7778,0.8151,False,1.0,1.0,0.0,0.763,[SANDBOX DATA]
learner_0119,session_0119_09,9,2026-01-28T09:00:00,needs_practice,17.86,12,8,7,0.5833,22.52,5,0.6667,0.542,True,1.0,1.0,0.0,0.5959,[SANDBOX DATA]
learner_0120,session_0120_01,1,2026-01-01T09:00:00,struggling,15.35,9,5,2,0.2222,17.96,5,0.5556,0.2749,True,0.1942,0.1942,0.0,0.3605,[SANDBOX DATA]
learner_0120,session_0120_02,2,2026-01-06T09:00:00,needs_practice,31.92,11,8,7,0.6364,24.36,4,0.7273,0.5147,True,0.1942,0.2653,0.0711,0.6348,[SANDBOX DATA]
learner_0120,session_0120_03,3,2026-01-10T09:00:00,struggling,36.92,9,4,4,0.4444,35.23,3,0.4444,0.4129,True,0.2653,0.3176,0.0523,0.4826,[SANDBOX DATA]
learner_0120,session_0120_04,4,2026-01-14T09:00:00,struggling,33.27,5,3,3,0.6,15.81,2,0.6,0.5076,False,0.3176,0.3176,0.0,0.5815,[SANDBOX DATA]
learner_0120,session_0120_05,5,2026-01-17T09:00:00,struggling,31.46,10,6,4,0.4,19.4,5,0.6,0.2958,False,0.3176,0.3176,0.0,0.4492,[SANDBOX DATA]
learner_0120,session_0120_06,6,2026-01-22T09:00:00,struggling,15.75,7,4,2,0.2857,35.07,5,0.5714,0.5384,True,0.3176,0.3872,0.0696,0.4077,[SANDBOX DATA]
learner_0120,session_0120_07,7,2026-01-27T09:00:00,struggling,28.02,18,9,12,0.6667,27.64,10,0.5,0.4061,True,0.3872,0.4489,0.0618,0.5285,[SANDBOX DATA]
learner_0120,session_0120_08,8,2026-01-29T09:00:00,struggling,25.54,9,5,5,0.5556,24.48,6,0.5556,0.3302,True,0.4489,0.4923,0.0433,0.466,[SANDBOX DATA]
learner_0120,session_0120_09,9,2026-02-04T09:00:00,struggling,21.56,11,6,4,0.3636,27.94,7,0.5455,0.4907,True,0.4923,0.5234,0.0312,0.4345,[SANDBOX DATA]
learner_0120,session_0120_10,10,2026-02-05T09:00:00,struggling,24.58,7,4,2,0.2857,42.41,5,0.5714,0.5363,False,0.5234,0.5234,0.0,0.4073,[SANDBOX DATA]
learner_0120,session_0120_11,11,2026-02-10T09:00:00,struggling,13.85,10,6,3,0.3,35.04,6,0.6,0.4919,True,0.5234,0.55,0.0266,0.4334,[SANDBOX DATA]
learner_0120,session_0120_12,12,2026-02-13T09:00:00,improving,20.57,14,13,9,0.6429,15.33,7,0.9286,0.9089,False,0.55,0.6218,0.0718,0.7389,[SANDBOX DATA]
learner_0121,session_0121_01,1,2026-01-01T09:00:00,improving,24.91,11,10,7,0.6364,20.39,3,0.9091,0.7285,False,0.4874,0.5321,0.0447,0.7412,[SANDBOX DATA]
learner_0121,session_0121_02,2,2026-01-06T09:00:00,improving,18.56,18,15,12,0.6667,16.64,2,0.8333,0.7606,False,0.5321,0.5321,0.0,0.7716,[SANDBOX DATA]
learner_0121,session_0121_03,3,2026-01-12T09:00:00,improving,21.92,8,6,6,0.75,16.22,3,0.75,0.7864,False,0.5321,0.5704,0.0384,0.7323,[SANDBOX DATA]
learner_0121,session_0121_04,4,2026-01-16T09:00:00,improving,25.87,12,9,9,0.75,13.11,1,0.75,0.7666,False,0.5704,0.6508,0.0803,0.7866,[SANDBOX DATA]
learner_0121,session_0121_05,5,2026-01-18T09:00:00,improving,19.66,12,10,9,0.75,19.1,1,0.8333,0.8611,False,0.6508,0.7282,0.0774,0.8264,[SANDBOX DATA]
learner_0121,session_0121_06,6,2026-01-21T09:00:00,improving,12.25,16,12,12,0.75,20.63,5,0.75,0.7845,False,0.7282,0.7856,0.0574,0.7444,[SANDBOX DATA]
learner_0121,session_0121_07,7,2026-01-24T09:00:00,improving,55.06,13,9,10,0.7692,18.67,3,0.6923,0.8116,True,0.7856,0.8412,0.0556,0.7585,[SANDBOX DATA]
learner_0121,session_0121_08,8,2026-01-26T09:00:00,improving,38.67,14,13,9,0.6429,19.54,2,0.9286,0.864,False,0.8412,0.8826,0.0414,0.8014,[SANDBOX DATA]
learner_0121,session_0121_09,9,2026-01-30T09:00:00,improving,15.37,7,6,5,0.7143,16.33,2,0.8571,0.84,True,0.8826,0.9662,0.0836,0.7751,[SANDBOX DATA]
learner_0121,session_0121_10,10,2026-02-02T09:00:00,improving,11.06,14,11,11,0.7857,13.85,3,0.7857,0.706,True,0.9662,1.0,0.0338,0.7698,[SANDBOX DATA]
learner_0122,session_0122_01,1,2026-01-01T09:00:00,struggling,13.63,4,2,1,0.25,18.91,4,0.5,0.324,False,0.3408,0.3408,0.0,0.2773,[SANDBOX DATA]
learner_0122,session_0122_02,2,2026-01-07T09:00:00,struggling,30.05,7,5,1,0.1429,26.85,3,0.7143,0.4075,False,0.3408,0.3408,0.0,0.4244,[SANDBOX DATA]
learner_0122,session_0122_03,3,2026-01-13T09:00:00,struggling,16.36,12,8,3,0.25,43.84,9,0.6667,0.4203,True,0.3408,0.3876,0.0468,0.3882,[SANDBOX DATA]
learner_0122,session_0122_04,4,2026-01-15T09:00:00,struggling,38.82,13,10,7,0.5385,25.21,7,0.7692,0.3853,True,0.3876,0.4059,0.0183,0.5501,[SANDBOX DATA]
learner_0122,session_0122_05,5,2026-01-21T09:00:00,struggling,30.37,12,7,8,0.6667,22.96,8,0.5833,0.5,True,0.4059,0.4715,0.0656,0.5458,[SANDBOX DATA]
learner_0122,session_0122_06,6,2026-01-25T09:00:00,struggling,21.85,9,6,4,0.4444,18.86,3,0.6667,0.2163,True,0.4715,0.4758,0.0043,0.4988,[SANDBOX DATA]
learner_0122,session_0122_07,7,2026-01-27T09:00:00,struggling,20.97,11,4,5,0.4545,33.41,8,0.3636,0.366,True,0.4758,0.479,0.0032,0.3777,[SANDBOX DATA]
learner_0122,session_0122_08,8,2026-02-01T09:00:00,improving,35.35,8,8,4,0.5,13.2,1,1.0,0.8128,False,0.479,0.5133,0.0343,0.7626,[SANDBOX DATA]
learner_0123,session_0123_01,1,2026-01-01T09:00:00,improving,47.11,9,8,6,0.6667,14.86,1,0.8889,0.8008,False,0.6137,0.6662,0.0525,0.7935,[SANDBOX DATA]
learner_0123,session_0123_02,2,2026-01-05T09:00:00,mastered,13.4,20,19,18,0.9,9.84,1,0.95,0.7928,False,0.6662,0.7045,0.0383,0.9011,[SANDBOX DATA]
learner_0123,session_0123_03,3,2026-01-08T09:00:00,improving,19.21,17,12,12,0.7059,20.7,1,0.7059,0.6689,False,0.7045,0.756,0.0515,0.7455,[SANDBOX DATA]
learner_0123,session_0123_04,4,2026-01-12T09:00:00,improving,22.74,12,10,8,0.6667,10.49,3,0.8333,0.9492,False,0.756,0.7996,0.0437,0.7815,[SANDBOX DATA]
learner_0123,session_0123_05,5,2026-01-14T09:00:00,improving,31.9,9,7,7,0.7778,16.64,6,0.7778,0.8427,True,0.7996,0.892,0.0924,0.7019,[SANDBOX DATA]
learner_0123,session_0123_06,6,2026-01-20T09:00:00,mastered,20.4,21,17,18,0.8571,9.86,2,0.8095,0.9101,False,0.892,0.892,0.0,0.8653,[SANDBOX DATA]
learner_0123,session_0123_07,7,2026-01-23T09:00:00,mastered,22.95,15,15,13,0.8667,6.94,1,1.0,0.9362,False,0.892,0.8962,0.0041,0.9272,[SANDBOX DATA]
learner_0123,session_0123_08,8,2026-01-29T09:00:00,mastered,13.28,17,15,15,0.8824,7.25,3,0.8824,1.0,False,0.8962,0.9278,0.0317,0.8941,[SANDBOX DATA]
learner_0123,session_0123_09,9,2026-01-31T09:00:00,mastered,17.99,18,18,15,0.8333,9.11,1,1.0,0.9028,False,0.9278,0.9304,0.0026,0.9111,[SANDBOX DATA]
learner_0124,session_0124_01,1,2026-01-01T09:00:00,mastered,11.61,16,15,15,0.9375,7.46,3,0.9375,0.8485,False,0.9236,0.9346,0.011,0.8947,[SANDBOX DATA]
learner_0124,session_0124_02,2,2026-01-06T09:00:00,mastered,19.12,13,13,11,0.8462,8.02,2,1.0,0.9438,False,0.9346,0.9553,0.0208,0.9041,[SANDBOX DATA]
learner_0124,session_0124_03,3,2026-01-07T09:00:00,mastered,16.69,9,8,9,1.0,6.03,0,0.8889,0.8199,False,0.9553,0.9555,0.0002,0.9362,[SANDBOX DATA]
learner_0124,session_0124_04,4,2026-01-09T09:00:00,mastered,28.88,8,8,7,0.875,11.19,1,1.0,0.9517,False,0.9555,0.972,0.0164,0.9216,[SANDBOX DATA]
learner_0124,session_0124_05,5,2026-01-15T09:00:00,mastered,13.07,22,22,19,0.8636,8.74,1,1.0,0.8029,True,0.972,1.0,0.028,0.9038,[SANDBOX DATA]
learner_0124,session_0124_06,6,2026-01-17T09:00:00,needs_practice,24.15,11,8,6,0.5455,22.58,6,0.7273,0.7327,True,1.0,1.0,0.0,0.6102,[SANDBOX DATA]
learner_0124,session_0124_07,7,2026-01-19T09:00:00,improving,48.0,13,11,9,0.6923,11.78,2,0.8462,0.7816,True,1.0,1.0,0.0,0.7794,[SANDBOX DATA]
learner_0124,session_0124_08,8,2026-01-22T09:00:00,mastered,28.04,26,26,23,0.8846,9.96,4,1.0,0.7171,False,1.0,1.0,0.0,0.8723,[SANDBOX DATA]
learner_0124,session_0124_09,9,2026-01-28T09:00:00,mastered,22.16,21,17,16,0.7619,7.1,1,0.8095,0.8022,False,1.0,1.0,0.0,0.82,[SANDBOX DATA]
learner_0125,session_0125_01,1,2026-01-01T09:00:00,mastered,34.71,21,21,19,0.9048,9.92,1,1.0,0.9233,False,0.8274,0.855,0.0276,0.9418,[SANDBOX DATA]
learner_0125,session_0125_02,2,2026-01-04T09:00:00,mastered,49.38,19,18,17,0.8947,8.5,1,0.9474,0.8598,False,0.855,0.8627,0.0077,0.9114,[SANDBOX DATA]
learner_0125,session_0125_03,3,2026-01-10T09:00:00,needs_practice,27.47,16,13,10,0.625,15.12,6,0.8125,0.5589,True,0.8627,0.8942,0.0315,0.6587,[SANDBOX DATA]
learner_0125,session_0125_04,4,2026-01-15T09:00:00,needs_practice,23.38,14,9,8,0.5714,14.79,7,0.6429,0.6715,False,0.8942,0.9136,0.0194,0.595,[SANDBOX DATA]
learner_0125,session_0125_05,5,2026-01-17T09:00:00,needs_practice,55.39,12,8,7,0.5833,14.62,5,0.6667,0.5639,True,0.9136,0.9921,0.0786,0.6003,[SANDBOX DATA]
learner_0125,session_0125_06,6,2026-01-21T09:00:00,struggling,20.1,5,3,2,0.4,47.93,1,0.6,0.5309,False,0.9921,1.0,0.0079,0.5562,[SANDBOX DATA]
learner_0125,session_0125_07,7,2026-01-22T09:00:00,struggling,18.15,9,5,3,0.3333,21.87,7,0.5556,0.4029,True,1.0,1.0,0.0,0.3806,[SANDBOX DATA]
learner_0125,session_0125_08,8,2026-01-23T09:00:00,needs_practice,17.28,18,14,12,0.6667,36.52,5,0.7778,0.5232,False,1.0,1.0,0.0,0.6769,[SANDBOX DATA]
learner_0125,session_0125_09,9,2026-01-25T09:00:00,needs_practice,52.73,11,7,5,0.4545,23.77,6,0.6364,0.5686,True,1.0,1.0,0.0,0.5228,[SANDBOX DATA]
learner_0125,session_0125_10,10,2026-01-29T09:00:00,struggling,40.85,9,4,3,0.3333,17.08,2,0.4444,0.4627,False,1.0,1.0,0.0,0.4759,[SANDBOX DATA]
learner_0125,session_0125_11,11,2026-02-01T09:00:00,struggling,22.54,6,3,2,0.3333,25.55,2,0.5,0.4778,False,1.0,1.0,0.0,0.4706,[SANDBOX DATA]
learner_0126,session_0126_01,1,2026-01-01T09:00:00,needs_practice,35.6,19,12,12,0.6316,21.69,4,0.6316,0.589,False,0.5462,0.6034,0.0572,0.6546,[SANDBOX DATA]
learner_0126,session_0126_02,2,2026-01-03T09:00:00,needs_practice,21.77,14,11,9,0.6429,15.61,7,0.7857,0.6516,True,0.6034,0.6734,0.0701,0.6518,[SANDBOX DATA]
learner_0126,session_0126_03,3,2026-01-04T09:00:00,struggling,33.91,13,8,6,0.4615,19.09,7,0.6154,0.6077,False,0.6734,0.6734,0.0,0.5292,[SANDBOX DATA]
learner_0126,session_0126_04,4,2026-01-07T09:00:00,needs_practice,56.91,10,7,4,0.4,15.59,4,0.7,0.4643,True,0.6734,0.6928,0.0193,0.5279,[SANDBOX DATA]
learner_0126,session_0126_05,5,2026-01-09T09:00:00,needs_practice,42.43,22,16,12,0.5455,21.95,8,0.7273,0.7558,True,0.6928,0.7451,0.0524,0.6512,[SANDBOX DATA]
learner_0126,session_0126_06,6,2026-01-13T09:00:00,needs_practice,32.26,17,11,7,0.4118,23.15,4,0.6471,0.5117,False,0.7451,0.7815,0.0363,0.5612,[SANDBOX DATA]
learner_0126,session_0126_07,7,2026-01-18T09:00:00,struggling,25.45,10,5,5,0.5,26.23,5,0.5,0.4576,True,0.7815,0.7868,0.0053,0.4915,[SANDBOX DATA]
learner_0126,session_0126_08,8,2026-01-23T09:00:00,struggling,21.54,7,4,2,0.2857,12.14,6,0.5714,0.5133,True,0.7868,0.8285,0.0417,0.3741,[SANDBOX DATA]
learner_0126,session_0126_09,9,2026-01-24T09:00:00,struggling,22.65,11,6,2,0.1818,48.76,6,0.5455,0.4554,False,0.8285,0.8285,0.0,0.382,[SANDBOX DATA]
learner_0126,session_0126_10,10,2026-01-29T09:00:00,struggling,35.8,7,4,2,0.2857,39.37,7,0.5714,0.4971,True,0.8285,0.8604,0.0319,0.3423,[SANDBOX DATA]
learner_0127,session_0127_01,1,2026-01-01T09:00:00,mastered,12.71,15,15,14,0.9333,8.0,0,1.0,0.8661,False,0.9491,0.9655,0.0164,0.9499,[SANDBOX DATA]
learner_0127,session_0127_02,2,2026-01-05T09:00:00,improving,15.3,21,17,17,0.8095,20.11,7,0.8095,0.7576,False,0.9655,1.0,0.0345,0.7706,[SANDBOX DATA]
learner_0127,session_0127_03,3,2026-01-10T09:00:00,improving,23.33,8,7,6,0.75,18.41,2,0.875,0.7836,False,1.0,1.0,0.0,0.788,[SANDBOX DATA]
learner_0127,session_0127_04,4,2026-01-16T09:00:00,improving,14.63,20,17,14,0.7,13.85,5,0.85,0.9376,False,1.0,1.0,0.0,0.795,[SANDBOX DATA]
learner_0127,session_0127_05,5,2026-01-17T09:00:00,improving,20.35,9,8,7,0.7778,16.66,2,0.8889,0.9055,False,1.0,1.0,0.0,0.8311,[SANDBOX DATA]
learner_0127,session_0127_06,6,2026-01-21T09:00:00,needs_practice,41.96,7,4,4,0.5714,24.27,0,0.5714,0.5983,True,1.0,1.0,0.0,0.6625,[SANDBOX DATA]
learner_0127,session_0127_07,7,2026-01-26T09:00:00,needs_practice,38.91,18,14,14,0.7778,16.11,9,0.7778,0.5685,False,1.0,1.0,0.0,0.6804,[SANDBOX DATA]
learner_0127,session_0127_08,8,2026-01-29T09:00:00,needs_practice,18.31,14,11,10,0.7143,24.75,5,0.7857,0.5956,False,1.0,1.0,0.0,0.6941,[SANDBOX DATA]
learner_0127,session_0127_09,9,2026-02-01T09:00:00,needs_practice,21.68,7,5,4,0.5714,37.33,2,0.7143,0.5179,True,1.0,1.0,0.0,0.625,[SANDBOX DATA]
learner_0127,session_0127_10,10,2026-02-07T09:00:00,improving,39.71,23,22,19,0.8261,14.49,5,0.9565,0.7603,True,1.0,1.0,0.0,0.8368,[SANDBOX DATA]
learner_0127,session_0127_11,11,2026-02-13T09:00:00,mastered,16.78,16,16,16,1.0,9.87,0,1.0,0.9607,False,1.0,1.0,0.0,0.9921,[SANDBOX DATA]
learner_0127,session_0127_12,12,2026-02-15T09:00:00,improving,10.45,13,12,9,0.6923,18.47,2,0.9231,0.857,False,1.0,1.0,0.0,0.8137,[SANDBOX DATA]
learner_0128,session_0128_01,1,2026-01-01T09:00:00,needs_practice,38.0,5,3,2,0.4,36.83,2,0.6,0.4651,False,0.3546,0.3745,0.0199,0.503,[SANDBOX DATA]
learner_0128,session_0128_02,2,2026-01-03T09:00:00,struggling,15.87,11,8,3,0.2727,10.67,6,0.7273,0.4676,True,0.3745,0.3745,0.0,0.4617,[SANDBOX DATA]
learner_0128,session_0128_03,3,2026-01-05T09:00:00,improving,27.17,11,9,9,0.8182,12.91,1,0.8182,0.7505,False,0.3745,0.4088,0.0343,0.8228,[SANDBOX DATA]
learner_0128,session_0128_04,4,2026-01-06T09:00:00,improving,36.9,8,6,6,0.75,15.63,2,0.75,0.8494,True,0.4088,0.4542,0.0454,0.7699,[SANDBOX DATA]
learner_0128,session_0128_05,5,2026-01-10T09:00:00,improving,46.6,11,8,8,0.7273,13.36,2,0.7273,0.8509,False,0.4542,0.5039,0.0496,0.7702,[SANDBOX DATA]
learner_0128,session_0128_06,6,2026-01-13T09:00:00,needs_practice,29.9,11,9,7,0.6364,20.39,3,0.8182,0.6309,False,0.5039,0.5626,0.0587,0.6989,[SANDBOX DATA]
learner_0128,session_0128_07,7,2026-01-17T09:00:00,needs_practice,27.67,19,13,9,0.4737,17.49,8,0.6842,0.5636,False,0.5626,0.5626,0.0,0.5654,[SANDBOX DATA]
learner_0128,session_0128_08,8,2026-01-21T09:00:00,needs_practice,28.41,7,5,4,0.5714,25.49,1,0.7143,0.6419,True,0.5626,0.6068,0.0442,0.6784,[SANDBOX DATA]
learner_0128,session_0128_09,9,2026-01-22T09:00:00,improving,12.54,15,11,11,0.7333,18.31,3,0.7333,0.8543,False,0.6068,0.7091,0.1023,0.7709,[SANDBOX DATA]
learner_0129,session_0129_01,1,2026-01-01T09:00:00,struggling,47.46,8,5,4,0.5,31.67,4,0.625,0.2228,True,0.0532,0.0863,0.0331,0.4758,[SANDBOX DATA]
learner_0129,session_0129_02,2,2026-01-06T09:00:00,struggling,20.0,5,3,2,0.4,33.75,4,0.6,0.3442,True,0.0863,0.0951,0.0088,0.3988,[SANDBOX DATA]
learner_0129,session_0129_03,3,2026-01-12T09:00:00,struggling,28.12,11,6,4,0.3636,20.02,5,0.5455,0.3725,True,0.0951,0.1521,0.057,0.4472,[SANDBOX DATA]
learner_0129,session_0129_04,4,2026-01-15T09:00:00,struggling,31.37,11,7,4,0.3636,18.84,5,0.6364,0.261,True,0.1521,0.1788,0.0267,0.4477,[SANDBOX DATA]
learner_0129,session_0129_05,5,2026-01-16T09:00:00,struggling,39.23,7,4,2,0.2857,22.82,4,0.5714,0.4017,False,0.1788,0.1788,0.0,0.4089,[SANDBOX DATA]
learner_0129,session_0129_06,6,2026-01-18T09:00:00,needs_practice,28.39,11,8,6,0.5455,14.86,4,0.7273,0.6548,True,0.1788,0.2307,0.0519,0.631,[SANDBOX DATA]
learner_0129,session_0129_07,7,2026-01-22T09:00:00,needs_practice,49.22,15,12,8,0.5333,19.69,9,0.8,0.5968,False,0.2307,0.2456,0.0149,0.586,[SANDBOX DATA]
learner_0129,session_0129_08,8,2026-01-23T09:00:00,needs_practice,39.14,12,7,5,0.4167,43.69,5,0.5833,0.7551,False,0.2456,0.2611,0.0154,0.5593,[SANDBOX DATA]
learner_0129,session_0129_09,9,2026-01-25T09:00:00,improving,28.82,11,11,5,0.4545,11.64,6,1.0,0.7591,True,0.2611,0.3424,0.0813,0.6518,[SANDBOX DATA]
learner_0129,session_0129_10,10,2026-01-28T09:00:00,needs_practice,90.0,12,8,6,0.5,28.8,3,0.6667,0.6567,False,0.3424,0.3724,0.03,0.623,[SANDBOX DATA]
learner_0129,session_0129_11,11,2026-02-03T09:00:00,improving,28.19,13,10,7,0.5385,11.81,2,0.7692,0.7483,False,0.3724,0.4137,0.0413,0.6997,[SANDBOX DATA]
learner_0129,session_0129_12,12,2026-02-04T09:00:00,improving,25.51,13,11,8,0.6154,13.14,3,0.8462,0.8353,False,0.4137,0.4793,0.0656,0.7478,[SANDBOX DATA]
learner_0130,session_0130_01,1,2026-01-01T09:00:00,mastered,18.72,17,16,12,0.7059,7.73,0,0.9412,0.8691,False,0.9202,0.9202,0.0,0.8562,[SANDBOX DATA]
learner_0130,session_0130_02,2,2026-01-04T09:00:00,mastered,15.49,20,19,19,0.95,7.07,1,0.95,0.8312,False,0.9202,0.9234,0.0033,0.9262,[SANDBOX DATA]
learner_0130,session_0130_03,3,2026-01-07T09:00:00,mastered,23.62,19,17,17,0.8947,10.32,2,0.8947,0.9255,False,0.9234,0.944,0.0206,0.9009,[SANDBOX DATA]
learner_0130,session_0130_04,4,2026-01-11T09:00:00,improving,43.92,13,11,10,0.7692,25.91,2,0.8462,0.6708,False,0.944,1.0,0.056,0.7842,[SANDBOX DATA]
learner_0130,session_0130_05,5,2026-01-17T09:00:00,improving,36.02,14,11,7,0.5,11.28,3,0.7857,0.676,True,1.0,1.0,0.0,0.6638,[SANDBOX DATA]
learner_0130,session_0130_06,6,2026-01-23T09:00:00,mastered,15.96,15,14,15,1.0,11.89,1,0.9333,0.8965,False,1.0,1.0,0.0,0.9493,[SANDBOX DATA]
learner_0130,session_0130_07,7,2026-01-28T09:00:00,improving,36.67,8,6,4,0.5,14.22,1,0.75,0.6521,True,1.0,1.0,0.0,0.6679,[SANDBOX DATA]
learner_0130,session_0130_08,8,2026-02-03T09:00:00,improving,25.87,18,16,13,0.7222,12.95,4,0.8889,0.8769,False,1.0,1.0,0.0,0.8059,[SANDBOX DATA]
learner_0131,session_0131_01,1,2026-01-01T09:00:00,struggling,17.52,4,2,2,0.5,24.01,3,0.5,0.4233,True,0.1518,0.1518,0.0,0.4347,[SANDBOX DATA]
learner_0131,session_0131_02,2,2026-01-05T09:00:00,needs_practice,30.25,8,5,4,0.5,15.65,2,0.625,0.6923,True,0.1518,0.1845,0.0327,0.6197,[SANDBOX DATA]
learner_0131,session_0131_03,3,2026-01-11T09:00:00,needs_practice,21.68,15,11,8,0.5333,22.71,7,0.7333,0.6177,False,0.1845,0.2056,0.0211,0.6002,[SANDBOX DATA]
learner_0131,session_0131_04,4,2026-01-12T09:00:00,mastered,20.65,16,14,12,0.75,5.53,0,0.875,0.9572,False,0.2056,0.2056,0.0,0.8727,[SANDBOX DATA]
learner_0131,session_0131_05,5,2026-01-15T09:00:00,mastered,17.37,23,20,20,0.8696,8.54,1,0.8696,0.9922,False,0.2056,0.2056,0.0,0.9115,[SANDBOX DATA]
learner_0131,session_0131_06,6,2026-01-18T09:00:00,mastered,20.28,19,17,17,0.8947,8.75,1,0.8947,1.0,False,0.2056,0.2282,0.0226,0.9263,[SANDBOX DATA]
learner_0131,session_0131_07,7,2026-01-22T09:00:00,mastered,18.2,9,8,9,1.0,12.06,1,0.8889,0.9081,False,0.2282,0.2442,0.016,0.9316,[SANDBOX DATA]
learner_0131,session_0131_08,8,2026-01-25T09:00:00,improving,20.96,13,12,10,0.7692,17.47,2,0.9231,0.7118,False,0.2442,0.2881,0.0439,0.8116,[SANDBOX DATA]
learner_0131,session_0131_09,9,2026-01-28T09:00:00,needs_practice,24.99,17,10,12,0.7059,33.0,11,0.5882,0.5968,False,0.2881,0.3022,0.014,0.5841,[SANDBOX DATA]
learner_0131,session_0131_10,10,2026-01-30T09:00:00,needs_practice,35.53,14,12,8,0.5714,27.62,6,0.8571,0.5006,True,0.3022,0.34,0.0378,0.6287,[SANDBOX DATA]
learner_0131,session_0131_11,11,2026-01-31T09:00:00,mastered,34.38,21,21,20,0.9524,10.05,0,1.0,0.9012,False,0.34,0.369,0.0291,0.9636,[SANDBOX DATA]
learner_0132,session_0132_01,1,2026-01-01T09:00:00,needs_practice,25.99,14,9,7,0.5,13.78,4,0.6429,0.7816,False,0.5256,0.5773,0.0517,0.6349,[SANDBOX DATA]
learner_0132,session_0132_02,2,2026-01-02T09:00:00,needs_practice,47.54,14,11,9,0.6429,46.53,8,0.7857,0.6196,False,0.5773,0.5983,0.0211,0.6311,[SANDBOX DATA]
learner_0132,session_0132_03,3,2026-01-06T09:00:00,struggling,31.21,10,6,2,0.2,24.53,8,0.6,0.4917,True,0.5983,0.6502,0.0519,0.3583,[SANDBOX DATA]
learner_0132,session_0132_04,4,2026-01-10T09:00:00,needs_practice,28.89,16,11,12,0.75,29.8,4,0.6875,0.5405,True,0.6502,0.7271,0.0769,0.6925,[SANDBOX DATA]
learner_0132,session_0132_05,5,2026-01-11T09:00:00,needs_practice,15.36,16,11,7,0.4375,27.28,11,0.6875,0.7953,False,0.7271,0.731,0.0039,0.5466,[SANDBOX DATA]
learner_0132,session_0132_06,6,2026-01-14T09:00:00,struggling,19.9,9,5,2,0.2222,25.45,4,0.5556,0.4268,False,0.731,0.731,0.0,0.4131,[SANDBOX DATA]
learner_0132,session_0132_07,7,2026-01-18T09:00:00,struggling,24.25,9,4,4,0.4444,28.75,6,0.4444,0.3585,True,0.731,0.7872,0.0563,0.405,[SANDBOX DATA]
learner_0132,session_0132_08,8,2026-01-20T09:00:00,struggling,22.79,6,3,3,0.5,44.11,5,0.5,0.48,True,0.7872,0.8001,0.0129,0.4293,[SANDBOX DATA]
learner_0132,session_0132_09,9,2026-01-22T09:00:00,struggling,31.76,10,6,3,0.3,22.87,5,0.6,0.484,False,0.8001,0.8332,0.0331,0.4518,[SANDBOX DATA]
learner_0132,session_0132_10,10,2026-01-28T09:00:00,mastered,19.23,13,12,13,1.0,6.85,2,0.9231,0.8471,False,0.8332,0.8626,0.0294,0.9194,[SANDBOX DATA]
learner_0132,session_0132_11,11,2026-01-29T09:00:00,improving,27.55,13,11,9,0.6923,17.36,3,0.8462,0.9023,False,0.8626,0.9152,0.0526,0.7882,[SANDBOX DATA]
learner_0133,session_0133_01,1,2026-01-01T09:00:00,struggling,15.03,5,3,1,0.2,39.51,3,0.6,0.4626,True,0.0801,0.0801,0.0,0.3925,[SANDBOX DATA]
learner_0133,session_0133_02,2,2026-01-04T09:00:00,improving,27.21,10,9,7,0.7,8.88,4,0.9,0.7854,True,0.0801,0.1184,0.0383,0.7471,[SANDBOX DATA]
learner_0133,session_0133_03,3,2026-01-05T09:00:00,improving,27.23,14,11,10,0.7143,7.94,0,0.7857,0.7437,True,0.1184,0.2164,0.098,0.7952,[SANDBOX DATA]
learner_0133,session_0133_04,4,2026-01-09T09:00:00,mastered,19.89,18,15,16,0.8889,11.21,0,0.8333,0.7191,False,0.2164,0.2291,0.0127,0.8633,[SANDBOX DATA]
learner_0133,session_0133_05,5,2026-01-14T09:00:00,mastered,14.17,23,20,21,0.913,11.04,2,0.8696,0.8382,False,0.2291,0.2291,0.0,0.8872,[SANDBOX DATA]
learner_0133,session_0133_06,6,2026-01-20T09:00:00,mastered,23.82,18,18,18,1.0,6.9,1,1.0,0.8822,False,0.2291,0.2524,0.0233,0.9653,[SANDBOX DATA]
learner_0133,session_0133_07,7,2026-01-22T09:00:00,mastered,13.43,15,15,13,0.8667,8.33,2,1.0,0.8916,True,0.2524,0.2697,0.0173,0.905,[SANDBOX DATA]
learner_0133,session_0133_08,8,2026-01-27T09:00:00,mastered,31.54,15,12,13,0.8667,10.25,1,0.8,0.8589,False,0.2697,0.313,0.0433,0.8618,[SANDBOX DATA]
learner_0133,session_0133_09,9,2026-02-01T09:00:00,improving,23.55,12,9,10,0.8333,21.86,1,0.75,0.7807,False,0.313,0.348,0.035,0.8186,[SANDBOX DATA]
learner_0134,session_0134_01,1,2026-01-01T09:00:00,improving,27.12,12,11,7,0.5833,18.68,3,0.9167,0.6995,False,0.5239,0.5713,0.0474,0.7232,[SANDBOX DATA]
learner_0134,session_0134_02,2,2026-01-03T09:00:00,needs_practice,24.67,16,12,5,0.3125,19.55,6,0.75,0.6467,True,0.5713,0.5842,0.0129,0.5512,[SANDBOX DATA]
learner_0134,session_0134_03,3,2026-01-05T09:00:00,needs_practice,29.44,12,10,7,0.5833,26.15,4,0.8333,0.524,True,0.5842,0.634,0.0498,0.6506,[SANDBOX DATA]
learner_0134,session_0134_04,4,2026-01-11T09:00:00,needs_practice,34.88,15,11,9,0.6,24.13,7,0.7333,0.5535,True,0.634,0.6846,0.0506,0.6107,[SANDBOX DATA]
learner_0134,session_0134_05,5,2026-01-16T09:00:00,needs_practice,17.74,13,9,8,0.6154,17.1,3,0.6923,0.7515,False,0.6846,0.7142,0.0296,0.6926,[SANDBOX DATA]
learner_0134,session_0134_06,6,2026-01-17T09:00:00,needs_practice,24.04,11,7,6,0.5455,15.9,4,0.6364,0.6493,True,0.7142,0.7749,0.0607,0.6071,[SANDBOX DATA]
learner_0134,session_0134_07,7,2026-01-20T09:00:00,improving,23.08,22,19,20,0.9091,9.47,2,0.8636,0.8589,False,0.7749,0.8353,0.0604,0.8877,[SANDBOX DATA]
learner_0134,session_0134_08,8,2026-01-24T09:00:00,improving,17.12,20,17,11,0.55,12.3,2,0.85,0.9387,False,0.8353,0.9552,0.1199,0.7727,[SANDBOX DATA]
learner_0134,session_0134_09,9,2026-01-26T09:00:00,improving,28.01,14,12,11,0.7857,13.04,1,0.8571,0.7246,False,0.9552,0.9966,0.0414,0.8199,[SANDBOX DATA]
learner_0135,session_0135_01,1,2026-01-01T09:00:00,mastered,27.02,16,16,14,0.875,6.52,1,1.0,0.9593,False,0.9406,0.9406,0.0,0.9356,[SANDBOX DATA]
learner_0135,session_0135_02,2,2026-01-02T09:00:00,improving,27.01,8,7,7,0.875,20.32,2,0.875,0.8321,True,0.9406,1.0,0.0594,0.8414,[SANDBOX DATA]
learner_0135,session_0135_03,3,2026-01-04T09:00:00,mastered,9.89,19,18,16,0.8421,8.54,1,0.9474,0.9283,False,1.0,1.0,0.0,0.9067,[SANDBOX DATA]
learner_0135,session_0135_04,4,2026-01-10T09:00:00,mastered,32.73,21,20,17,0.8095,9.35,3,0.9524,0.8707,False,1.0,1.0,0.0,0.867,[SANDBOX DATA]
learner_0135,session_0135_05,5,2026-01-12T09:00:00,mastered,23.12,10,9,8,0.8,7.31,1,0.9,1.0,False,1.0,1.0,0.0,0.885,[SANDBOX DATA]
learner_0135,session_0135_06,6,2026-01-13T09:00:00,mastered,20.04,22,22,19,0.8636,9.41,2,1.0,0.8638,False,1.0,1.0,0.0,0.9069,[SANDBOX DATA]
learner_0135,session_0135_07,7,2026-01-14T09:00:00,mastered,22.92,19,19,16,0.8421,9.53,2,1.0,0.866,False,1.0,1.0,0.0,0.8969,[SANDBOX DATA]
learner_0135,session_0135_08,8,2026-01-15T09:00:00,mastered,10.11,15,15,14,0.9333,5.86,1,1.0,0.9182,True,1.0,1.0,0.0,0.947,[SANDBOX DATA]
learner_0135,session_0135_09,9,2026-01-21T09:00:00,mastered,16.78,11,11,10,0.9091,9.85,3,1.0,0.9787,False,1.0,1.0,0.0,0.9094,[SANDBOX DATA]
learner_0135,session_0135_10,10,2026-01-23T09:00:00,mastered,21.21,18,18,14,0.7778,13.14,2,1.0,0.9274,False,1.0,1.0,0.0,0.8855,[SANDBOX DATA]
learner_0135,session_0135_11,11,2026-01-25T09:00:00,mastered,22.47,18,18,17,0.9444,10.96,2,1.0,1.0,False,1.0,1.0,0.0,0.9583,[SANDBOX DATA]
learner_0136,session_0136_01,1,2026-01-01T09:00:00,improving,44.39,15,13,11,0.7333,18.69,3,0.8667,0.9514,False,0.6697,0.7361,0.0663,0.8236,[SANDBOX DATA]
learner_0136,session_0136_02,2,2026-01-06T09:00:00,improving,23.61,16,13,12,0.75,18.56,2,0.8125,0.6962,False,0.7361,0.7845,0.0484,0.7799,[SANDBOX DATA]
learner_0136,session_0136_03,3,2026-01-07T09:00:00,improving,28.64,8,5,5,0.625,11.53,1,0.625,0.6872,True,0.7845,0.8525,0.0679,0.6874,[SANDBOX DATA]
learner_0136,session_0136_04,4,2026-01-08T09:00:00,improving,18.38,20,16,14,0.7,14.6,4,0.8,0.7981,False,0.8525,0.8734,0.0209,0.7646,[SANDBOX DATA]
learner_0136,session_0136_05,5,2026-01-14T09:00:00,needs_practice,39.13,11,6,7,0.6364,16.22,1,0.5455,0.6457,False,0.8734,0.9133,0.0399,0.67,[SANDBOX DATA]
learner_0136,session_0136_06,6,2026-01-18T09:00:00,improving,23.38,15,12,13,0.8667,13.62,2,0.8,0.6511,True,0.9133,0.9856,0.0723,0.8069,[SANDBOX DATA]
learner_0136,session_0136_07,7,2026-01-19T09:00:00,improving,20.76,10,9,8,0.8,17.66,2,0.9,0.6404,False,0.9856,1.0,0.0144,0.7931,[SANDBOX DATA]
learner_0136,session_0136_08,8,2026-01-25T09:00:00,improving,29.79,11,8,6,0.5455,13.0,1,0.7273,0.7528,False,1.0,1.0,0.0,0.7051,[SANDBOX DATA]
learner_0136,session_0136_09,9,2026-01-26T09:00:00,improving,17.43,14,13,9,0.6429,20.18,3,0.9286,0.7537,True,1.0,1.0,0.0,0.765,[SANDBOX DATA]
learner_0137,session_0137_01,1,2026-01-01T09:00:00,needs_practice,25.04,14,9,8,0.5714,23.55,4,0.6429,0.5107,False,0.2971,0.2971,0.0,0.6057,[SANDBOX DATA]
learner_0137,session_0137_02,2,2026-01-05T09:00:00,needs_practice,26.05,12,6,7,0.5833,22.03,5,0.5,0.5833,False,0.2971,0.3232,0.0262,0.5625,[SANDBOX DATA]
learner_0137,session_0137_03,3,2026-01-07T09:00:00,struggling,24.65,8,4,2,0.25,44.54,3,0.5,0.4741,True,0.3232,0.3758,0.0526,0.4323,[SANDBOX DATA]
learner_0137,session_0137_04,4,2026-01-10T09:00:00,needs_practice,23.22,14,10,8,0.5714,17.49,8,0.7143,0.5435,True,0.3758,0.4425,0.0667,0.573,[SANDBOX DATA]
learner_0137,session_0137_05,5,2026-01-15T09:00:00,needs_practice,40.55,15,10,10,0.6667,16.29,5,0.6667,0.5921,True,0.4425,0.4425,0.0,0.6518,[SANDBOX DATA]
learner_0137,session_0137_06,6,2026-01-16T09:00:00,needs_practice,24.2,13,9,8,0.6154,20.29,4,0.6923,0.6318,False,0.4425,0.4789,0.0364,0.6533,[SANDBOX DATA]
learner_0137,session_0137_07,7,2026-01-22T09:00:00,needs_practice,24.93,9,7,6,0.6667,40.26,3,0.7778,0.7244,False,0.4789,0.4845,0.0056,0.706,[SANDBOX DATA]
learner_0137,session_0137_08,8,2026-01-28T09:00:00,needs_practice,26.48,8,6,3,0.375,25.12,4,0.75,0.5394,False,0.4845,0.5476,0.0631,0.5266,[SANDBOX DATA]
learner_0137,session_0137_09,9,2026-01-29T09:00:00,struggling,22.3,8,5,3,0.375,34.29,5,0.625,0.4505,True,0.5476,0.5501,0.0025,0.4526,[SANDBOX DATA]
learner_0137,session_0137_10,10,2026-02-03T09:00:00,needs_practice,34.86,6,4,3,0.5,10.45,1,0.6667,0.5616,True,0.5501,0.6158,0.0657,0.6206,[SANDBOX DATA]
learner_0137,session_0137_11,11,2026-02-08T09:00:00,needs_practice,58.52,12,8,6,0.5,14.89,4,0.6667,0.5697,False,0.6158,0.6462,0.0304,0.5889,[SANDBOX DATA]
learner_0138,session_0138_01,1,2026-01-01T09:00:00,mastered,12.72,16,14,15,0.9375,7.63,0,0.875,0.9325,False,0.8776,0.8979,0.0203,0.9334,[SANDBOX DATA]
learner_0138,session_0138_02,2,2026-01-06T09:00:00,needs_practice,54.95,10,5,5,0.5,29.1,5,0.5,0.5427,False,0.8979,0.8979,0.0,0.5085,[SANDBOX DATA]
learner_0138,session_0138_03,3,2026-01-08T09:00:00,improving,22.84,17,15,12,0.7059,17.62,2,0.8824,0.8142,True,0.8979,0.9371,0.0392,0.807,[SANDBOX DATA]
learner_0138,session_0138_04,4,2026-01-13T09:00:00,improving,31.05,6,4,4,0.6667,28.35,1,0.6667,0.8441,False,0.9371,0.9371,0.0,0.7355,[SANDBOX DATA]
learner_0138,session_0138_05,5,2026-01-15T09:00:00,improving,27.97,7,6,5,0.7143,6.9,3,0.8571,0.8933,False,0.9371,1.0,0.0629,0.7572,[SANDBOX DATA]
learner_0138,session_0138_06,6,2026-01-20T09:00:00,improving,18.96,11,9,9,0.8182,14.33,4,0.8182,0.8572,True,1.0,1.0,0.0,0.7896,[SANDBOX DATA]
learner_0138,session_0138_07,7,2026-01-24T09:00:00,improving,18.55,17,15,10,0.5882,20.35,1,0.8824,0.8136,True,1.0,1.0,0.0,0.7774,[SANDBOX DATA]
learner_0138,session_0138_08,8,2026-01-30T09:00:00,improving,32.18,21,20,15,0.7143,11.26,7,0.9524,0.704,False,1.0,1.0,0.0,0.7622,[SANDBOX DATA]
learner_0138,session_0138_09,9,2026-02-05T09:00:00,mastered,8.31,15,15,14,0.9333,7.7,1,1.0,0.7859,False,1.0,1.0,0.0,0.9205,[SANDBOX DATA]
learner_0138,session_0138_10,10,2026-02-06T09:00:00,mastered,18.91,15,13,13,0.8667,9.53,2,0.8667,0.8937,False,1.0,1.0,0.0,0.8721,[SANDBOX DATA]
learner_0139,session_0139_01,1,2026-01-01T09:00:00,struggling,12.55,8,4,2,0.25,19.24,6,0.5,0.4682,True,0.1062,0.1062,0.0,0.3561,[SANDBOX DATA]
learner_0139,session_0139_02,2,2026-01-02T09:00:00,struggling,28.5,8,4,2,0.25,26.95,5,0.5,0.4418,True,0.1062,0.1243,0.0181,0.3759,[SANDBOX DATA]
learner_0139,session_0139_03,3,2026-01-08T09:00:00,improving,20.79,15,15,10,0.6667,18.34,4,1.0,0.7631,True,0.1243,0.1795,0.0552,0.7826,[SANDBOX DATA]
learner_0139,session_0139_04,4,2026-01-10T09:00:00,improving,19.62,11,8,6,0.5455,11.97,2,0.7273,0.7723,True,0.1795,0.2181,0.0386,0.6908,[SANDBOX DATA]
learner_0139,session_0139_05,5,2026-01-13T09:00:00,needs_practice,29.22,14,11,6,0.4286,22.7,4,0.7857,0.5734,True,0.2181,0.2364,0.0183,0.604,[SANDBOX DATA]
learner_0139,session_0139_06,6,2026-01-17T09:00:00,needs_practice,22.19,13,9,6,0.4615,15.18,5,0.6923,0.6964,False,0.2364,0.2564,0.02,0.597,[SANDBOX DATA]
learner_0139,session_0139_07,7,2026-01-21T09:00:00,needs_practice,47.38,10,8,4,0.4,26.79,4,0.8,0.621,False,0.2564,0.2951,0.0386,0.5842,[SANDBOX DATA]
learner_0139,session_0139_08,8,2026-01-25T09:00:00,improving,26.74,14,12,9,0.6429,12.15,8,0.8571,0.7768,False,0.2951,0.3716,0.0765,0.6804,[SANDBOX DATA]
learner_0140,session_0140_01,1,2026-01-01T09:00:00,needs_practice,41.55,9,7,5,0.5556,11.08,4,0.7778,0.7202,False,0.3138,0.3565,0.0427,0.644,[SANDBOX DATA]
learner_0140,session_0140_02,2,2026-01-04T09:00:00,needs_practice,20.93,8,6,6,0.75,12.17,1,0.75,0.6035,True,0.3565,0.3565,0.0,0.7457,[SANDBOX DATA]
learner_0140,session_0140_03,3,2026-01-09T09:00:00,needs_practice,22.81,12,8,7,0.5833,10.26,4,0.6667,0.3964,True,0.3565,0.3731,0.0166,0.5835,[SANDBOX DATA]
learner_0140,session_0140_04,4,2026-01-10T09:00:00,needs_practice,23.79,10,7,6,0.6,30.84,1,0.7,0.5299,True,0.3731,0.4216,0.0486,0.671,[SANDBOX DATA]
learner_0140,session_0140_05,5,2026-01-15T09:00:00,improving,17.29,17,16,15,0.8824,17.02,6,0.9412,0.7982,False,0.4216,0.4491,0.0275,0.8332,[SANDBOX DATA]
learner_0140,session_0140_06,6,2026-01-18T09:00:00,needs_practice,31.54,15,12,8,0.5333,27.47,8,0.8,0.6601,True,0.4491,0.5177,0.0686,0.612,[SANDBOX DATA]
learner_0140,session_0140_07,7,2026-01-24T09:00:00,improving,22.58,16,14,9,0.5625,10.38,4,0.875,0.8127,True,0.5177,0.5703,0.0526,0.7282,[SANDBOX DATA]
learner_0140,session_0140_08,8,2026-01-30T09:00:00,needs_practice,22.87,16,10,8,0.5,24.43,5,0.625,0.6058,True,0.5703,0.6517,0.0814,0.5899,[SANDBOX DATA]
learner_0140,session_0140_09,9,2026-02-02T09:00:00,improving,45.63,15,13,7,0.4667,15.19,4,0.8667,0.7439,False,0.6517,0.7122,0.0605,0.6755,[SANDBOX DATA]
learner_0140,session_0140_10,10,2026-02-04T09:00:00,needs_practice,24.54,11,9,7,0.6364,29.63,2,0.8182,0.4807,True,0.7122,0.8155,0.1034,0.6871,[SANDBOX DATA]
learner_0140,session_0140_11,11,2026-02-06T09:00:00,needs_practice,27.88,15,11,9,0.6,24.02,9,0.7333,0.5009,False,0.8155,0.8155,0.0,0.5735,[SANDBOX DATA]
learner_0140,session_0140_12,12,2026-02-10T09:00:00,struggling,24.2,7,3,3,0.4286,22.23,5,0.4286,0.3724,False,0.8155,0.8176,0.002,0.3888,[SANDBOX DATA]
learner_0141,session_0141_01,1,2026-01-01T09:00:00,struggling,15.62,9,5,3,0.3333,14.28,7,0.5556,0.4247,True,0.0604,0.1087,0.0483,0.3849,[SANDBOX DATA]
learner_0141,session_0141_02,2,2026-01-07T09:00:00,struggling,17.19,12,6,6,0.5,17.33,6,0.5,0.4893,True,0.1087,0.1429,0.0342,0.4979,[SANDBOX DATA]
learner_0141,session_0141_03,3,2026-01-08T09:00:00,struggling,18.0,9,5,6,0.6667,13.0,8,0.5556,0.403,True,0.1429,0.1681,0.0252,0.475,[SANDBOX DATA]
learner_0141,session_0141_04,4,2026-01-12T09:00:00,needs_practice,18.94,10,8,6,0.6,21.2,4,0.8,0.6846,False,0.1681,0.1871,0.019,0.6669,[SANDBOX DATA]
learner_0141,session_0141_05,5,2026-01-15T09:00:00,needs_practice,29.2,8,5,3,0.375,15.54,3,0.625,0.7198,False,0.1871,0.2053,0.0181,0.5565,[SANDBOX DATA]
learner_0141,session_0141_06,6,2026-01-16T09:00:00,struggling,21.92,17,11,8,0.4706,38.45,8,0.6471,0.5643,True,0.2053,0.2677,0.0624,0.5452,[SANDBOX DATA]
learner_0141,session_0141_07,7,2026-01-17T09:00:00,mastered,13.29,17,15,16,0.9412,13.49,0,0.8824,1.0,False,0.2677,0.2861,0.0184,0.95,[SANDBOX DATA]
learner_0141,session_0141_08,8,2026-01-18T09:00:00,improving,24.51,17,15,11,0.6471,32.32,3,0.8824,0.7994,False,0.2861,0.3191,0.0331,0.7716,[SANDBOX DATA]
learner_0141,session_0141_09,9,2026-01-19T09:00:00,needs_practice,19.12,14,10,9,0.6429,24.78,4,0.7143,0.4479,True,0.3191,0.3665,0.0474,0.636,[SANDBOX DATA]
learner_0141,session_0141_10,10,2026-01-22T09:00:00,needs_practice,37.64,16,12,9,0.5625,28.43,7,0.75,0.5703,False,0.3665,0.3665,0.0,0.6109,[SANDBOX DATA]
learner_0141,session_0141_11,11,2026-01-23T09:00:00,needs_practice,42.06,15,11,10,0.6667,21.61,4,0.7333,0.5362,True,0.3665,0.3665,0.0,0.6706,[SANDBOX DATA]
learner_0141,session_0141_12,12,2026-01-27T09:00:00,struggling,29.4,11,3,4,0.3636,30.53,6,0.2727,0.5428,True,0.3665,0.3882,0.0218,0.3949,[SANDBOX DATA]
learner_0142,session_0142_01,1,2026-01-01T09:00:00,mastered,18.97,12,10,10,0.8333,8.78,2,0.8333,0.9419,True,0.8836,0.8836,0.0,0.855,[SANDBOX DATA]
learner_0142,session_0142_02,2,2026-01-05T09:00:00,mastered,31.18,27,25,27,1.0,7.25,1,0.9259,0.9052,False,0.8836,0.9137,0.03,0.9551,[SANDBOX DATA]
learner_0142,session_0142_03,3,2026-01-07T09:00:00,mastered,29.8,16,13,16,1.0,10.3,0,0.8125,0.7644,False,0.9137,0.9493,0.0357,0.906,[SANDBOX DATA]
learner_0142,session_0142_04,4,2026-01-13T09:00:00,mastered,14.52,15,15,14,0.9333,9.7,3,1.0,0.8564,False,0.9493,0.9771,0.0278,0.9079,[SANDBOX DATA]
learner_0142,session_0142_05,5,2026-01-17T09:00:00,improving,16.51,21,18,13,0.619,33.61,3,0.8571,0.6818,True,0.9771,1.0,0.0229,0.7387,[SANDBOX DATA]
learner_0142,session_0142_06,6,2026-01-23T09:00:00,improving,25.08,10,8,5,0.5,14.23,1,0.8,0.7103,False,1.0,1.0,0.0,0.6971,[SANDBOX DATA]
learner_0142,session_0142_07,7,2026-01-26T09:00:00,needs_practice,34.58,5,3,3,0.6,29.77,3,0.6,0.6568,False,1.0,1.0,0.0,0.5714,[SANDBOX DATA]
learner_0142,session_0142_08,8,2026-01-31T09:00:00,needs_practice,19.27,8,5,3,0.375,20.03,5,0.625,0.6509,True,1.0,1.0,0.0,0.4927,[SANDBOX DATA]
learner_0142,session_0142_09,9,2026-02-01T09:00:00,needs_practice,41.37,16,11,8,0.5,9.19,7,0.6875,0.6545,True,1.0,1.0,0.0,0.5903,[SANDBOX DATA]
learner_0142,session_0142_10,10,2026-02-02T09:00:00,needs_practice,26.5,10,6,6,0.6,14.71,3,0.6,0.5963,False,1.0,1.0,0.0,0.6193,[SANDBOX DATA]
learner_0142,session_0142_11,11,2026-02-08T09:00:00,needs_practice,16.06,11,7,7,0.6364,7.13,4,0.6364,0.7099,False,1.0,1.0,0.0,0.6511,[SANDBOX DATA]
learner_0142,session_0142_12,12,2026-02-12T09:00:00,needs_practice,50.61,18,15,10,0.5556,24.7,9,0.8333,0.6687,True,1.0,1.0,0.0,0.6365,[SANDBOX DATA]
learner_0143,session_0143_01,1,2026-01-01T09:00:00,needs_practice,15.66,16,12,9,0.5625,20.24,7,0.75,0.7923,False,0.4406,0.4798,0.0391,0.6553,[SANDBOX DATA]
learner_0143,session_0143_02,2,2026-01-03T09:00:00,mastered,24.34,20,19,19,0.95,4.5,2,0.95,0.7988,False,0.4798,0.4907,0.011,0.9098,[SANDBOX DATA]
learner_0143,session_0143_03,3,2026-01-08T09:00:00,mastered,17.98,14,14,12,0.8571,9.81,0,1.0,0.8846,False,0.4907,0.4907,0.0,0.9269,[SANDBOX DATA]
learner_0143,session_0143_04,4,2026-01-13T09:00:00,mastered,26.58,10,9,9,0.9,14.81,1,0.9,0.9389,False,0.4907,0.4998,0.009,0.9078,[SANDBOX DATA]
learner_0143,session_0143_05,5,2026-01-17T09:00:00,mastered,18.4,14,14,12,0.8571,6.16,0,1.0,0.9766,False,0.4998,0.5188,0.019,0.9453,[SANDBOX DATA]
learner_0143,session_0143_06,6,2026-01-18T09:00:00,mastered,18.63,17,15,14,0.8235,12.78,1,0.8824,0.8843,False,0.5188,0.5315,0.0127,0.8739,[SANDBOX DATA]
learner_0143,session_0143_07,7,2026-01-19T09:00:00,improving,24.84,17,16,10,0.5882,15.5,1,0.9412,0.6882,False,0.5315,0.5781,0.0466,0.767,[SANDBOX DATA]
learner_0143,session_0143_08,8,2026-01-24T09:00:00,improving,28.35,15,10,12,0.8,9.97,5,0.6667,0.7686,False,0.5781,0.6564,0.0783,0.7337,[SANDBOX DATA]
learner_0143,session_0143_09,9,2026-01-28T09:00:00,improving,14.72,12,8,8,0.6667,11.55,2,0.6667,0.9611,False,0.6564,0.723,0.0667,0.7589,[SANDBOX DATA]
learner_0144,session_0144_01,1,2026-01-01T09:00:00,needs_practice,20.24,13,10,7,0.5385,15.49,4,0.7692,0.6183,False,0.435,0.5077,0.0727,0.6429,[SANDBOX DATA]
learner_0144,session_0144_02,2,2026-01-05T09:00:00,needs_practice,29.15,13,10,8,0.6154,21.2,2,0.7692,0.7883,False,0.5077,0.5106,0.003,0.7346,[SANDBOX DATA]
learner_0144,session_0144_03,3,2026-01-07T09:00:00,improving,10.0,11,10,9,0.8182,16.41,3,0.9091,0.894,False,0.5106,0.5477,0.0371,0.8379,[SANDBOX DATA]
learner_0144,session_0144_04,4,2026-01-12T09:00:00,improving,29.94,7,5,5,0.7143,14.75,0,0.7143,0.825,True,0.5477,0.6094,0.0617,0.7936,[SANDBOX DATA]
learner_0144,session_0144_05,5,2026-01-14T09:00:00,mastered,24.52,13,13,13,1.0,9.73,2,1.0,0.9999,True,0.6094,0.6624,0.053,0.9692,[SANDBOX DATA]
learner_0144,session_0144_06,6,2026-01-15T09:00:00,mastered,19.41,18,14,14,0.7778,11.84,1,0.7778,0.9614,False,0.6624,0.7041,0.0417,0.8478,[SANDBOX DATA]
learner_0144,session_0144_07,7,2026-01-21T09:00:00,mastered,16.62,18,17,17,0.9444,9.55,4,0.9444,0.9265,False,0.7041,0.7041,0.0,0.9075,[SANDBOX DATA]
learner_0144,session_0144_08,8,2026-01-22T09:00:00,mastered,20.2,11,11,10,0.9091,8.15,1,1.0,0.9498,False,0.7041,0.75,0.0459,0.94,[SANDBOX DATA]
learner_0144,session_0144_09,9,2026-01-25T09:00:00,mastered,30.09,18,18,15,0.8333,8.76,3,1.0,0.8819,False,0.75,0.7618,0.0118,0.8847,[SANDBOX DATA]
learner_0145,session_0145_01,1,2026-01-01T09:00:00,needs_practice,60.61,16,14,12,0.75,13.84,7,0.875,0.6085,False,0.5365,0.5762,0.0396,0.7154,[SANDBOX DATA]
learner_0145,session_0145_02,2,2026-01-07T09:00:00,needs_practice,47.87,9,7,5,0.5556,20.97,6,0.7778,0.809,False,0.5762,0.5762,0.0,0.6174,[SANDBOX DATA]
learner_0145,session_0145_03,3,2026-01-10T09:00:00,struggling,21.17,9,6,3,0.3333,31.51,5,0.6667,0.3225,True,0.5762,0.6118,0.0356,0.4367,[SANDBOX DATA]
learner_0145,session_0145_04,4,2026-01-14T09:00:00,struggling,26.88,12,8,4,0.3333,16.01,6,0.6667,0.5661,True,0.6118,0.6243,0.0125,0.4966,[SANDBOX DATA]
learner_0145,session_0145_05,5,2026-01-16T09:00:00,struggling,40.81,5,3,1,0.2,47.11,3,0.6,0.5566,True,0.6243,0.6769,0.0526,0.4113,[SANDBOX DATA]
learner_0145,session_0145_06,6,2026-01-21T09:00:00,improving,10.84,14,11,10,0.7143,21.86,7,0.7857,0.8459,False,0.6769,0.7233,0.0464,0.7156,[SANDBOX DATA]
learner_0145,session_0145_07,7,2026-01-24T09:00:00,struggling,28.98,7,2,3,0.4286,24.29,1,0.2857,0.4923,True,0.7233,0.7286,0.0053,0.4913,[SANDBOX DATA]
learner_0145,session_0145_08,8,2026-01-29T09:00:00,needs_practice,22.78,20,15,12,0.6,18.22,2,0.75,0.5194,False,0.7286,0.7286,0.0,0.6814,[SANDBOX DATA]
learner_0146,session_0146_01,1,2026-01-01T09:00:00,mastered,12.49,14,12,13,0.9286,7.38,1,0.8571,0.8642,False,0.8541,0.8775,0.0234,0.8978,[SANDBOX DATA]
learner_0146,session_0146_02,2,2026-01-06T09:00:00,mastered,19.81,17,17,16,0.9412,10.69,2,1.0,0.7746,False,0.8775,0.8884,0.0109,0.9108,[SANDBOX DATA]
learner_0146,session_0146_03,3,2026-01-08T09:00:00,improving,27.02,5,4,5,1.0,15.99,1,0.8,0.8284,True,0.8884,0.9324,0.044,0.8757,[SANDBOX DATA]
learner_0146,session_0146_04,4,2026-01-13T09:00:00,improving,24.43,14,14,12,0.8571,18.67,5,1.0,0.8604,True,0.9324,1.0,0.0676,0.8507,[SANDBOX DATA]
learner_0146,session_0146_05,5,2026-01-14T09:00:00,improving,19.17,11,7,8,0.7273,14.96,2,0.6364,0.6588,False,1.0,1.0,0.0,0.709,[SANDBOX DATA]
learner_0146,session_0146_06,6,2026-01-15T09:00:00,improving,40.87,19,17,12,0.6316,25.06,3,0.8947,0.655,True,1.0,1.0,0.0,0.7442,[SANDBOX DATA]
learner_0146,session_0146_07,7,2026-01-21T09:00:00,improving,19.98,5,4,3,0.6,22.71,1,0.8,0.7136,False,1.0,1.0,0.0,0.7127,[SANDBOX DATA]
learner_0146,session_0146_08,8,2026-01-25T09:00:00,improving,18.1,11,9,8,0.7273,17.63,3,0.8182,0.7502,True,1.0,1.0,0.0,0.7546,[SANDBOX DATA]
learner_0146,session_0146_09,9,2026-01-31T09:00:00,needs_practice,36.33,10,7,7,0.7,16.64,1,0.7,0.6834,False,1.0,1.0,0.0,0.7367,[SANDBOX DATA]
learner_0147,session_0147_01,1,2026-01-01T09:00:00,improving,34.39,12,9,9,0.75,18.04,2,0.75,0.764,True,0.4732,0.5191,0.0459,0.7695,[SANDBOX DATA]
learner_0147,session_0147_02,2,2026-01-07T09:00:00,improving,34.33,13,12,8,0.6154,11.38,1,0.9231,0.8653,False,0.5191,0.5909,0.0718,0.8038,[SANDBOX DATA]
learner_0147,session_0147_03,3,2026-01-10T09:00:00,mastered,32.21,13,13,12,0.9231,6.11,1,1.0,0.9879,False,0.5909,0.5909,0.0,0.9553,[SANDBOX DATA]
learner_0147,session_0147_04,4,2026-01-12T09:00:00,mastered,12.68,17,15,15,0.8824,8.78,1,0.8824,0.8247,False,0.5909,0.6039,0.013,0.8826,[SANDBOX DATA]
learner_0147,session_0147_05,5,2026-01-13T09:00:00,mastered,15.37,23,23,21,0.913,16.66,3,1.0,0.9853,True,0.6039,0.6513,0.0474,0.9405,[SANDBOX DATA]
learner_0147,session_0147_06,6,2026-01-16T09:00:00,improving,30.59,13,12,9,0.6923,16.08,0,0.9231,0.8181,False,0.6513,0.6753,0.024,0.8367,[SANDBOX DATA]
learner_0147,session_0147_07,7,2026-01-19T09:00:00,needs_practice,32.87,11,7,7,0.6364,30.28,6,0.6364,0.7109,True,0.6753,0.7222,0.0469,0.6149,[SANDBOX DATA]
learner_0147,session_0147_08,8,2026-01-25T09:00:00,struggling,35.72,11,7,5,0.4545,25.66,4,0.6364,0.3266,False,0.7222,0.7489,0.0267,0.5108,[SANDBOX DATA]
learner_0148,session_0148_01,1,2026-01-01T09:00:00,mastered,24.45,18,16,15,0.8333,8.9,1,0.8889,0.7837,False,0.8958,0.8998,0.004,0.8595,[SANDBOX DATA]
learner_0148,session_0148_02,2,2026-01-05T09:00:00,mastered,17.03,20,20,17,0.85,7.61,1,1.0,0.9369,False,0.8998,0.9295,0.0297,0.9249,[SANDBOX DATA]
learner_0148,session_0148_03,3,2026-01-10T09:00:00,mastered,29.13,21,20,20,0.9524,7.7,0,0.9524,0.9895,True,0.9295,0.9575,0.0279,0.9693,[SANDBOX DATA]
learner_0148,session_0148_04,4,2026-01-14T09:00:00,mastered,22.76,23,22,21,0.913,8.8,0,0.9565,0.9552,False,0.9575,0.985,0.0275,0.9497,[SANDBOX DATA]
learner_0148,session_0148_05,5,2026-01-17T09:00:00,mastered,11.67,13,12,12,0.9231,15.63,0,0.9231,0.7893,False,0.985,0.9999,0.0149,0.9117,[SANDBOX DATA]
learner_0148,session_0148_06,6,2026-01-18T09:00:00,mastered,12.7,20,18,16,0.8,7.97,0,0.9,0.7994,False,0.9999,1.0,0.0001,0.8649,[SANDBOX DATA]
learner_0148,session_0148_07,7,2026-01-19T09:00:00,mastered,19.31,14,14,13,0.9286,10.07,1,1.0,0.884,False,1.0,1.0,0.0,0.9375,[SANDBOX DATA]
learner_0148,session_0148_08,8,2026-01-20T09:00:00,mastered,29.9,19,19,19,1.0,6.44,2,1.0,0.9699,False,1.0,1.0,0.0,0.9729,[SANDBOX DATA]
learner_0149,session_0149_01,1,2026-01-01T09:00:00,improving,25.4,21,18,15,0.7143,27.01,5,0.8571,0.763,False,0.5942,0.634,0.0399,0.7693,[SANDBOX DATA]
learner_0149,session_0149_02,2,2026-01-07T09:00:00,improving,22.56,9,6,7,0.7778,19.32,0,0.6667,0.8227,True,0.634,0.7391,0.1051,0.8034,[SANDBOX DATA]
learner_0149,session_0149_03,3,2026-01-13T09:00:00,improving,28.93,15,15,11,0.7333,11.38,5,1.0,0.8634,False,0.7391,0.8229,0.0838,0.8127,[SANDBOX DATA]
learner_0149,session_0149_04,4,2026-01-15T09:00:00,struggling,18.73,5,2,2,0.4,19.68,4,0.4,0.4342,True,0.8229,0.859,0.0361,0.3668,[SANDBOX DATA]
learner_0149,session_0149_05,5,2026-01-17T09:00:00,struggling,13.45,6,3,3,0.5,21.93,4,0.5,0.465,True,0.859,0.9291,0.0701,0.4597,[SANDBOX DATA]
learner_0149,session_0149_06,6,2026-01-23T09:00:00,needs_practice,25.76,20,15,11,0.55,22.28,8,0.75,0.6453,False,0.9291,0.9759,0.0468,0.6291,[SANDBOX DATA]
learner_0149,session_0149_07,7,2026-01-24T09:00:00,mastered,19.39,29,27,26,0.8966,14.26,3,0.931,0.7274,False,0.9759,1.0,0.0241,0.8713,[SANDBOX DATA]
learner_0149,session_0149_08,8,2026-01-26T09:00:00,mastered,14.0,15,15,15,1.0,7.26,3,1.0,0.9255,False,1.0,1.0,0.0,0.9451,[SANDBOX DATA]
learner_0149,session_0149_09,9,2026-01-31T09:00:00,improving,45.13,14,11,12,0.8571,12.41,4,0.7857,0.9815,False,1.0,1.0,0.0,0.8356,[SANDBOX DATA]
learner_0150,session_0150_01,1,2026-01-01T09:00:00,needs_practice,31.28,12,8,7,0.5833,20.72,1,0.6667,0.5912,True,0.517,0.5893,0.0723,0.6724,[SANDBOX DATA]
learner_0150,session_0150_02,2,2026-01-07T09:00:00,needs_practice,28.0,9,6,7,0.7778,22.93,3,0.6667,0.5306,True,0.5893,0.6468,0.0574,0.6783,[SANDBOX DATA]
learner_0150,session_0150_03,3,2026-01-08T09:00:00,improving,14.86,17,17,10,0.5882,13.38,1,1.0,0.8583,True,0.6468,0.7368,0.09,0.8158,[SANDBOX DATA]
learner_0150,session_0150_04,4,2026-01-13T09:00:00,mastered,11.33,14,14,13,0.9286,7.05,3,1.0,0.9451,False,0.7368,0.7748,0.0381,0.9212,[SANDBOX DATA]
learner_0150,session_0150_05,5,2026-01-17T09:00:00,mastered,13.91,29,29,24,0.8276,10.57,1,1.0,0.7473,False,0.7748,0.789,0.0141,0.8822,[SANDBOX DATA]
learner_0150,session_0150_06,6,2026-01-22T09:00:00,improving,22.9,17,15,12,0.7059,10.66,1,0.8824,0.6778,False,0.789,0.901,0.112,0.7914,[SANDBOX DATA]
learner_0150,session_0150_07,7,2026-01-23T09:00:00,improving,17.24,12,12,8,0.6667,21.33,2,1.0,0.7422,True,0.901,0.9625,0.0615,0.7984,[SANDBOX DATA]
learner_0150,session_0150_08,8,2026-01-26T09:00:00,mastered,13.32,11,11,11,1.0,6.48,2,1.0,0.8746,False,0.9625,0.9944,0.0319,0.9386,[SANDBOX DATA]
learner_0150,session_0150_09,9,2026-01-28T09:00:00,mastered,16.64,14,13,13,0.9286,8.91,1,0.9286,0.9342,True,0.9944,1.0,0.0056,0.9297,[SANDBOX DATA]
learner_0150,session_0150_10,10,2026-01-30T09:00:00,mastered,29.33,16,13,13,0.8125,12.52,5,0.8125,0.8665,False,1.0,1.0,0.0,0.7983,[SANDBOX DATA]
learner_0150,session_0150_11,11,2026-02-02T09:00:00,mastered,15.21,19,19,18,0.9474,6.25,3,1.0,1.0,False,1.0,1.0,0.0,0.95,[SANDBOX DATA]
learner_0150,session_0150_12,12,2026-02-06T09:00:00,mastered,14.0,16,16,12,0.75,10.14,1,1.0,0.8073,False,1.0,1.0,0.0,0.8615,[SANDBOX DATA]
learner_0151,session_0151_01,1,2026-01-01T09:00:00,improving,44.03,16,12,12,0.75,10.78,1,0.75,0.8352,False,0.4925,0.5232,0.0307,0.8045,[SANDBOX DATA]
learner_0151,session_0151_02,2,2026-01-02T09:00:00,struggling,26.12,7,4,3,0.4286,52.09,4,0.5714,0.4142,True,0.5232,0.5654,0.0422,0.4614,[SANDBOX DATA]
learner_0151,session_0151_03,3,2026-01-03T09:00:00,needs_practice,28.58,10,9,8,0.8,24.35,6,0.9,0.7018,False,0.5654,0.5654,0.0,0.7254,[SANDBOX DATA]
learner_0151,session_0151_04,4,2026-01-05T09:00:00,improving,31.03,22,18,15,0.6818,17.53,7,0.8182,0.6966,True,0.5654,0.6245,0.0591,0.7189,[SANDBOX DATA]
learner_0151,session_0151_05,5,2026-01-07T09:00:00,needs_practice,59.6,12,8,4,0.3333,32.43,6,0.6667,0.5852,True,0.6245,0.6245,0.0,0.5004,[SANDBOX DATA]
learner_0151,session_0151_06,6,2026-01-13T09:00:00,improving,23.88,14,11,11,0.7857,25.83,4,0.7857,0.6772,False,0.6245,0.7106,0.0861,0.7497,[SANDBOX DATA]
learner_0151,session_0151_07,7,2026-01-19T09:00:00,needs_practice,74.32,21,17,12,0.5714,32.56,3,0.8095,0.6146,False,0.7106,0.7218,0.0112,0.6967,[SANDBOX DATA]
learner_0151,session_0151_08,8,2026-01-25T09:00:00,struggling,23.7,11,7,2,0.1818,26.59,7,0.6364,0.4578,True,0.7218,0.756,0.0342,0.387,[SANDBOX DATA]
learner_0151,session_0151_09,9,2026-01-29T09:00:00,improving,20.81,15,12,9,0.6,16.55,1,0.8,0.7453,False,0.756,0.7876,0.0317,0.7457,[SANDBOX DATA]
learner_0151,session_0151_10,10,2026-02-03T09:00:00,improving,28.4,17,14,11,0.6471,15.98,8,0.8235,0.7949,False,0.7876,0.8113,0.0237,0.6972,[SANDBOX DATA]
learner_0152,session_0152_01,1,2026-01-01T09:00:00,needs_practice,18.91,15,11,11,0.7333,15.23,5,0.7333,0.6726,True,0.3748,0.4198,0.045,0.7079,[SANDBOX DATA]
learner_0152,session_0152_02,2,2026-01-05T09:00:00,needs_practice,56.01,8,6,4,0.5,13.17,2,0.75,0.6112,False,0.4198,0.4198,0.0,0.6347,[SANDBOX DATA]
learner_0152,session_0152_03,3,2026-01-07T09:00:00,needs_practice,42.51,10,5,5,0.5,11.98,2,0.5,0.594,True,0.4198,0.4754,0.0555,0.5788,[SANDBOX DATA]
learner_0152,session_0152_04,4,2026-01-11T09:00:00,mastered,25.84,10,10,9,0.9,7.11,0,1.0,0.8321,False,0.4754,0.4951,0.0197,0.9314,[SANDBOX DATA]
learner_0152,session_0152_05,5,2026-01-15T09:00:00,mastered,12.57,20,17,18,0.9,6.36,1,0.85,0.8568,False,0.4951,0.5156,0.0205,0.8889,[SANDBOX DATA]
learner_0152,session_0152_06,6,2026-01-20T09:00:00,needs_practice,28.28,14,12,7,0.5,20.46,3,0.8571,0.5173,True,0.5156,0.5608,0.0452,0.6499,[SANDBOX DATA]
learner_0152,session_0152_07,7,2026-01-24T09:00:00,needs_practice,23.55,15,11,12,0.8,20.66,9,0.7333,0.5415,False,0.5608,0.565,0.0043,0.6516,[SANDBOX DATA]
learner_0152,session_0152_08,8,2026-01-30T09:00:00,needs_practice,26.5,12,9,8,0.6667,16.86,4,0.75,0.575,False,0.565,0.6394,0.0744,0.6692,[SANDBOX DATA]
learner_0152,session_0152_09,9,2026-02-01T09:00:00,struggling,41.58,9,6,1,0.1111,23.86,6,0.6667,0.4428,True,0.6394,0.6769,0.0375,0.3608,[SANDBOX DATA]
learner_0153,session_0153_01,1,2026-01-01T09:00:00,struggling,22.47,5,2,2,0.4,33.67,4,0.4,0.5107,True,0.2547,0.2763,0.0217,0.3821,[SANDBOX DATA]
learner_0153,session_0153_02,2,2026-01-05T09:00:00,mastered,13.84,16,16,12,0.75,9.34,3,1.0,0.9156,False,0.2763,0.3104,0.034,0.8581,[SANDBOX DATA]
learner_0153,session_0153_03,3,2026-01-08T09:00:00,mastered,15.4,14,14,11,0.7857,5.42,1,1.0,1.0,True,0.3104,0.3879,0.0775,0.9107,[SANDBOX DATA]
learner_0153,session_0153_04,4,2026-01-11T09:00:00,mastered,11.49,17,15,15,0.8824,8.91,0,0.8824,0.9439,True,0.3879,0.4043,0.0164,0.9182,[SANDBOX DATA]
learner_0153,session_0153_05,5,2026-01-14T09:00:00,mastered,21.33,16,15,14,0.875,7.53,2,0.9375,0.9176,False,0.4043,0.4043,0.0,0.8991,[SANDBOX DATA]
learner_0153,session_0153_06,6,2026-01-20T09:00:00,mastered,18.26,15,14,11,0.7333,12.09,2,0.9333,0.9036,False,0.4043,0.4083,0.004,0.8441,[SANDBOX DATA]
learner_0153,session_0153_07,7,2026-01-24T09:00:00,mastered,15.25,13,12,13,1.0,6.37,2,0.9231,0.9289,False,0.4083,0.4218,0.0135,0.9358,[SANDBOX DATA]
learner_0153,session_0153_08,8,2026-01-27T09:00:00,mastered,10.86,8,8,7,0.875,8.32,0,1.0,0.8745,False,0.4218,0.43,0.0082,0.9311,[SANDBOX DATA]
learner_0153,session_0153_09,9,2026-01-28T09:00:00,mastered,11.85,19,18,15,0.7895,7.39,1,0.9474,0.9236,False,0.43,0.4679,0.0379,0.8873,[SANDBOX DATA]
learner_0154,session_0154_01,1,2026-01-01T09:00:00,struggling,45.66,12,4,4,0.3333,25.98,5,0.3333,0.4424,False,0.0787,0.0873,0.0086,0.4052,[SANDBOX DATA]
learner_0154,session_0154_02,2,2026-01-07T09:00:00,needs_practice,29.55,10,8,5,0.5,17.23,5,0.8,0.6418,False,0.0873,0.0873,0.0,0.6034,[SANDBOX DATA]
learner_0154,session_0154_03,3,2026-01-11T09:00:00,improving,19.72,19,12,14,0.7368,18.22,4,0.6316,0.8537,True,0.0873,0.1203,0.0329,0.7444,[SANDBOX DATA]
learner_0154,session_0154_04,4,2026-01-15T09:00:00,mastered,20.35,15,13,14,0.9333,9.71,2,0.8667,0.8439,True,0.1203,0.1586,0.0384,0.8854,[SANDBOX DATA]
learner_0154,session_0154_05,5,2026-01-19T09:00:00,mastered,17.94,12,12,10,0.8333,10.11,2,1.0,0.8876,False,0.1586,0.1586,0.0,0.8858,[SANDBOX DATA]
learner_0154,session_0154_06,6,2026-01-23T09:00:00,mastered,18.64,12,11,12,1.0,7.63,1,0.9167,0.7457,False,0.1586,0.1669,0.0083,0.9116,[SANDBOX DATA]
learner_0154,session_0154_07,7,2026-01-24T09:00:00,mastered,15.71,15,14,12,0.8,6.13,2,0.9333,0.8622,False,0.1669,0.184,0.0171,0.8591,[SANDBOX DATA]
learner_0154,session_0154_08,8,2026-01-25T09:00:00,improving,15.29,7,6,4,0.5714,13.12,2,0.8571,0.8119,False,0.184,0.2123,0.0283,0.7195,[SANDBOX DATA]
learner_0154,session_0154_09,9,2026-01-27T09:00:00,needs_practice,49.3,12,8,8,0.6667,20.09,7,0.6667,0.6277,False,0.2123,0.2585,0.0462,0.6089,[SANDBOX DATA]
learner_0154,session_0154_10,10,2026-01-31T09:00:00,needs_practice,18.76,11,9,7,0.6364,17.79,4,0.8182,0.6749,False,0.2585,0.2675,0.009,0.6895,[SANDBOX DATA]
learner_0154,session_0154_11,11,2026-02-03T09:00:00,struggling,20.07,8,4,3,0.375,26.6,6,0.5,0.3845,False,0.2675,0.3055,0.038,0.3831,[SANDBOX DATA]
learner_0155,session_0155_01,1,2026-01-01T09:00:00,needs_practice,26.01,16,11,7,0.4375,10.23,7,0.6875,0.5731,False,0.3787,0.3787,0.0,0.5521,[SANDBOX DATA]
learner_0155,session_0155_02,2,2026-01-02T09:00:00,struggling,17.66,7,3,3,0.4286,34.8,3,0.4286,0.3919,True,0.3787,0.4123,0.0337,0.4498,[SANDBOX DATA]
learner_0155,session_0155_03,3,2026-01-05T09:00:00,mastered,11.23,12,12,11,0.9167,13.53,0,1.0,0.9368,False,0.4123,0.427,0.0146,0.9582,[SANDBOX DATA]
learner_0155,session_0155_04,4,2026-01-10T09:00:00,mastered,12.11,11,11,9,0.8182,11.05,1,1.0,0.8756,True,0.427,0.4469,0.0199,0.8933,[SANDBOX DATA]
learner_0155,session_0155_05,5,2026-01-13T09:00:00,mastered,11.16,16,14,13,0.8125,12.03,1,0.875,0.7337,False,0.4469,0.49,0.0431,0.8374,[SANDBOX DATA]
learner_0155,session_0155_06,6,2026-01-16T09:00:00,mastered,18.45,10,10,9,0.9,9.97,2,1.0,0.7907,False,0.49,0.49,0.0,0.8831,[SANDBOX DATA]
learner_0155,session_0155_07,7,2026-01-20T09:00:00,mastered,14.73,12,9,11,0.9167,8.95,1,0.75,0.8545,False,0.49,0.5014,0.0115,0.8626,[SANDBOX DATA]
learner_0155,session_0155_08,8,2026-01-22T09:00:00,mastered,16.05,9,9,8,0.8889,10.01,0,1.0,0.9735,False,0.5014,0.5069,0.0054,0.9558,[SANDBOX DATA]
learner_0155,session_0155_09,9,2026-01-24T09:00:00,mastered,18.98,14,12,13,0.9286,10.47,0,0.8571,0.9418,False,0.5069,0.5307,0.0239,0.9277,[SANDBOX DATA]
learner_0155,session_0155_10,10,2026-01-27T09:00:00,mastered,26.54,13,13,13,1.0,8.71,2,1.0,0.9948,True,0.5307,0.558,0.0273,0.9682,[SANDBOX DATA]
learner_0156,session_0156_01,1,2026-01-01T09:00:00,improving,45.14,10,9,7,0.7,11.92,1,0.9,0.832,True,0.6014,0.6736,0.0722,0.8164,[SANDBOX DATA]
learner_0156,session_0156_02,2,2026-01-07T09:00:00,improving,18.76,8,6,6,0.75,11.52,2,0.75,0.8714,True,0.6736,0.7328,0.0591,0.7743,[SANDBOX DATA]
learner_0156,session_0156_03,3,2026-01-10T09:00:00,mastered,21.79,13,13,11,0.8462,6.06,0,1.0,0.891,False,0.7328,0.7421,0.0093,0.9244,[SANDBOX DATA]
learner_0156,session_0156_04,4,2026-01-14T09:00:00,mastered,15.62,9,8,8,0.8889,7.0,1,0.8889,0.9407,False,0.7421,0.7427,0.0006,0.8993,[SANDBOX DATA]
learner_0156,session_0156_05,5,2026-01-19T09:00:00,mastered,22.59,19,19,14,0.7368,8.67,4,1.0,0.9648,False,0.7427,0.7446,0.0019,0.8587,[SANDBOX DATA]
learner_0156,session_0156_06,6,2026-01-24T09:00:00,mastered,23.16,20,20,18,0.9,9.63,4,1.0,0.8819,False,0.7446,0.7583,0.0137,0.9014,[SANDBOX DATA]
learner_0156,session_0156_07,7,2026-01-29T09:00:00,mastered,13.64,13,13,12,0.9231,8.89,1,1.0,0.9474,False,0.7583,0.7795,0.0211,0.9472,[SANDBOX DATA]
learner_0156,session_0156_08,8,2026-02-01T09:00:00,mastered,32.65,17,16,16,0.9412,10.43,0,0.9412,0.9572,True,0.7795,0.7996,0.0201,0.9561,[SANDBOX DATA]
learner_0156,session_0156_09,9,2026-02-03T09:00:00,mastered,13.29,18,17,15,0.8333,4.89,1,0.9444,0.9189,False,0.7996,0.8237,0.0241,0.9004,[SANDBOX DATA]
learner_0156,session_0156_10,10,2026-02-07T09:00:00,mastered,20.52,11,10,9,0.8182,11.75,1,0.9091,0.9199,False,0.8237,0.838,0.0143,0.8794,[SANDBOX DATA]
learner_0156,session_0156_11,11,2026-02-09T09:00:00,mastered,26.72,21,21,19,0.9048,9.92,0,1.0,0.8689,False,0.838,0.8697,0.0317,0.9404,[SANDBOX DATA]
learner_0156,session_0156_12,12,2026-02-12T09:00:00,mastered,9.69,17,16,15,0.8824,9.31,0,0.9412,0.8986,False,0.8697,0.8812,0.0115,0.9238,[SANDBOX DATA]
learner_0157,session_0157_01,1,2026-01-01T09:00:00,struggling,18.92,13,6,4,0.3077,16.59,10,0.4615,0.2776,True,0.2837,0.2837,0.0,0.3248,[SANDBOX DATA]
learner_0157,session_0157_02,2,2026-01-02T09:00:00,needs_practice,29.56,9,6,4,0.4444,20.5,1,0.6667,0.7143,False,0.2837,0.2959,0.0122,0.6429,[SANDBOX DATA]
learner_0157,session_0157_03,3,2026-01-05T09:00:00,improving,23.03,14,11,11,0.7857,29.13,3,0.7857,0.9033,False,0.2959,0.3606,0.0647,0.8092,[SANDBOX DATA]
learner_0157,session_0157_04,4,2026-01-09T09:00:00,mastered,35.16,20,20,17,0.85,15.54,1,1.0,0.6788,False,0.3606,0.3889,0.0283,0.8733,[SANDBOX DATA]
learner_0157,session_0157_05,5,2026-01-10T09:00:00,mastered,15.78,23,22,21,0.913,8.38,3,0.9565,0.9265,False,0.3889,0.4057,0.0167,0.9179,[SANDBOX DATA]
learner_0157,session_0157_06,6,2026-01-12T09:00:00,mastered,18.35,19,19,18,0.9474,7.6,0,1.0,0.8232,False,0.4057,0.4309,0.0252,0.9462,[SANDBOX DATA]
learner_0157,session_0157_07,7,2026-01-16T09:00:00,mastered,9.55,14,13,13,0.9286,8.47,1,0.9286,0.8658,False,0.4309,0.4309,0.0,0.916,[SANDBOX DATA]
learner_0157,session_0157_08,8,2026-01-21T09:00:00,mastered,19.33,16,15,14,0.875,7.46,1,0.9375,0.9114,False,0.4309,0.4433,0.0124,0.9104,[SANDBOX DATA]
learner_0157,session_0157_09,9,2026-01-25T09:00:00,improving,42.0,17,13,10,0.5882,19.56,5,0.7647,0.9348,True,0.4433,0.4923,0.0489,0.7252,[SANDBOX DATA]
learner_0157,session_0157_10,10,2026-01-28T09:00:00,improving,33.3,13,11,9,0.6923,9.27,2,0.8462,0.6345,True,0.4923,0.5594,0.0671,0.75,[SANDBOX DATA]
learner_0157,session_0157_11,11,2026-01-31T09:00:00,improving,22.14,14,11,9,0.6429,16.92,1,0.7857,0.7769,True,0.5594,0.6378,0.0784,0.7625,[SANDBOX DATA]
learner_0157,session_0157_12,12,2026-02-04T09:00:00,improving,29.9,8,7,7,0.875,12.26,2,0.875,0.762,False,0.6378,0.6545,0.0167,0.8274,[SANDBOX DATA]
learner_0158,session_0158_01,1,2026-01-01T09:00:00,struggling,20.72,9,5,4,0.4444,13.37,7,0.5556,0.3659,True,0.1278,0.1714,0.0436,0.4121,[SANDBOX DATA]
learner_0158,session_0158_02,2,2026-01-02T09:00:00,struggling,26.34,13,5,6,0.4615,21.74,9,0.3846,0.393,True,0.1714,0.224,0.0526,0.3978,[SANDBOX DATA]
learner_0158,session_0158_03,3,2026-01-05T09:00:00,struggling,23.92,8,3,2,0.25,28.33,4,0.375,0.3354,True,0.224,0.2698,0.0458,0.3483,[SANDBOX DATA]
learner_0158,session_0158_04,4,2026-01-08T09:00:00,needs_practice,27.49,10,8,5,0.5,33.23,4,0.8,0.708,True,0.2698,0.288,0.0182,0.6366,[SANDBOX DATA]
learner_0158,session_0158_05,5,2026-01-12T09:00:00,needs_practice,26.89,16,8,9,0.5625,20.84,8,0.5,0.7225,False,0.288,0.288,0.0,0.5664,[SANDBOX DATA]
learner_0158,session_0158_06,6,2026-01-17T09:00:00,needs_practice,39.25,14,7,6,0.4286,18.96,5,0.5,0.6303,True,0.288,0.3624,0.0744,0.5296,[SANDBOX DATA]
learner_0158,session_0158_07,7,2026-01-19T09:00:00,needs_practice,11.47,12,10,8,0.6667,14.42,6,0.8333,0.5459,False,0.3624,0.3956,0.0332,0.6508,[SANDBOX DATA]
learner_0158,session_0158_08,8,2026-01-22T09:00:00,struggling,23.79,11,5,4,0.3636,35.95,8,0.4545,0.1649,True,0.3956,0.4097,0.0141,0.3284,[SANDBOX DATA]
learner_0158,session_0158_09,9,2026-01-25T09:00:00,needs_practice,40.71,10,8,6,0.6,23.24,3,0.8,0.6243,False,0.4097,0.4418,0.0322,0.6749,[SANDBOX DATA]
learner_0159,session_0159_01,1,2026-01-01T09:00:00,mastered,12.4,25,23,22,0.88,7.5,3,0.92,0.9941,False,0.8017,0.8317,0.03,0.9128,[SANDBOX DATA]
learner_0159,session_0159_02,2,2026-01-07T09:00:00,mastered,34.1,15,14,13,0.8667,10.1,1,0.9333,0.897,False,0.8317,0.8463,0.0146,0.9027,[SANDBOX DATA]
learner_0159,session_0159_03,3,2026-01-12T09:00:00,mastered,13.08,22,22,20,0.9091,7.28,3,1.0,0.9235,False,0.8463,0.8463,0.0,0.9256,[SANDBOX DATA]
learner_0159,session_0159_04,4,2026-01-18T09:00:00,improving,25.06,13,10,9,0.6923,27.72,3,0.7692,0.6489,False,0.8463,0.9148,0.0685,0.7182,[SANDBOX DATA]
learner_0159,session_0159_05,5,2026-01-24T09:00:00,improving,24.94,13,11,8,0.6154,15.42,3,0.8462,0.8034,False,0.9148,0.9243,0.0095,0.7414,[SANDBOX DATA]
learner_0159,session_0159_06,6,2026-01-25T09:00:00,improving,20.85,14,13,10,0.7143,10.9,3,0.9286,0.606,False,0.9243,0.9781,0.0538,0.7605,[SANDBOX DATA]
learner_0159,session_0159_07,7,2026-01-26T09:00:00,improving,36.09,17,17,8,0.4706,19.15,2,1.0,0.7644,True,0.9781,1.0,0.0219,0.7441,[SANDBOX DATA]
learner_0159,session_0159_08,8,2026-01-30T09:00:00,mastered,20.01,16,12,15,0.9375,7.9,0,0.75,0.8523,False,1.0,1.0,0.0,0.8861,[SANDBOX DATA]
learner_0159,session_0159_09,9,2026-02-05T09:00:00,mastered,23.92,8,7,8,1.0,10.82,0,0.875,0.9431,False,1.0,1.0,0.0,0.9574,[SANDBOX DATA]
learner_0159,session_0159_10,10,2026-02-06T09:00:00,mastered,27.95,21,21,21,1.0,13.87,5,1.0,0.8633,False,1.0,1.0,0.0,0.925,[SANDBOX DATA]
learner_0159,session_0159_11,11,2026-02-10T09:00:00,mastered,9.3,19,17,17,0.8947,11.9,3,0.8947,0.8947,False,1.0,1.0,0.0,0.8842,[SANDBOX DATA]
learner_0160,session_0160_01,1,2026-01-01T09:00:00,struggling,25.47,13,6,6,0.4615,39.63,6,0.4615,0.5825,False,0.1573,0.1573,0.0,0.5011,[SANDBOX DATA]
learner_0160,session_0160_02,2,2026-01-05T09:00:00,struggling,14.75,11,6,4,0.3636,18.64,5,0.5455,0.4686,True,0.1573,0.1576,0.0003,0.4665,[SANDBOX DATA]
learner_0160,session_0160_03,3,2026-01-11T09:00:00,struggling,24.43,8,4,2,0.25,27.57,6,0.5,0.3565,True,0.1576,0.176,0.0184,0.3338,[SANDBOX DATA]
learner_0160,session_0160_04,4,2026-01-17T09:00:00,struggling,30.41,7,4,3,0.4286,23.6,4,0.5714,0.4477,True,0.176,0.2247,0.0487,0.4681,[SANDBOX DATA]
learner_0160,session_0160_05,5,2026-01-21T09:00:00,mastered,14.1,14,12,12,0.8571,11.51,3,0.8571,0.8154,False,0.2247,0.2544,0.0297,0.8345,[SANDBOX DATA]
learner_0160,session_0160_06,6,2026-01-25T09:00:00,mastered,8.34,12,11,10,0.8333,7.92,1,0.9167,0.806,False,0.2544,0.2753,0.0209,0.8654,[SANDBOX DATA]
learner_0160,session_0160_07,7,2026-01-26T09:00:00,mastered,13.22,12,11,10,0.8333,7.54,0,0.9167,0.7397,False,0.2753,0.2966,0.0213,0.8688,[SANDBOX DATA]
learner_0160,session_0160_08,8,2026-01-29T09:00:00,needs_practice,22.74,8,6,4,0.5,19.77,1,0.75,0.673,False,0.2966,0.3214,0.0248,0.6721,[SANDBOX DATA]
learner_0161,session_0161_01,1,2026-01-01T09:00:00,improving,69.42,14,11,9,0.6429,7.72,2,0.7857,0.85,False,0.551,0.569,0.018,0.7629,[SANDBOX DATA]
learner_0161,session_0161_02,2,2026-01-02T09:00:00,needs_practice,29.27,11,8,6,0.5455,34.02,3,0.7273,0.7471,True,0.569,0.6501,0.0811,0.6676,[SANDBOX DATA]
learner_0161,session_0161_03,3,2026-01-05T09:00:00,needs_practice,44.06,13,8,11,0.8462,28.48,6,0.6154,0.6351,True,0.6501,0.7259,0.0758,0.6847,[SANDBOX DATA]
learner_0161,session_0161_04,4,2026-01-10T09:00:00,needs_practice,51.12,17,11,8,0.4706,19.25,6,0.6471,0.6116,False,0.7259,0.7603,0.0344,0.5782,[SANDBOX DATA]
learner_0161,session_0161_05,5,2026-01-13T09:00:00,needs_practice,29.92,16,12,11,0.6875,9.64,9,0.75,0.5638,False,0.7603,0.8311,0.0708,0.6284,[SANDBOX DATA]
learner_0161,session_0161_06,6,2026-01-17T09:00:00,improving,29.73,13,11,12,0.9231,9.05,5,0.8462,0.7457,True,0.8311,0.9268,0.0957,0.8068,[SANDBOX DATA]
learner_0161,session_0161_07,7,2026-01-20T09:00:00,mastered,29.02,19,17,16,0.8421,12.53,5,0.8947,0.7903,True,0.9268,0.9699,0.0432,0.8238,[SANDBOX DATA]
learner_0161,session_0161_08,8,2026-01-25T09:00:00,mastered,9.68,12,12,11,0.9167,7.38,2,1.0,0.8248,False,0.9699,0.979,0.0091,0.9025,[SANDBOX DATA]
learner_0161,session_0161_09,9,2026-01-27T09:00:00,needs_practice,41.05,13,9,9,0.6923,22.96,2,0.6923,0.5958,True,0.979,1.0,0.021,0.7038,[SANDBOX DATA]
learner_0161,session_0161_10,10,2026-01-28T09:00:00,needs_practice,42.3,16,10,11,0.6875,22.2,8,0.625,0.6748,True,1.0,1.0,0.0,0.6318,[SANDBOX DATA]
learner_0161,session_0161_11,11,2026-02-02T09:00:00,improving,29.78,20,19,14,0.7,12.87,3,0.95,0.6603,True,1.0,1.0,0.0,0.7846,[SANDBOX DATA]
learner_0162,session_0162_01,1,2026-01-01T09:00:00,struggling,17.11,9,6,5,0.5556,27.76,6,0.6667,0.4592,True,0.1221,0.123,0.001,0.5196,[SANDBOX DATA]
learner_0162,session_0162_02,2,2026-01-07T09:00:00,needs_practice,35.78,10,7,5,0.5,35.77,3,0.7,0.5265,False,0.123,0.1307,0.0077,0.5953,[SANDBOX DATA]
learner_0162,session_0162_03,3,2026-01-10T09:00:00,needs_practice,21.06,7,4,6,0.8571,25.4,3,0.5714,0.6519,False,0.1307,0.184,0.0533,0.6875,[SANDBOX DATA]
learner_0162,session_0162_04,4,2026-01-11T09:00:00,needs_practice,14.99,9,5,5,0.5556,14.99,0,0.5556,0.6205,False,0.184,0.2405,0.0565,0.6574,[SANDBOX DATA]
learner_0162,session_0162_05,5,2026-01-13T09:00:00,needs_practice,50.59,8,5,4,0.5,23.28,3,0.625,0.5759,False,0.2405,0.2405,0.0,0.5714,[SANDBOX DATA]
learner_0162,session_0162_06,6,2026-01-14T09:00:00,struggling,24.89,9,5,2,0.2222,34.76,6,0.5556,0.4903,True,0.2405,0.2957,0.0551,0.3814,[SANDBOX DATA]
learner_0162,session_0162_07,7,2026-01-15T09:00:00,struggling,15.66,8,4,2,0.25,22.03,6,0.5,0.2816,False,0.2957,0.3262,0.0305,0.3188,[SANDBOX DATA]
learner_0162,session_0162_08,8,2026-01-21T09:00:00,struggling,38.51,8,4,2,0.25,26.83,4,0.5,0.4475,False,0.3262,0.3344,0.0083,0.402,[SANDBOX DATA]
learner_0162,session_0162_09,9,2026-01-25T09:00:00,struggling,27.64,7,4,3,0.4286,26.01,2,0.5714,0.4294,True,0.3344,0.3877,0.0532,0.5216,[SANDBOX DATA]
learner_0162,session_0162_10,10,2026-01-28T09:00:00,struggling,24.8,9,5,3,0.3333,32.66,7,0.5556,0.3758,False,0.3877,0.3877,0.0,0.3752,[SANDBOX DATA]
learner_0162,session_0162_11,11,2026-01-29T09:00:00,struggling,34.06,14,7,1,0.0714,27.87,7,0.5,0.488,True,0.3877,0.3962,0.0085,0.3476,[SANDBOX DATA]
learner_0162,session_0162_12,12,2026-02-04T09:00:00,struggling,19.11,6,4,1,0.1667,31.98,3,0.6667,0.49,False,0.3962,0.4081,0.0119,0.423,[SANDBOX DATA]
learner_0163,session_0163_01,1,2026-01-01T09:00:00,struggling,17.66,11,6,6,0.5455,28.72,8,0.5455,0.362,True,0.3117,0.3317,0.02,0.4542,[SANDBOX DATA]
learner_0163,session_0163_02,2,2026-01-04T09:00:00,struggling,16.97,10,5,5,0.5,31.09,4,0.5,0.4393,False,0.3317,0.3492,0.0175,0.5079,[SANDBOX DATA]
learner_0163,session_0163_03,3,2026-01-10T09:00:00,needs_practice,18.6,9,6,5,0.5556,18.23,4,0.6667,0.6253,False,0.3492,0.3492,0.0,0.5973,[SANDBOX DATA]
learner_0163,session_0163_04,4,2026-01-15T09:00:00,needs_practice,16.23,11,6,7,0.6364,9.6,3,0.5455,0.524,True,0.3492,0.4069,0.0576,0.6093,[SANDBOX DATA]
learner_0163,session_0163_05,5,2026-01-16T09:00:00,improving,21.74,14,13,7,0.5,14.89,5,0.9286,0.6771,False,0.4069,0.482,0.0751,0.6711,[SANDBOX DATA]
learner_0163,session_0163_06,6,2026-01-19T09:00:00,needs_practice,36.36,11,8,8,0.7273,21.62,2,0.7273,0.5747,False,0.482,0.5112,0.0293,0.7149,[SANDBOX DATA]
learner_0163,session_0163_07,7,2026-01-24T09:00:00,struggling,25.99,6,4,3,0.5,27.72,2,0.6667,0.4194,True,0.5112,0.5112,0.0,0.5589,[SANDBOX DATA]
learner_0163,session_0163_08,8,2026-01-27T09:00:00,struggling,23.86,7,4,2,0.2857,32.71,5,0.5714,0.3393,True,0.5112,0.5778,0.0666,0.3679,[SANDBOX DATA]
learner_0163,session_0163_09,9,2026-02-02T09:00:00,struggling,21.57,9,5,4,0.4444,16.19,2,0.5556,0.4926,False,0.5778,0.5778,0.0,0.5485,[SANDBOX DATA]
learner_0163,session_0163_10,10,2026-02-08T09:00:00,struggling,26.99,12,5,5,0.4167,44.48,6,0.4167,0.4146,True,0.5778,0.6054,0.0276,0.4329,[SANDBOX DATA]
learner_0164,session_0164_01,1,2026-01-01T09:00:00,struggling,42.87,6,3,2,0.3333,24.1,3,0.5,0.3951,False,0.2306,0.238,0.0074,0.4207,[SANDBOX DATA]
learner_0164,session_0164_02,2,2026-01-03T09:00:00,needs_practice,15.61,9,7,6,0.6667,17.67,1,0.7778,0.5698,False,0.238,0.3012,0.0632,0.7195,[SANDBOX DATA]
learner_0164,session_0164_03,3,2026-01-08T09:00:00,needs_practice,26.01,10,7,3,0.3,18.74,7,0.7,0.5467,True,0.3012,0.3349,0.0336,0.4493,[SANDBOX DATA]
learner_0164,session_0164_04,4,2026-01-13T09:00:00,needs_practice,37.28,10,7,5,0.5,21.62,3,0.7,0.7572,True,0.3349,0.4068,0.0719,0.6414,[SANDBOX DATA]
learner_0164,session_0164_05,5,2026-01-15T09:00:00,struggling,14.88,8,5,3,0.375,25.23,5,0.625,0.4332,False,0.4068,0.4068,0.0,0.4491,[SANDBOX DATA]
learner_0164,session_0164_06,6,2026-01-16T09:00:00,struggling,24.45,10,6,2,0.2,65.36,5,0.6,0.4884,True,0.4068,0.4479,0.0411,0.4177,[SANDBOX DATA]
learner_0164,session_0164_07,7,2026-01-19T09:00:00,struggling,24.12,3,2,1,0.3333,51.48,2,0.6667,0.3905,False,0.4479,0.4479,0.0,0.4281,[SANDBOX DATA]
learner_0164,session_0164_08,8,2026-01-20T09:00:00,struggling,20.81,13,8,4,0.3077,32.99,8,0.6154,0.4546,False,0.4479,0.4526,0.0047,0.4294,[SANDBOX DATA]
learner_0164,session_0164_09,9,2026-01-23T09:00:00,struggling,20.47,12,6,4,0.3333,33.89,8,0.5,0.5058,True,0.4526,0.5255,0.073,0.4095,[SANDBOX DATA]
learner_0164,session_0164_10,10,2026-01-26T09:00:00,struggling,20.65,11,6,0,0.0,26.88,8,0.5455,0.3728,True,0.5255,0.5854,0.0598,0.2655,[SANDBOX DATA]
learner_0165,session_0165_01,1,2026-01-01T09:00:00,needs_practice,62.01,9,7,5,0.5556,34.24,3,0.7778,0.5224,False,0.3327,0.3327,0.0,0.6267,[SANDBOX DATA]
learner_0165,session_0165_02,2,2026-01-07T09:00:00,needs_practice,17.63,11,8,7,0.6364,14.15,7,0.7273,0.7465,False,0.3327,0.4051,0.0724,0.6266,[SANDBOX DATA]
learner_0165,session_0165_03,3,2026-01-13T09:00:00,improving,14.48,10,8,9,0.9,10.47,1,0.8,0.7686,True,0.4051,0.4678,0.0627,0.8487,[SANDBOX DATA]
learner_0165,session_0165_04,4,2026-01-14T09:00:00,needs_practice,32.77,11,7,4,0.3636,29.08,6,0.6364,0.571,True,0.4678,0.4707,0.0028,0.4915,[SANDBOX DATA]
learner_0165,session_0165_05,5,2026-01-19T09:00:00,needs_practice,35.79,11,6,5,0.4545,28.03,4,0.5455,0.6453,False,0.4707,0.4767,0.006,0.5518,[SANDBOX DATA]
learner_0165,session_0165_06,6,2026-01-25T09:00:00,needs_practice,22.27,10,8,6,0.6,19.53,4,0.8,0.6522,False,0.4767,0.5037,0.027,0.6604,[SANDBOX DATA]
learner_0165,session_0165_07,7,2026-01-26T09:00:00,improving,25.54,25,21,17,0.68,16.12,5,0.84,0.6262,False,0.5037,0.5552,0.0516,0.7332,[SANDBOX DATA]
learner_0165,session_0165_08,8,2026-01-28T09:00:00,needs_practice,52.97,12,9,6,0.5,29.85,6,0.75,0.5974,True,0.5552,0.629,0.0738,0.582,[SANDBOX DATA]
learner_0166,session_0166_01,1,2026-01-01T09:00:00,improving,23.75,11,9,8,0.7273,12.8,3,0.8182,0.7266,False,0.7295,0.7584,0.0289,0.7499,[SANDBOX DATA]
learner_0166,session_0166_02,2,2026-01-03T09:00:00,improving,32.66,14,13,11,0.7857,12.37,6,0.9286,0.5975,False,0.7584,0.8218,0.0634,0.7409,[SANDBOX DATA]
learner_0166,session_0166_03,3,2026-01-08T09:00:00,improving,28.53,17,14,13,0.7647,18.34,2,0.8235,0.8031,True,0.8218,0.883,0.0613,0.8106,[SANDBOX DATA]
learner_0166,session_0166_04,4,2026-01-09T09:00:00,mastered,22.86,18,15,15,0.8333,7.85,1,0.8333,0.7581,False,0.883,0.883,0.0,0.8405,[SANDBOX DATA]
learner_0166,session_0166_05,5,2026-01-11T09:00:00,mastered,15.58,20,17,16,0.8,11.47,4,0.85,0.9002,False,0.883,0.8869,0.0039,0.8325,[SANDBOX DATA]
learner_0166,session_0166_06,6,2026-01-14T09:00:00,mastered,18.8,18,18,17,0.9444,7.55,3,1.0,0.7587,False,0.8869,0.8869,0.0,0.899,[SANDBOX DATA]
learner_0166,session_0166_07,7,2026-01-17T09:00:00,mastered,12.44,14,12,11,0.7857,9.8,0,0.8571,0.8337,False,0.8869,0.9268,0.0399,0.856,[SANDBOX DATA]
learner_0166,session_0166_08,8,2026-01-23T09:00:00,mastered,18.2,18,18,15,0.8333,12.05,0,1.0,0.7428,True,0.9268,0.9981,0.0714,0.8902,[SANDBOX DATA]
learner_0166,session_0166_09,9,2026-01-24T09:00:00,mastered,13.92,17,17,16,0.9412,9.17,1,1.0,0.9007,False,0.9981,0.9981,0.0,0.9478,[SANDBOX DATA]
learner_0167,session_0167_01,1,2026-01-01T09:00:00,struggling,33.24,9,5,4,0.4444,43.12,4,0.5556,0.4412,True,0.1011,0.1697,0.0686,0.4938,[SANDBOX DATA]
learner_0167,session_0167_02,2,2026-01-07T09:00:00,struggling,16.45,3,2,1,0.3333,23.67,1,0.6667,0.39,True,0.1697,0.1697,0.0,0.4947,[SANDBOX DATA]
learner_0167,session_0167_03,3,2026-01-12T09:00:00,needs_practice,14.14,13,10,5,0.3846,23.74,4,0.7692,0.5956,True,0.1697,0.2337,0.064,0.5845,[SANDBOX DATA]
learner_0167,session_0167_04,4,2026-01-16T09:00:00,needs_practice,29.69,12,9,6,0.5,18.33,4,0.75,0.6202,False,0.2337,0.251,0.0173,0.6199,[SANDBOX DATA]
learner_0167,session_0167_05,5,2026-01-20T09:00:00,needs_practice,32.08,7,6,4,0.5714,22.42,4,0.8571,0.6505,False,0.251,0.2537,0.0027,0.6301,[SANDBOX DATA]
learner_0167,session_0167_06,6,2026-01-25T09:00:00,needs_practice,17.59,12,8,6,0.5,20.22,6,0.6667,0.6155,False,0.2537,0.2537,0.0,0.5648,[SANDBOX DATA]
learner_0167,session_0167_07,7,2026-01-28T09:00:00,improving,24.71,9,7,6,0.6667,20.21,1,0.7778,0.7932,True,0.2537,0.3249,0.0712,0.7642,[SANDBOX DATA]
learner_0167,session_0167_08,8,2026-02-03T09:00:00,mastered,29.72,11,11,9,0.8182,9.93,1,1.0,0.954,False,0.3249,0.3249,0.0,0.909,[SANDBOX DATA]
learner_0167,session_0167_09,9,2026-02-04T09:00:00,mastered,14.86,19,18,17,0.8947,5.92,3,0.9474,0.9086,False,0.3249,0.3284,0.0035,0.9001,[SANDBOX DATA]
learner_0167,session_0167_10,10,2026-02-05T09:00:00,needs_practice,50.94,11,9,5,0.4545,47.47,6,0.8182,0.591,True,0.3284,0.3615,0.0331,0.5727,[SANDBOX DATA]
learner_0168,session_0168_01,1,2026-01-01T09:00:00,improving,25.65,19,16,15,0.7895,12.1,4,0.8421,0.8762,False,0.7458,0.8274,0.0816,0.82,[SANDBOX DATA]
learner_0168,session_0168_02,2,2026-01-07T09:00:00,needs_practice,17.31,13,10,7,0.5385,24.85,5,0.7692,0.6891,True,0.8274,0.8707,0.0433,0.6417,[SANDBOX DATA]
learner_0168,session_0168_03,3,2026-01-12T09:00:00,mastered,10.69,26,22,21,0.8077,11.56,1,0.8462,0.937,True,0.8707,0.9066,0.0358,0.8739,[SANDBOX DATA]
learner_0168,session_0168_04,4,2026-01-16T09:00:00,mastered,15.31,19,19,15,0.7895,8.0,0,1.0,0.9763,False,0.9066,0.9144,0.0079,0.9216,[SANDBOX DATA]
learner_0168,session_0168_05,5,2026-01-21T09:00:00,mastered,19.95,18,17,16,0.8889,10.25,1,0.9444,0.8159,True,0.9144,0.9629,0.0485,0.8993,[SANDBOX DATA]
learner_0168,session_0168_06,6,2026-01-22T09:00:00,mastered,12.94,21,21,20,0.9524,9.92,4,1.0,0.7101,False,0.9629,0.9629,0.0,0.8873,[SANDBOX DATA]
learner_0168,session_0168_07,7,2026-01-27T09:00:00,mastered,23.67,15,12,13,0.8667,12.55,2,0.8,0.9786,False,0.9629,0.9946,0.0317,0.8724,[SANDBOX DATA]
learner_0168,session_0168_08,8,2026-01-28T09:00:00,mastered,16.15,11,11,11,1.0,10.77,1,1.0,0.6442,False,0.9946,1.0,0.0054,0.9107,[SANDBOX DATA]
learner_0168,session_0168_09,9,2026-01-29T09:00:00,mastered,13.24,15,15,14,0.9333,12.87,0,1.0,0.8916,False,1.0,1.0,0.0,0.955,[SANDBOX DATA]
learner_0168,session_0168_10,10,2026-02-03T09:00:00,mastered,18.68,13,13,10,0.7692,8.59,0,1.0,0.9879,False,1.0,1.0,0.0,0.9168,[SANDBOX DATA]
learner_0168,session_0168_11,11,2026-02-06T09:00:00,mastered,16.61,23,17,23,1.0,8.11,3,0.7391,0.9459,False,1.0,1.0,0.0,0.8979,[SANDBOX DATA]
learner_0169,session_0169_01,1,2026-01-01T09:00:00,mastered,16.28,14,12,14,1.0,12.28,0,0.8571,0.9528,False,0.9171,0.9171,0.0,0.9548,[SANDBOX DATA]
learner_0169,session_0169_02,2,2026-01-03T09:00:00,mastered,20.4,11,10,11,1.0,7.22,1,0.9091,0.9208,False,0.9171,0.9247,0.0075,0.9433,[SANDBOX DATA]
learner_0169,session_0169_03,3,2026-01-09T09:00:00,mastered,23.18,15,14,14,0.9333,8.59,4,0.9333,0.6422,False,0.9247,0.9328,0.0081,0.8351,[SANDBOX DATA]
learner_0169,session_0169_04,4,2026-01-13T09:00:00,mastered,20.25,13,13,12,0.9231,9.86,0,1.0,0.8002,False,0.9328,0.9457,0.013,0.9331,[SANDBOX DATA]
learner_0169,session_0169_05,5,2026-01-15T09:00:00,mastered,27.67,15,14,14,0.9333,9.27,3,0.9333,0.7339,False,0.9457,0.9466,0.0008,0.8668,[SANDBOX DATA]
learner_0169,session_0169_06,6,2026-01-16T09:00:00,mastered,28.35,10,10,8,0.8,15.22,2,1.0,0.9105,False,0.9466,0.9669,0.0203,0.8721,[SANDBOX DATA]
learner_0169,session_0169_07,7,2026-01-22T09:00:00,mastered,12.24,16,16,15,0.9375,7.71,0,1.0,0.9824,False,0.9669,0.9877,0.0208,0.9746,[SANDBOX DATA]
learner_0169,session_0169_08,8,2026-01-24T09:00:00,mastered,25.75,13,12,12,0.9231,9.18,2,0.9231,0.8006,True,0.9877,1.0,0.0123,0.8832,[SANDBOX DATA]
learner_0169,session_0169_09,9,2026-01-29T09:00:00,mastered,14.98,20,19,19,0.95,8.74,1,0.95,0.9916,False,1.0,1.0,0.0,0.9583,[SANDBOX DATA]
learner_0169,session_0169_10,10,2026-02-01T09:00:00,needs_practice,29.77,7,5,4,0.5714,17.66,3,0.7143,0.6159,True,1.0,1.0,0.0,0.616,[SANDBOX DATA]
learner_0170,session_0170_01,1,2026-01-01T09:00:00,improving,33.48,9,6,7,0.7778,15.1,0,0.6667,0.7718,False,0.5443,0.5552,0.0109,0.7933,[SANDBOX DATA]
learner_0170,session_0170_02,2,2026-01-07T09:00:00,improving,22.0,19,16,13,0.6842,12.54,4,0.8421,0.8796,False,0.5552,0.6157,0.0606,0.7838,[SANDBOX DATA]
learner_0170,session_0170_03,3,2026-01-11T09:00:00,mastered,27.26,19,19,16,0.8421,9.1,4,1.0,1.0,False,0.6157,0.6336,0.0178,0.9026,[SANDBOX DATA]
learner_0170,session_0170_04,4,2026-01-16T09:00:00,mastered,16.22,20,19,17,0.85,7.02,1,0.95,0.9309,False,0.6336,0.6383,0.0048,0.9112,[SANDBOX DATA]
learner_0170,session_0170_05,5,2026-01-21T09:00:00,improving,31.16,24,23,19,0.7917,18.39,3,0.9583,0.6932,False,0.6383,0.69,0.0516,0.8303,[SANDBOX DATA]
learner_0170,session_0170_06,6,2026-01-26T09:00:00,improving,13.44,12,10,7,0.5833,13.53,4,0.8333,0.7867,False,0.69,0.7424,0.0525,0.7032,[SANDBOX DATA]
learner_0170,session_0170_07,7,2026-01-30T09:00:00,mastered,13.84,21,20,19,0.9048,8.89,0,0.9524,0.9074,False,0.7424,0.7479,0.0055,0.9362,[SANDBOX DATA]
learner_0170,session_0170_08,8,2026-02-01T09:00:00,mastered,16.84,14,12,13,0.9286,10.11,1,0.8571,0.9872,False,0.7479,0.8004,0.0525,0.9224,[SANDBOX DATA]
learner_0171,session_0171_01,1,2026-01-01T09:00:00,needs_practice,30.87,15,13,8,0.5333,19.63,4,0.8667,0.5222,True,0.465,0.5219,0.0569,0.6544,[SANDBOX DATA]
learner_0171,session_0171_02,2,2026-01-07T09:00:00,struggling,15.51,4,2,1,0.25,34.92,2,0.5,0.4242,True,0.5219,0.5286,0.0068,0.3973,[SANDBOX DATA]
learner_0171,session_0171_03,3,2026-01-13T09:00:00,struggling,19.76,9,5,3,0.3333,34.24,6,0.5556,0.3204,False,0.5286,0.5286,0.0,0.3863,[SANDBOX DATA]
learner_0171,session_0171_04,4,2026-01-15T09:00:00,improving,16.5,17,14,10,0.5882,22.44,6,0.8235,0.7118,True,0.5286,0.5873,0.0587,0.6835,[SANDBOX DATA]
learner_0171,session_0171_05,5,2026-01-17T09:00:00,needs_practice,48.47,7,5,4,0.5714,14.52,1,0.7143,0.5239,True,0.5873,0.6579,0.0706,0.6548,[SANDBOX DATA]
learner_0171,session_0171_06,6,2026-01-18T09:00:00,needs_practice,15.61,13,8,7,0.5385,25.6,3,0.6154,0.5321,True,0.6579,0.7046,0.0467,0.6026,[SANDBOX DATA]
learner_0171,session_0171_07,7,2026-01-23T09:00:00,needs_practice,37.33,13,8,7,0.5385,30.45,6,0.6154,0.6488,True,0.7046,0.7675,0.0629,0.5798,[SANDBOX DATA]
learner_0171,session_0171_08,8,2026-01-28T09:00:00,improving,20.15,7,5,5,0.7143,23.09,0,0.7143,0.9542,False,0.7675,0.825,0.0575,0.8194,[SANDBOX DATA]
learner_0172,session_0172_01,1,2026-01-01T09:00:00,struggling,13.69,9,5,3,0.3333,17.63,3,0.5556,0.4367,False,0.1834,0.1834,0.0,0.4762,[SANDBOX DATA]
learner_0172,session_0172_02,2,2026-01-05T09:00:00,needs_practice,28.37,14,10,10,0.7143,28.02,8,0.7143,0.6793,False,0.1834,0.2453,0.0619,0.6501,[SANDBOX DATA]
learner_0172,session_0172_03,3,2026-01-09T09:00:00,improving,17.03,12,11,9,0.75,15.12,1,0.9167,0.7642,True,0.2453,0.3834,0.1381,0.8278,[SANDBOX DATA]
learner_0172,session_0172_04,4,2026-01-11T09:00:00,improving,64.78,18,16,12,0.6667,13.1,6,0.8889,0.6786,True,0.3834,0.4537,0.0702,0.7246,[SANDBOX DATA]
learner_0172,session_0172_05,5,2026-01-14T09:00:00,improving,38.17,10,8,6,0.6,17.42,3,0.8,0.8124,False,0.4537,0.5167,0.063,0.7125,[SANDBOX DATA]
learner_0172,session_0172_06,6,2026-01-17T09:00:00,improving,22.8,13,12,11,0.8462,10.67,3,0.9231,0.7399,False,0.5167,0.5599,0.0432,0.8287,[SANDBOX DATA]
learner_0172,session_0172_07,7,2026-01-19T09:00:00,improving,18.18,11,9,7,0.6364,20.64,3,0.8182,0.7765,False,0.5599,0.6398,0.0799,0.728,[SANDBOX DATA]
learner_0172,session_0172_08,8,2026-01-21T09:00:00,improving,26.51,11,10,9,0.8182,13.57,0,0.9091,0.9012,True,0.6398,0.7016,0.0619,0.8939,[SANDBOX DATA]
learner_0172,session_0172_09,9,2026-01-26T09:00:00,struggling,23.07,8,4,1,0.125,28.85,2,0.5,0.4266,True,0.7016,0.7513,0.0497,0.4041,[SANDBOX DATA]
learner_0173,session_0173_01,1,2026-01-01T09:00:00,needs_practice,36.62,11,8,8,0.7273,28.25,5,0.7273,0.6744,True,0.2699,0.3154,0.0455,0.6803,[SANDBOX DATA]
learner_0173,session_0173_02,2,2026-01-05T09:00:00,improving,22.26,11,10,7,0.6364,17.91,2,0.9091,0.8592,True,0.3154,0.3824,0.067,0.7855,[SANDBOX DATA]
learner_0173,session_0173_03,3,2026-01-09T09:00:00,needs_practice,30.28,11,8,6,0.5455,12.46,3,0.7273,0.4359,True,0.3824,0.46,0.0776,0.6054,[SANDBOX DATA]
learner_0173,session_0173_04,4,2026-01-15T09:00:00,needs_practice,53.64,13,9,8,0.6154,43.88,4,0.6923,0.6611,True,0.46,0.5444,0.0844,0.6591,[SANDBOX DATA]
learner_0173,session_0173_05,5,2026-01-20T09:00:00,needs_practice,24.96,16,10,9,0.5625,25.14,7,0.625,0.6479,True,0.5444,0.5774,0.033,0.5952,[SANDBOX DATA]
learner_0173,session_0173_06,6,2026-01-25T09:00:00,needs_practice,35.98,21,19,11,0.5238,24.31,6,0.9048,0.5931,True,0.5774,0.5959,0.0185,0.671,[SANDBOX DATA]
learner_0173,session_0173_07,7,2026-01-28T09:00:00,needs_practice,37.86,12,8,6,0.5,17.93,4,0.6667,0.5164,False,0.5959,0.6618,0.0659,0.5783,[SANDBOX DATA]
learner_0173,session_0173_08,8,2026-02-03T09:00:00,needs_practice,33.0,14,9,9,0.6429,23.95,6,0.6429,0.5093,False,0.6618,0.6618,0.0,0.6019,[SANDBOX DATA]
learner_0173,session_0173_09,9,2026-02-04T09:00:00,improving,11.88,15,13,10,0.6667,16.22,3,0.8667,0.8404,True,0.6618,0.7984,0.1366,0.7781,[SANDBOX DATA]
learner_0174,session_0174_01,1,2026-01-01T09:00:00,improving,17.79,10,8,7,0.7,20.65,0,0.8,0.8023,True,0.7262,0.8057,0.0795,0.8055,[SANDBOX DATA]
learner_0174,session_0174_02,2,2026-01-03T09:00:00,improving,35.21,16,12,15,0.9375,16.48,1,0.75,0.7727,False,0.8057,0.8511,0.0454,0.8577,[SANDBOX DATA]
learner_0174,session_0174_03,3,2026-01-08T09:00:00,improving,37.94,15,14,11,0.7333,10.52,0,0.9333,0.7591,True,0.8511,0.943,0.0919,0.8418,[SANDBOX DATA]
learner_0174,session_0174_04,4,2026-01-12T09:00:00,improving,34.1,24,20,19,0.7917,16.39,4,0.8333,0.7362,False,0.943,0.9812,0.0382,0.7993,[SANDBOX DATA]
learner_0174,session_0174_05,5,2026-01-17T09:00:00,improving,15.32,13,11,9,0.6923,12.65,3,0.8462,0.8342,False,0.9812,1.0,0.0188,0.7745,[SANDBOX DATA]
learner_0174,session_0174_06,6,2026-01-22T09:00:00,improving,29.38,11,9,9,0.8182,9.3,2,0.8182,0.7256,True,1.0,1.0,0.0,0.7997,[SANDBOX DATA]
learner_0174,session_0174_07,7,2026-01-27T09:00:00,improving,31.97,15,13,11,0.7333,20.12,2,0.8667,0.613,True,1.0,1.0,0.0,0.7693,[SANDBOX DATA]
learner_0174,session_0174_08,8,2026-02-02T09:00:00,improving,39.86,14,10,8,0.5714,16.54,3,0.7143,0.7787,False,1.0,1.0,0.0,0.6914,[SANDBOX DATA]
learner_0174,session_0174_09,9,2026-02-07T09:00:00,mastered,16.71,17,15,15,0.8824,15.78,0,0.8824,0.9342,False,1.0,1.0,0.0,0.9163,[SANDBOX DATA]
learner_0174,session_0174_10,10,2026-02-08T09:00:00,mastered,20.12,10,8,8,0.8,12.72,1,0.8,0.988,False,1.0,1.0,0.0,0.8576,[SANDBOX DATA]
learner_0174,session_0174_11,11,2026-02-09T09:00:00,mastered,9.03,15,13,13,0.8667,10.58,3,0.8667,0.8153,True,1.0,1.0,0.0,0.8431,[SANDBOX DATA]
learner_0175,session_0175_01,1,2026-01-01T09:00:00,struggling,22.56,13,5,3,0.2308,28.13,8,0.3846,0.2844,False,0.1191,0.1283,0.0092,0.3107,[SANDBOX DATA]
learner_0175,session_0175_02,2,2026-01-04T09:00:00,needs_practice,43.89,12,8,7,0.5833,24.17,4,0.6667,0.5883,False,0.1283,0.185,0.0567,0.6218,[SANDBOX DATA]
learner_0175,session_0175_03,3,2026-01-07T09:00:00,needs_practice,20.34,13,10,9,0.6923,30.99,2,0.7692,0.5782,True,0.185,0.2475,0.0625,0.7195,[SANDBOX DATA]
learner_0175,session_0175_04,4,2026-01-12T09:00:00,needs_practice,36.29,13,9,7,0.5385,29.91,5,0.6923,0.7248,False,0.2475,0.2988,0.0513,0.6296,[SANDBOX DATA]
learner_0175,session_0175_05,5,2026-01-14T09:00:00,needs_practice,21.77,13,10,6,0.4615,12.06,5,0.7692,0.5116,True,0.2988,0.3453,0.0464,0.5792,[SANDBOX DATA]
learner_0175,session_0175_06,6,2026-01-17T09:00:00,needs_practice,31.48,13,9,6,0.4615,24.17,4,0.6923,0.5901,False,0.3453,0.3649,0.0196,0.5911,[SANDBOX DATA]
learner_0175,session_0175_07,7,2026-01-23T09:00:00,improving,21.4,18,16,14,0.7778,14.29,3,0.8889,0.8523,False,0.3649,0.4048,0.0399,0.8316,[SANDBOX DATA]
learner_0175,session_0175_08,8,2026-01-29T09:00:00,improving,28.76,12,10,8,0.6667,20.81,2,0.8333,0.8953,True,0.4048,0.4236,0.0187,0.7874,[SANDBOX DATA]
learner_0176,session_0176_01,1,2026-01-01T09:00:00,struggling,41.52,9,5,4,0.4444,39.39,5,0.5556,0.4173,True,0.2925,0.3215,0.029,0.4668,[SANDBOX DATA]
learner_0176,session_0176_02,2,2026-01-02T09:00:00,struggling,29.3,8,4,4,0.5,28.06,6,0.5,0.4926,True,0.3215,0.3271,0.0055,0.4485,[SANDBOX DATA]
learner_0176,session_0176_03,3,2026-01-07T09:00:00,struggling,17.42,8,6,3,0.375,26.64,4,0.75,0.4551,True,0.3271,0.3459,0.0189,0.5098,[SANDBOX DATA]
learner_0176,session_0176_04,4,2026-01-11T09:00:00,struggling,14.47,10,7,3,0.3,24.8,4,0.7,0.436,True,0.3459,0.3626,0.0166,0.4872,[SANDBOX DATA]
learner_0176,session_0176_05,5,2026-01-16T09:00:00,struggling,22.23,10,7,5,0.5,25.51,4,0.7,0.4749,False,0.3626,0.4038,0.0413,0.565,[SANDBOX DATA]
learner_0176,session_0176_06,6,2026-01-21T09:00:00,needs_practice,21.31,8,5,5,0.625,19.78,4,0.625,0.699,True,0.4038,0.5047,0.1009,0.6148,[SANDBOX DATA]
learner_0176,session_0176_07,7,2026-01-24T09:00:00,struggling,20.67,10,5,6,0.6,24.01,5,0.5,0.3751,True,0.5047,0.5047,0.0,0.51,[SANDBOX DATA]
learner_0176,session_0176_08,8,2026-01-29T09:00:00,struggling,15.77,8,5,4,0.5,24.67,6,0.625,0.5023,True,0.5047,0.5451,0.0404,0.4817,[SANDBOX DATA]
learner_0177,session_0177_01,1,2026-01-01T09:00:00,needs_practice,27.56,8,6,5,0.625,10.65,4,0.75,0.5779,True,0.2824,0.3835,0.101,0.6218,[SANDBOX DATA]
learner_0177,session_0177_02,2,2026-01-02T09:00:00,needs_practice,27.48,18,12,9,0.5,30.5,6,0.6667,0.6374,False,0.3835,0.4072,0.0237,0.6025,[SANDBOX DATA]
learner_0177,session_0177_03,3,2026-01-08T09:00:00,struggling,22.65,5,4,3,0.6,41.88,2,0.8,0.3697,True,0.4072,0.4332,0.026,0.6039,[SANDBOX DATA]
learner_0177,session_0177_04,4,2026-01-11T09:00:00,struggling,24.81,4,2,1,0.25,38.02,1,0.5,0.5559,True,0.4332,0.4342,0.001,0.4737,[SANDBOX DATA]
learner_0177,session_0177_05,5,2026-01-15T09:00:00,needs_practice,31.49,11,6,6,0.5455,14.11,4,0.5455,0.6789,False,0.4342,0.4531,0.019,0.5903,[SANDBOX DATA]
learner_0177,session_0177_06,6,2026-01-19T09:00:00,struggling,22.79,11,4,5,0.4545,21.81,5,0.3636,0.4409,False,0.4531,0.4531,0.0,0.4473,[SANDBOX DATA]
learner_0177,session_0177_07,7,2026-01-20T09:00:00,struggling,19.47,11,7,6,0.5455,15.14,3,0.6364,0.5162,True,0.4531,0.5019,0.0487,0.5987,[SANDBOX DATA]
learner_0177,session_0177_08,8,2026-01-23T09:00:00,struggling,30.74,8,4,3,0.375,35.42,6,0.5,0.4629,True,0.5019,0.5797,0.0778,0.3988,[SANDBOX DATA]
learner_0177,session_0177_09,9,2026-01-26T09:00:00,struggling,24.8,13,7,5,0.3846,24.2,7,0.5385,0.3824,False,0.5797,0.5916,0.0119,0.438,[SANDBOX DATA]
learner_0177,session_0177_10,10,2026-01-30T09:00:00,needs_practice,59.2,17,13,10,0.5882,18.82,4,0.7647,0.4785,False,0.5916,0.6334,0.0418,0.6457,[SANDBOX DATA]
learner_0177,session_0177_11,11,2026-02-02T09:00:00,needs_practice,35.36,24,19,13,0.5417,19.68,7,0.7917,0.6476,True,0.6334,0.7344,0.101,0.6587,[SANDBOX DATA]
learner_0177,session_0177_12,12,2026-02-03T09:00:00,mastered,15.91,10,8,9,0.9,8.52,0,0.8,0.9908,False,0.7344,0.7348,0.0004,0.9132,[SANDBOX DATA]
learner_0178,session_0178_01,1,2026-01-01T09:00:00,needs_practice,25.5,8,6,5,0.625,21.19,3,0.75,0.6672,False,0.2807,0.2807,0.0,0.6647,[SANDBOX DATA]
learner_0178,session_0178_02,2,2026-01-03T09:00:00,improving,17.06,16,13,13,0.8125,16.15,2,0.8125,0.903,False,0.2807,0.3391,0.0583,0.8431,[SANDBOX DATA]
learner_0178,session_0178_03,3,2026-01-05T09:00:00,improving,25.84,17,12,11,0.6471,14.29,2,0.7059,0.8487,True,0.3391,0.4035,0.0644,0.7492,[SANDBOX DATA]
learner_0178,session_0178_04,4,2026-01-07T09:00:00,needs_practice,28.7,11,9,6,0.5455,18.55,4,0.8182,0.5737,False,0.4035,0.4076,0.0041,0.6375,[SANDBOX DATA]
learner_0178,session_0178_05,5,2026-01-13T09:00:00,struggling,26.87,10,5,3,0.3,41.6,4,0.5,0.3456,False,0.4076,0.4076,0.0,0.4191,[SANDBOX DATA]
learner_0178,session_0178_06,6,2026-01-19T09:00:00,struggling,26.6,18,11,4,0.2222,22.44,13,0.6111,0.3558,False,0.4076,0.4261,0.0184,0.3573,[SANDBOX DATA]
learner_0178,session_0178_07,7,2026-01-21T09:00:00,needs_practice,32.76,16,10,9,0.5625,23.25,6,0.625,0.7226,False,0.4261,0.4632,0.0372,0.6226,[SANDBOX DATA]
learner_0178,session_0178_08,8,2026-01-27T09:00:00,struggling,20.31,8,5,1,0.125,28.97,4,0.625,0.2685,True,0.4632,0.5181,0.0549,0.3537,[SANDBOX DATA]
learner_0179,session_0179_01,1,2026-01-01T09:00:00,needs_practice,14.28,11,7,6,0.5455,18.59,6,0.6364,0.7312,False,0.4981,0.5112,0.0131,0.5871,[SANDBOX DATA]
learner_0179,session_0179_02,2,2026-01-06T09:00:00,improving,18.55,9,9,7,0.7778,16.46,3,1.0,0.7789,False,0.5112,0.5478,0.0366,0.8113,[SANDBOX DATA]
learner_0179,session_0179_03,3,2026-01-11T09:00:00,needs_practice,42.04,11,8,7,0.6364,14.87,3,0.7273,0.6954,True,0.5478,0.576,0.0282,0.6891,[SANDBOX DATA]
learner_0179,session_0179_04,4,2026-01-12T09:00:00,needs_practice,16.98,13,9,7,0.5385,23.45,6,0.6923,0.6439,True,0.576,0.6008,0.0248,0.598,[SANDBOX DATA]
learner_0179,session_0179_05,5,2026-01-15T09:00:00,mastered,9.16,10,9,8,0.8,8.88,1,0.9,0.7489,False,0.6008,0.6269,0.0261,0.8348,[SANDBOX DATA]
learner_0179,session_0179_06,6,2026-01-21T09:00:00,mastered,15.47,12,10,11,0.9167,9.21,3,0.8333,0.9413,True,0.6269,0.6863,0.0594,0.8674,[SANDBOX DATA]
learner_0179,session_0179_07,7,2026-01-25T09:00:00,mastered,14.83,18,12,15,0.8333,6.22,1,0.6667,0.8719,False,0.6863,0.713,0.0267,0.8216,[SANDBOX DATA]
learner_0179,session_0179_08,8,2026-01-29T09:00:00,mastered,15.94,20,18,18,0.9,5.96,1,0.9,0.92,True,0.713,0.72,0.0071,0.914,[SANDBOX DATA]
learner_0179,session_0179_09,9,2026-02-02T09:00:00,mastered,17.02,20,19,18,0.9,8.27,0,0.95,0.9125,False,0.72,0.7772,0.0572,0.935,[SANDBOX DATA]
learner_0180,session_0180_01,1,2026-01-01T09:00:00,needs_practice,46.96,11,8,3,0.2727,12.94,2,0.7273,0.5401,True,0.3088,0.3247,0.0158,0.5489,[SANDBOX DATA]
learner_0180,session_0180_02,2,2026-01-05T09:00:00,improving,18.97,14,13,11,0.7857,18.17,3,0.9286,0.7101,True,0.3247,0.4021,0.0774,0.8063,[SANDBOX DATA]
learner_0180,session_0180_03,3,2026-01-11T09:00:00,improving,38.77,22,20,12,0.5455,12.12,9,0.9091,0.8536,True,0.4021,0.4384,0.0363,0.7071,[SANDBOX DATA]
learner_0180,session_0180_04,4,2026-01-15T09:00:00,mastered,17.72,20,20,18,0.9,6.12,2,1.0,0.8369,False,0.4384,0.4655,0.0271,0.9124,[SANDBOX DATA]
learner_0180,session_0180_05,5,2026-01-17T09:00:00,mastered,17.88,11,11,9,0.8182,12.88,3,1.0,0.8937,True,0.4655,0.4904,0.0249,0.8606,[SANDBOX DATA]
learner_0180,session_0180_06,6,2026-01-20T09:00:00,improving,49.68,18,15,15,0.8333,16.73,4,0.8333,0.8258,False,0.4904,0.4962,0.0058,0.8207,[SANDBOX DATA]
learner_0180,session_0180_07,7,2026-01-26T09:00:00,mastered,7.16,9,9,8,0.8889,6.77,2,1.0,1.0,False,0.4962,0.5315,0.0352,0.9167,[SANDBOX DATA]
learner_0180,session_0180_08,8,2026-01-28T09:00:00,mastered,25.72,22,20,20,0.9091,13.79,2,0.9091,0.8307,False,0.5315,0.5532,0.0217,0.8934,[SANDBOX DATA]
learner_0180,session_0180_09,9,2026-01-30T09:00:00,improving,17.12,18,16,12,0.6667,12.74,5,0.8889,0.8809,False,0.5532,0.5994,0.0462,0.7762,[SANDBOX DATA]
learner_0180,session_0180_10,10,2026-02-04T09:00:00,improving,19.57,19,14,14,0.7368,17.62,6,0.7368,0.7106,True,0.5994,0.6462,0.0468,0.7211,[SANDBOX DATA]
learner_0181,session_0181_01,1,2026-01-01T09:00:00,improving,29.43,18,13,15,0.8333,12.74,1,0.7222,0.7777,True,0.6102,0.6201,0.0099,0.8167,[SANDBOX DATA]
learner_0181,session_0181_02,2,2026-01-05T09:00:00,mastered,23.72,12,11,10,0.8333,9.81,3,0.9167,0.7009,False,0.6201,0.6411,0.021,0.811,[SANDBOX DATA]
learner_0181,session_0181_03,3,2026-01-07T09:00:00,mastered,16.22,11,10,9,0.8182,10.83,0,0.9091,0.8302,False,0.6411,0.6524,0.0113,0.8797,[SANDBOX DATA]
learner_0181,session_0181_04,4,2026-01-13T09:00:00,mastered,12.5,16,16,11,0.6875,9.19,1,1.0,0.847,False,0.6524,0.6701,0.0177,0.8475,[SANDBOX DATA]
learner_0181,session_0181_05,5,2026-01-16T09:00:00,mastered,14.56,12,12,10,0.8333,6.67,0,1.0,0.9791,False,0.6701,0.6845,0.0144,0.9375,[SANDBOX DATA]
learner_0181,session_0181_06,6,2026-01-22T09:00:00,improving,19.49,10,8,6,0.6,18.19,1,0.8,0.8014,False,0.6845,0.7283,0.0438,0.7503,[SANDBOX DATA]
learner_0181,session_0181_07,7,2026-01-25T09:00:00,improving,19.68,11,10,8,0.7273,12.36,2,0.9091,0.815,True,0.7283,0.7676,0.0393,0.8085,[SANDBOX DATA]
learner_0181,session_0181_08,8,2026-01-28T09:00:00,improving,34.41,10,9,7,0.7,15.66,3,0.9,0.6676,False,0.7676,0.8069,0.0393,0.7435,[SANDBOX DATA]
learner_0181,session_0181_09,9,2026-02-01T09:00:00,improving,25.58,14,13,9,0.6429,13.69,2,0.9286,0.5584,True,0.8069,0.9025,0.0956,0.7403,[SANDBOX DATA]
learner_0182,session_0182_01,1,2026-01-01T09:00:00,needs_practice,45.17,9,6,5,0.5556,28.03,4,0.6667,0.5813,True,0.364,0.4141,0.0502,0.5885,[SANDBOX DATA]
learner_0182,session_0182_02,2,2026-01-04T09:00:00,needs_practice,22.29,15,8,6,0.4,21.8,3,0.5333,0.6522,True,0.4141,0.4492,0.0351,0.5638,[SANDBOX DATA]
learner_0182,session_0182_03,3,2026-01-06T09:00:00,improving,18.64,19,16,13,0.6842,17.25,3,0.8421,0.8875,False,0.4492,0.4795,0.0303,0.7959,[SANDBOX DATA]
learner_0182,session_0182_04,4,2026-01-12T09:00:00,needs_practice,17.86,13,9,7,0.5385,12.7,2,0.6923,0.5808,False,0.4795,0.4915,0.012,0.6469,[SANDBOX DATA]
learner_0182,session_0182_05,5,2026-01-14T09:00:00,needs_practice,27.99,11,8,8,0.7273,15.66,4,0.7273,0.7037,True,0.4915,0.5582,0.0667,0.7044,[SANDBOX DATA]
learner_0182,session_0182_06,6,2026-01-19T09:00:00,needs_practice,22.65,18,15,12,0.6667,24.45,8,0.8333,0.553,False,0.5582,0.5828,0.0245,0.6634,[SANDBOX DATA]
learner_0182,session_0182_07,7,2026-01-23T09:00:00,needs_practice,20.37,6,4,4,0.6667,13.22,1,0.6667,0.5378,True,0.5828,0.6326,0.0499,0.6742,[SANDBOX DATA]
learner_0182,session_0182_08,8,2026-01-25T09:00:00,improving,28.75,15,12,10,0.6667,15.57,4,0.8,0.8531,False,0.6326,0.7003,0.0677,0.7506,[SANDBOX DATA]
learner_0182,session_0182_09,9,2026-01-26T09:00:00,needs_practice,44.1,9,7,4,0.4444,19.63,3,0.7778,0.5554,False,0.7003,0.7178,0.0174,0.5944,[SANDBOX DATA]
learner_0182,session_0182_10,10,2026-01-28T09:00:00,improving,17.6,14,12,10,0.7143,24.65,3,0.8571,0.8452,True,0.7178,0.7885,0.0707,0.7905,[SANDBOX DATA]
learner_0183,session_0183_01,1,2026-01-01T09:00:00,improving,18.84,15,12,11,0.7333,11.04,7,0.8,0.7317,False,0.4553,0.4997,0.0444,0.7097,[SANDBOX DATA]
learner_0183,session_0183_02,2,2026-01-06T09:00:00,improving,17.54,16,12,12,0.75,10.06,2,0.75,0.7796,False,0.4997,0.5953,0.0956,0.7809,[SANDBOX DATA]
learner_0183,session_0183_03,3,2026-01-12T09:00:00,improving,27.9,21,16,16,0.7619,21.85,6,0.7619,1.0,False,0.5953,0.6265,0.0312,0.8,[SANDBOX DATA]
learner_0183,session_0183_04,4,2026-01-16T09:00:00,improving,30.76,16,16,13,0.8125,11.63,3,1.0,0.8441,True,0.6265,0.6947,0.0682,0.8657,[SANDBOX DATA]
learner_0183,session_0183_05,5,2026-01-21T09:00:00,mastered,8.37,10,8,9,0.9,8.56,0,0.8,0.8791,True,0.6947,0.7222,0.0275,0.8908,[SANDBOX DATA]
learner_0183,session_0183_06,6,2026-01-24T09:00:00,mastered,20.76,11,10,10,0.9091,10.46,0,0.9091,0.8105,False,0.7222,0.7516,0.0294,0.9076,[SANDBOX DATA]
learner_0183,session_0183_07,7,2026-01-29T09:00:00,mastered,16.74,14,13,11,0.7857,4.82,2,0.9286,0.9573,True,0.7516,0.8056,0.0541,0.87,[SANDBOX DATA]
learner_0183,session_0183_08,8,2026-02-02T09:00:00,mastered,20.26,28,26,25,0.8929,9.46,0,0.9286,0.8372,False,0.8056,0.8196,0.0139,0.9121,[SANDBOX DATA]
learner_0183,session_0183_09,9,2026-02-07T09:00:00,mastered,21.66,14,11,12,0.8571,12.59,0,0.7857,0.9089,False,0.8196,0.8389,0.0193,0.8782,[SANDBOX DATA]
learner_0183,session_0183_10,10,2026-02-13T09:00:00,needs_practice,17.87,15,11,9,0.6,13.81,4,0.7333,0.7637,False,0.8389,0.8679,0.029,0.6927,[SANDBOX DATA]
learner_0183,session_0183_11,11,2026-02-16T09:00:00,needs_practice,35.83,17,12,9,0.5294,13.69,6,0.7059,0.734,True,0.8679,0.9201,0.0522,0.638,[SANDBOX DATA]
learner_0184,session_0184_01,1,2026-01-01T09:00:00,needs_practice,20.66,11,8,5,0.4545,23.66,5,0.7273,0.5437,True,0.4761,0.4818,0.0057,0.5587,[SANDBOX DATA]
learner_0184,session_0184_02,2,2026-01-07T09:00:00,needs_practice,31.96,12,7,6,0.5,22.51,3,0.5833,0.5888,False,0.4818,0.515,0.0332,0.5886,[SANDBOX DATA]
learner_0184,session_0184_03,3,2026-01-09T09:00:00,improving,16.97,20,17,15,0.75,25.05,4,0.85,0.6445,False,0.515,0.5967,0.0817,0.7639,[SANDBOX DATA]
learner_0184,session_0184_04,4,2026-01-15T09:00:00,struggling,29.54,6,3,3,0.5,33.56,2,0.5,0.4683,True,0.5967,0.6576,0.0609,0.527,[SANDBOX DATA]
learner_0184,session_0184_05,5,2026-01-18T09:00:00,struggling,24.37,10,5,6,0.6,30.24,6,0.5,0.4594,True,0.6576,0.7117,0.0541,0.5069,[SANDBOX DATA]
learner_0184,session_0184_06,6,2026-01-19T09:00:00,struggling,17.83,5,3,2,0.4,22.29,3,0.6,0.6357,False,0.7117,0.7557,0.044,0.4971,[SANDBOX DATA]
learner_0184,session_0184_07,7,2026-01-24T09:00:00,needs_practice,26.99,17,12,8,0.4706,15.11,5,0.7059,0.4612,True,0.7557,0.7732,0.0175,0.5746,[SANDBOX DATA]
learner_0184,session_0184_08,8,2026-01-30T09:00:00,struggling,22.05,11,6,4,0.3636,29.94,9,0.5455,0.3678,True,0.7732,0.7752,0.0021,0.3736,[SANDBOX DATA]
learner_0184,session_0184_09,9,2026-01-31T09:00:00,struggling,27.2,18,9,9,0.5,45.99,9,0.5,0.4318,False,0.7752,0.8433,0.068,0.4864,[SANDBOX DATA]
learner_0184,session_0184_10,10,2026-02-06T09:00:00,improving,29.61,15,14,10,0.6667,18.37,1,0.9333,0.887,False,0.8433,0.8646,0.0214,0.8307,[SANDBOX DATA]
learner_0184,session_0184_11,11,2026-02-12T09:00:00,mastered,19.02,19,16,19,1.0,6.23,4,0.8421,0.8633,False,0.8646,0.8753,0.0107,0.8911,[SANDBOX DATA]
learner_0185,session_0185_01,1,2026-01-01T09:00:00,improving,28.58,21,20,14,0.6667,16.68,5,0.9524,0.9476,False,0.4941,0.5288,0.0347,0.8133,[SANDBOX DATA]
learner_0185,session_0185_02,2,2026-01-07T09:00:00,mastered,15.61,22,21,18,0.8182,11.81,3,0.9545,0.9719,False,0.5288,0.5384,0.0096,0.8921,[SANDBOX DATA]
learner_0185,session_0185_03,3,2026-01-08T09:00:00,mastered,15.43,12,11,9,0.75,7.31,0,0.9167,0.9264,False,0.5384,0.5663,0.0279,0.877,[SANDBOX DATA]
learner_0185,session_0185_04,4,2026-01-13T09:00:00,mastered,15.24,14,13,14,1.0,7.08,1,0.9286,0.9787,False,0.5663,0.5987,0.0324,0.9636,[SANDBOX DATA]
learner_0185,session_0185_05,5,2026-01-14T09:00:00,mastered,13.51,15,15,12,0.8,9.41,1,1.0,0.8388,True,0.5987,0.6472,0.0485,0.8844,[SANDBOX DATA]
learner_0185,session_0185_06,6,2026-01-15T09:00:00,mastered,12.55,16,13,16,1.0,7.68,1,0.8125,0.7508,False,0.6472,0.6954,0.0482,0.8908,[SANDBOX DATA]
learner_0185,session_0185_07,7,2026-01-18T09:00:00,mastered,13.69,11,11,9,0.8182,10.43,0,1.0,0.8916,False,0.6954,0.7117,0.0163,0.9147,[SANDBOX DATA]
learner_0185,session_0185_08,8,2026-01-21T09:00:00,improving,16.66,15,11,12,0.8,12.6,4,0.7333,0.865,False,0.7117,0.7572,0.0455,0.783,[SANDBOX DATA]
learner_0186,session_0186_01,1,2026-01-01T09:00:00,struggling,21.08,10,5,5,0.5,37.38,6,0.5,0.4512,False,0.269,0.3171,0.0481,0.4702,[SANDBOX DATA]
learner_0186,session_0186_02,2,2026-01-03T09:00:00,improving,28.93,15,12,11,0.7333,14.78,5,0.8,0.7731,False,0.3171,0.388,0.0708,0.7446,[SANDBOX DATA]
learner_0186,session_0186_03,3,2026-01-04T09:00:00,improving,34.79,10,8,8,0.8,19.33,1,0.8,0.6304,True,0.388,0.4867,0.0988,0.7861,[SANDBOX DATA]
learner_0186,session_0186_04,4,2026-01-06T09:00:00,needs_practice,33.43,9,6,5,0.5556,12.12,2,0.6667,0.7207,True,0.4867,0.5495,0.0628,0.6608,[SANDBOX DATA]
learner_0186,session_0186_05,5,2026-01-07T09:00:00,needs_practice,27.72,11,7,6,0.5455,17.86,1,0.6364,0.4603,True,0.5495,0.5867,0.0372,0.6239,[SANDBOX DATA]
learner_0186,session_0186_06,6,2026-01-09T09:00:00,improving,52.53,11,8,8,0.7273,17.45,5,0.7273,0.8322,False,0.5867,0.6525,0.0658,0.7119,[SANDBOX DATA]
learner_0186,session_0186_07,7,2026-01-14T09:00:00,improving,25.03,13,11,10,0.7692,13.62,4,0.8462,0.9718,False,0.6525,0.7246,0.0721,0.8136,[SANDBOX DATA]
learner_0186,session_0186_08,8,2026-01-15T09:00:00,improving,31.16,11,9,9,0.8182,15.42,2,0.8182,0.816,True,0.7246,0.7762,0.0516,0.8178,[SANDBOX DATA]
learner_0186,session_0186_09,9,2026-01-17T09:00:00,improving,19.21,11,9,7,0.6364,12.99,1,0.8182,0.8096,True,0.7762,0.8456,0.0694,0.771,[SANDBOX DATA]
learner_0187,session_0187_01,1,2026-01-01T09:00:00,improving,14.56,16,13,12,0.75,15.16,4,0.8125,0.8898,False,0.5061,0.5231,0.0171,0.7936,[SANDBOX DATA]
learner_0187,session_0187_02,2,2026-01-06T09:00:00,improving,33.06,17,12,13,0.7647,9.33,3,0.7059,0.8206,True,0.5231,0.6004,0.0773,0.773,[SANDBOX DATA]
learner_0187,session_0187_03,3,2026-01-09T09:00:00,improving,23.23,11,9,8,0.7273,12.69,4,0.8182,0.7189,False,0.6004,0.6394,0.039,0.7301,[SANDBOX DATA]
learner_0187,session_0187_04,4,2026-01-11T09:00:00,needs_practice,29.53,14,9,10,0.7143,30.8,6,0.6429,0.6175,False,0.6394,0.6689,0.0295,0.6485,[SANDBOX DATA]
learner_0187,session_0187_05,5,2026-01-13T09:00:00,needs_practice,41.86,11,8,6,0.5455,14.63,5,0.7273,0.6907,False,0.6689,0.6689,0.0,0.62,[SANDBOX DATA]
learner_0187,session_0187_06,6,2026-01-19T09:00:00,needs_practice,28.14,15,12,9,0.6,15.77,10,0.8,0.4453,False,0.6689,0.6969,0.028,0.5657,[SANDBOX DATA]
learner_0187,session_0187_07,7,2026-01-22T09:00:00,struggling,33.73,6,3,1,0.1667,20.25,3,0.5,0.4382,False,0.6969,0.7064,0.0095,0.371,[SANDBOX DATA]
learner_0187,session_0187_08,8,2026-01-26T09:00:00,struggling,18.95,11,6,4,0.3636,14.33,6,0.5455,0.3321,True,0.7064,0.7397,0.0333,0.421,[SANDBOX DATA]
learner_0187,session_0187_09,9,2026-01-27T09:00:00,needs_practice,29.52,14,10,8,0.5714,14.31,4,0.7143,0.6425,False,0.7397,0.7417,0.002,0.6499,[SANDBOX DATA]
learner_0187,session_0187_10,10,2026-01-29T09:00:00,struggling,26.42,10,5,3,0.3,23.97,5,0.5,0.465,True,0.7417,0.7417,0.0,0.423,[SANDBOX DATA]
learner_0187,session_0187_11,11,2026-02-04T09:00:00,struggling,30.21,14,7,5,0.3571,38.63,4,0.5,0.4025,True,0.7417,0.7986,0.0569,0.4734,[SANDBOX DATA]
learner_0188,session_0188_01,1,2026-01-01T09:00:00,improving,26.36,11,10,9,0.8182,14.27,3,0.9091,0.8577,False,0.6703,0.7054,0.0351,0.8306,[SANDBOX DATA]
learner_0188,session_0188_02,2,2026-01-02T09:00:00,mastered,17.58,16,16,16,1.0,9.17,2,1.0,0.9864,False,0.7054,0.7129,0.0075,0.9723,[SANDBOX DATA]
learner_0188,session_0188_03,3,2026-01-03T09:00:00,mastered,9.47,19,17,14,0.7368,12.15,0,0.8947,0.853,False,0.7129,0.7129,0.0,0.8522,[SANDBOX DATA]
learner_0188,session_0188_04,4,2026-01-07T09:00:00,improving,24.58,6,5,4,0.6667,12.08,2,0.8333,0.6929,False,0.7129,0.773,0.0601,0.7136,[SANDBOX DATA]
learner_0188,session_0188_05,5,2026-01-09T09:00:00,struggling,23.45,8,3,2,0.25,20.74,6,0.375,0.3545,False,0.773,0.773,0.0,0.3021,[SANDBOX DATA]
learner_0188,session_0188_06,6,2026-01-12T09:00:00,struggling,27.66,7,4,2,0.2857,22.65,3,0.5714,0.2535,True,0.773,0.789,0.016,0.4078,[SANDBOX DATA]
learner_0188,session_0188_07,7,2026-01-18T09:00:00,struggling,67.48,10,6,3,0.3,75.11,5,0.6,0.3794,True,0.789,0.8044,0.0154,0.4309,[SANDBOX DATA]
learner_0188,session_0188_08,8,2026-01-21T09:00:00,struggling,17.83,10,6,4,0.4,24.1,5,0.6,0.3669,True,0.8044,0.8044,0.0,0.4634,[SANDBOX DATA]
learner_0188,session_0188_09,9,2026-01-26T09:00:00,needs_practice,38.43,10,8,6,0.6,14.76,5,0.8,0.6599,True,0.8044,0.8331,0.0287,0.642,[SANDBOX DATA]
learner_0189,session_0189_01,1,2026-01-01T09:00:00,mastered,15.25,13,12,11,0.8462,6.75,1,0.9231,0.7694,False,0.8753,0.8839,0.0087,0.8654,[SANDBOX DATA]
learner_0189,session_0189_02,2,2026-01-05T09:00:00,improving,19.8,9,7,6,0.6667,17.89,1,0.7778,0.9232,False,0.8839,0.9228,0.0389,0.7902,[SANDBOX DATA]
learner_0189,session_0189_03,3,2026-01-09T09:00:00,mastered,15.66,13,12,12,0.9231,6.76,2,0.9231,0.7843,False,0.9228,0.9506,0.0278,0.8799,[SANDBOX DATA]
learner_0189,session_0189_04,4,2026-01-12T09:00:00,mastered,25.95,14,12,11,0.7857,10.34,1,0.8571,1.0,False,0.9506,0.9506,0.0,0.875,[SANDBOX DATA]
learner_0189,session_0189_05,5,2026-01-17T09:00:00,mastered,30.28,19,17,17,0.8947,9.63,1,0.8947,0.9466,False,0.9506,0.9776,0.0271,0.9156,[SANDBOX DATA]
learner_0189,session_0189_06,6,2026-01-18T09:00:00,mastered,14.2,15,15,14,0.9333,9.16,0,1.0,1.0,True,0.9776,0.9993,0.0217,0.9767,[SANDBOX DATA]
learner_0189,session_0189_07,7,2026-01-19T09:00:00,improving,26.87,16,15,15,0.9375,15.13,4,0.9375,0.9575,False,0.9993,1.0,0.0007,0.904,[SANDBOX DATA]
learner_0189,session_0189_08,8,2026-01-21T09:00:00,improving,21.48,10,9,8,0.8,14.86,3,0.9,0.838,False,1.0,1.0,0.0,0.8126,[SANDBOX DATA]
learner_0189,session_0189_09,9,2026-01-26T09:00:00,mastered,21.15,13,11,11,0.8462,8.67,1,0.8462,0.8865,False,1.0,1.0,0.0,0.8696,[SANDBOX DATA]
learner_0189,session_0189_10,10,2026-01-27T09:00:00,needs_practice,28.33,9,5,5,0.5556,14.35,4,0.5556,0.6268,False,1.0,1.0,0.0,0.5698,[SANDBOX DATA]
learner_0189,session_0189_11,11,2026-01-30T09:00:00,improving,25.72,15,13,12,0.8,14.77,5,0.8667,0.9123,False,1.0,1.0,0.0,0.8125,[SANDBOX DATA]
learner_0190,session_0190_01,1,2026-01-01T09:00:00,struggling,20.18,6,4,2,0.3333,29.01,5,0.6667,0.2963,True,0.205,0.2554,0.0504,0.3759,[SANDBOX DATA]
learner_0190,session_0190_02,2,2026-01-02T09:00:00,struggling,15.56,8,4,3,0.375,22.59,4,0.5,0.4342,True,0.2554,0.2896,0.0342,0.4431,[SANDBOX DATA]
learner_0190,session_0190_03,3,2026-01-08T09:00:00,struggling,30.0,7,3,3,0.4286,45.6,2,0.4286,0.3697,True,0.2896,0.2896,0.0,0.4739,[SANDBOX DATA]
learner_0190,session_0190_04,4,2026-01-12T09:00:00,struggling,16.6,7,4,1,0.1429,17.5,4,0.5714,0.5373,True,0.2896,0.3289,0.0394,0.386,[SANDBOX DATA]
learner_0190,session_0190_05,5,2026-01-14T09:00:00,struggling,35.7,8,5,2,0.25,16.66,4,0.625,0.5223,False,0.3289,0.3443,0.0154,0.4482,[SANDBOX DATA]
learner_0190,session_0190_06,6,2026-01-17T09:00:00,struggling,14.92,10,4,3,0.3,64.98,6,0.4,0.419,True,0.3443,0.3975,0.0532,0.3688,[SANDBOX DATA]
learner_0190,session_0190_07,7,2026-01-19T09:00:00,struggling,22.29,14,7,6,0.4286,35.37,12,0.5,0.4969,False,0.3975,0.4167,0.0192,0.403,[SANDBOX DATA]
learner_0190,session_0190_08,8,2026-01-22T09:00:00,needs_practice,30.81,10,7,6,0.6,18.18,2,0.7,0.6194,True,0.4167,0.4457,0.029,0.6689,[SANDBOX DATA]
learner_0190,session_0190_09,9,2026-01-25T09:00:00,needs_practice,51.63,8,6,4,0.5,18.95,3,0.75,0.6285,False,0.4457,0.4557,0.01,0.6132,[SANDBOX DATA]
learner_0190,session_0190_10,10,2026-01-29T09:00:00,needs_practice,18.45,19,14,14,0.7368,40.99,6,0.7368,0.6964,False,0.4557,0.4989,0.0432,0.7182,[SANDBOX DATA]
learner_0190,session_0190_11,11,2026-02-01T09:00:00,needs_practice,18.56,11,9,5,0.4545,20.24,3,0.8182,0.7153,True,0.4989,0.5275,0.0286,0.6522,[SANDBOX DATA]
learner_0191,session_0191_01,1,2026-01-01T09:00:00,struggling,23.58,11,6,5,0.4545,13.07,7,0.5455,0.4608,False,0.1859,0.1859,0.0,0.4603,[SANDBOX DATA]
learner_0191,session_0191_02,2,2026-01-04T09:00:00,struggling,18.85,10,6,5,0.5,34.99,3,0.6,0.4634,False,0.1859,0.2062,0.0203,0.5577,[SANDBOX DATA]
learner_0191,session_0191_03,3,2026-01-09T09:00:00,struggling,35.44,11,6,3,0.2727,27.84,8,0.5455,0.5408,True,0.2062,0.2559,0.0497,0.3945,[SANDBOX DATA]
learner_0191,session_0191_04,4,2026-01-13T09:00:00,needs_practice,21.64,15,11,6,0.4,22.1,6,0.7333,0.5149,True,0.2559,0.3582,0.1023,0.5463,[SANDBOX DATA]
learner_0191,session_0191_05,5,2026-01-18T09:00:00,struggling,19.45,12,6,3,0.25,43.46,9,0.5,0.504,True,0.3582,0.4086,0.0504,0.3633,[SANDBOX DATA]
learner_0191,session_0191_06,6,2026-01-22T09:00:00,struggling,24.18,7,5,1,0.1429,25.52,7,0.7143,0.3791,True,0.4086,0.4124,0.0039,0.3044,[SANDBOX DATA]
learner_0191,session_0191_07,7,2026-01-23T09:00:00,struggling,46.39,3,2,2,0.6667,38.68,2,0.6667,0.3692,False,0.4124,0.4124,0.0,0.5405,[SANDBOX DATA]
learner_0191,session_0191_08,8,2026-01-28T09:00:00,struggling,17.58,15,8,7,0.4667,24.26,10,0.5333,0.4156,False,0.4124,0.4124,0.0,0.4465,[SANDBOX DATA]
learner_0191,session_0191_09,9,2026-02-02T09:00:00,struggling,18.86,7,3,4,0.5714,42.81,5,0.4286,0.3528,True,0.4124,0.4677,0.0552,0.4348,[SANDBOX DATA]
learner_0191,session_0191_10,10,2026-02-04T09:00:00,struggling,11.23,3,2,1,0.3333,32.73,1,0.6667,0.5472,False,0.4677,0.4677,0.0,0.5261,[SANDBOX DATA]
learner_0192,session_0192_01,1,2026-01-01T09:00:00,mastered,24.56,24,22,17,0.7083,7.64,3,0.9167,0.8826,False,0.8543,0.8613,0.007,0.8286,[SANDBOX DATA]
learner_0192,session_0192_02,2,2026-01-04T09:00:00,improving,23.73,13,10,9,0.6923,7.63,3,0.7692,0.852,True,0.8613,0.9451,0.0838,0.7589,[SANDBOX DATA]
learner_0192,session_0192_03,3,2026-01-09T09:00:00,needs_practice,23.85,12,7,4,0.3333,17.32,3,0.5833,0.6393,True,0.9451,1.0,0.0549,0.5404,[SANDBOX DATA]
learner_0192,session_0192_04,4,2026-01-12T09:00:00,improving,31.79,13,12,9,0.6923,13.67,2,0.9231,0.8122,False,1.0,1.0,0.0,0.8048,[SANDBOX DATA]
learner_0192,session_0192_05,5,2026-01-18T09:00:00,improving,22.61,18,15,9,0.5,25.94,7,0.8333,0.682,False,1.0,1.0,0.0,0.642,[SANDBOX DATA]
learner_0192,session_0192_06,6,2026-01-20T09:00:00,needs_practice,25.04,9,6,4,0.4444,26.14,4,0.6667,0.616,True,1.0,1.0,0.0,0.5565,[SANDBOX DATA]
learner_0192,session_0192_07,7,2026-01-21T09:00:00,struggling,22.28,5,3,1,0.2,28.31,2,0.6,0.4249,False,1.0,1.0,0.0,0.425,[SANDBOX DATA]
learner_0192,session_0192_08,8,2026-01-26T09:00:00,struggling,32.86,5,2,2,0.4,35.52,3,0.4,0.4519,False,1.0,1.0,0.0,0.4104,[SANDBOX DATA]
learner_0193,session_0193_01,1,2026-01-01T09:00:00,needs_practice,36.25,13,9,7,0.5385,19.33,7,0.6923,0.588,False,0.4202,0.4202,0.0,0.5714,[SANDBOX DATA]
learner_0193,session_0193_02,2,2026-01-07T09:00:00,improving,11.41,12,12,8,0.6667,13.65,4,1.0,0.6651,False,0.4202,0.4337,0.0135,0.7497,[SANDBOX DATA]
learner_0193,session_0193_03,3,2026-01-13T09:00:00,mastered,15.25,6,6,5,0.8333,9.9,1,1.0,0.9189,False,0.4337,0.4337,0.0,0.8921,[SANDBOX DATA]
learner_0193,session_0193_04,4,2026-01-18T09:00:00,mastered,10.84,18,17,17,0.9444,8.03,3,0.9444,0.9081,False,0.4337,0.4538,0.0201,0.915,[SANDBOX DATA]
learner_0193,session_0193_05,5,2026-01-22T09:00:00,mastered,9.7,20,20,18,0.9,13.81,1,1.0,0.8365,False,0.4538,0.4801,0.0263,0.9223,[SANDBOX DATA]
learner_0193,session_0193_06,6,2026-01-27T09:00:00,improving,12.29,25,20,13,0.52,17.27,6,0.8,0.6954,False,0.4801,0.5084,0.0283,0.6731,[SANDBOX DATA]
learner_0193,session_0193_07,7,2026-01-28T09:00:00,improving,28.92,12,10,9,0.75,9.96,3,0.8333,0.8127,False,0.5084,0.5999,0.0915,0.7834,[SANDBOX DATA]
learner_0193,session_0193_08,8,2026-01-31T09:00:00,improving,27.82,18,15,13,0.7222,15.35,6,0.8333,0.7527,False,0.5999,0.6347,0.0349,0.745,[SANDBOX DATA]
learner_0193,session_0193_09,9,2026-02-02T09:00:00,improving,29.95,17,15,12,0.7059,12.43,0,0.8824,0.7604,True,0.6347,0.6864,0.0517,0.8197,[SANDBOX DATA]
learner_0193,session_0193_10,10,2026-02-05T09:00:00,improving,14.86,17,14,11,0.6471,12.58,2,0.8235,0.8701,False,0.6864,0.7033,0.0169,0.7829,[SANDBOX DATA]
learner_0194,session_0194_01,1,2026-01-01T09:00:00,struggling,38.13,5,3,1,0.2,29.33,1,0.6,0.4365,False,0.2962,0.2962,0.0,0.4673,[SANDBOX DATA]
learner_0194,session_0194_02,2,2026-01-07T09:00:00,struggling,35.39,10,6,5,0.5,41.13,7,0.6,0.3915,False,0.2962,0.3393,0.0431,0.4633,[SANDBOX DATA]
learner_0194,session_0194_03,3,2026-01-10T09:00:00,improving,29.34,11,8,8,0.7273,10.6,2,0.7273,0.7579,True,0.3393,0.4095,0.0702,0.7516,[SANDBOX DATA]
learner_0194,session_0194_04,4,2026-01-16T09:00:00,improving,27.13,16,14,10,0.625,14.75,5,0.875,0.7092,False,0.4095,0.452,0.0425,0.7168,[SANDBOX DATA]
learner_0194,session_0194_05,5,2026-01-19T09:00:00,mastered,26.51,15,15,12,0.8,11.83,2,1.0,0.883,False,0.452,0.4643,0.0123,0.8799,[SANDBOX DATA]
learner_0194,session_0194_06,6,2026-01-22T09:00:00,mastered,14.89,10,9,8,0.8,12.33,0,0.9,0.8952,False,0.4643,0.49,0.0257,0.884,[SANDBOX DATA]
learner_0194,session_0194_07,7,2026-01-27T09:00:00,needs_practice,27.94,12,8,5,0.4167,31.68,6,0.6667,0.6366,False,0.49,0.49,0.0,0.5398,[SANDBOX DATA]
learner_0194,session_0194_08,8,2026-01-30T09:00:00,needs_practice,33.69,8,6,5,0.625,27.44,6,0.75,0.6855,False,0.49,0.512,0.022,0.5933,[SANDBOX DATA]
learner_0194,session_0194_09,9,2026-02-05T09:00:00,improving,18.29,16,13,15,0.9375,17.12,3,0.8125,0.7799,False,0.512,0.564,0.052,0.8497,[SANDBOX DATA]
learner_0194,session_0194_10,10,2026-02-10T09:00:00,improving,27.93,17,15,12,0.7059,11.94,5,0.8824,0.742,True,0.564,0.6617,0.0977,0.7572,[SANDBOX DATA]
learner_0194,session_0194_11,11,2026-02-13T09:00:00,needs_practice,16.6,17,14,11,0.6471,15.68,7,0.8235,0.5998,False,0.6617,0.6825,0.0208,0.67,[SANDBOX DATA]
learner_0194,session_0194_12,12,2026-02-18T09:00:00,needs_practice,31.11,10,7,7,0.7,24.16,2,0.7,0.6981,True,0.6825,0.7347,0.0521,0.7196,[SANDBOX DATA]
learner_0195,session_0195_01,1,2026-01-01T09:00:00,needs_practice,19.74,6,4,1,0.1667,16.92,2,0.6667,0.5993,False,0.2599,0.3062,0.0463,0.4782,[SANDBOX DATA]
learner_0195,session_0195_02,2,2026-01-04T09:00:00,needs_practice,29.86,10,8,6,0.6,26.15,1,0.8,0.5525,True,0.3062,0.37,0.0638,0.7005,[SANDBOX DATA]
learner_0195,session_0195_03,3,2026-01-08T09:00:00,needs_practice,26.78,17,16,10,0.5882,48.37,5,0.9412,0.5195,False,0.37,0.37,0.0,0.6862,[SANDBOX DATA]
learner_0195,session_0195_04,4,2026-01-09T09:00:00,improving,35.26,11,9,7,0.6364,8.11,3,0.8182,0.7416,True,0.37,0.442,0.072,0.7211,[SANDBOX DATA]
learner_0195,session_0195_05,5,2026-01-12T09:00:00,improving,51.41,12,11,9,0.75,13.3,4,0.9167,0.7554,False,0.442,0.4629,0.0209,0.7761,[SANDBOX DATA]
learner_0195,session_0195_06,6,2026-01-15T09:00:00,struggling,19.65,6,3,3,0.5,36.54,1,0.5,0.4738,False,0.4629,0.4662,0.0033,0.5614,[SANDBOX DATA]
learner_0195,session_0195_07,7,2026-01-21T09:00:00,needs_practice,63.74,11,8,5,0.4545,27.37,4,0.7273,0.6297,False,0.4662,0.4889,0.0227,0.5941,[SANDBOX DATA]
learner_0195,session_0195_08,8,2026-01-26T09:00:00,needs_practice,21.36,9,6,6,0.6667,20.97,5,0.6667,0.7579,True,0.4889,0.5186,0.0297,0.6405,[SANDBOX DATA]
learner_0195,session_0195_09,9,2026-01-31T09:00:00,improving,24.51,17,12,12,0.7059,10.18,3,0.7059,0.7262,True,0.5186,0.6418,0.1232,0.7335,[SANDBOX DATA]
learner_0195,session_0195_10,10,2026-02-06T09:00:00,mastered,13.3,22,22,21,0.9545,10.44,0,1.0,0.9543,False,0.6418,0.6767,0.035,0.975,[SANDBOX DATA]
learner_0196,session_0196_01,1,2026-01-01T09:00:00,struggling,29.63,7,4,3,0.4286,40.0,4,0.5714,0.457,False,0.0845,0.1042,0.0196,0.47,[SANDBOX DATA]
learner_0196,session_0196_02,2,2026-01-03T09:00:00,struggling,12.24,10,7,4,0.4,22.59,5,0.7,0.2845,False,0.1042,0.1402,0.036,0.4719,[SANDBOX DATA]
learner_0196,session_0196_03,3,2026-01-05T09:00:00,struggling,30.55,4,2,1,0.25,18.37,2,0.5,0.3823,True,0.1402,0.2026,0.0624,0.389,[SANDBOX DATA]
learner_0196,session_0196_04,4,2026-01-08T09:00:00,struggling,41.76,6,3,3,0.5,25.84,2,0.5,0.4217,True,0.2026,0.2474,0.0448,0.5177,[SANDBOX DATA]
learner_0196,session_0196_05,5,2026-01-13T09:00:00,struggling,18.76,8,5,3,0.375,13.91,4,0.625,0.5385,True,0.2474,0.3019,0.0545,0.4952,[SANDBOX DATA]
learner_0196,session_0196_06,6,2026-01-19T09:00:00,needs_practice,21.99,18,13,12,0.6667,17.0,6,0.7222,0.6395,False,0.3019,0.3304,0.0286,0.6751,[SANDBOX DATA]
learner_0196,session_0196_07,7,2026-01-22T09:00:00,struggling,32.75,13,8,4,0.3077,51.45,8,0.6154,0.4828,False,0.3304,0.3304,0.0,0.435,[SANDBOX DATA]
learner_0196,session_0196_08,8,2026-01-27T09:00:00,struggling,28.76,5,3,1,0.2,22.63,2,0.6,0.4332,False,0.3304,0.3348,0.0044,0.4266,[SANDBOX DATA]
learner_0197,session_0197_01,1,2026-01-01T09:00:00,struggling,36.92,13,7,3,0.2308,32.42,5,0.5385,0.3951,True,0.1965,0.231,0.0345,0.4175,[SANDBOX DATA]
learner_0197,session_0197_02,2,2026-01-06T09:00:00,improving,15.78,14,10,12,0.8571,9.39,5,0.7143,0.7316,True,0.231,0.299,0.068,0.7535,[SANDBOX DATA]
learner_0197,session_0197_03,3,2026-01-08T09:00:00,improving,16.33,13,12,9,0.6923,12.07,4,0.9231,0.8609,True,0.299,0.3869,0.0879,0.7837,[SANDBOX DATA]
learner_0197,session_0197_04,4,2026-01-11T09:00:00,mastered,12.57,19,19,16,0.8421,9.27,1,1.0,1.0,False,0.3869,0.4032,0.0163,0.9342,[SANDBOX DATA]
learner_0197,session_0197_05,5,2026-01-15T09:00:00,improving,9.12,15,12,13,0.8667,13.06,2,0.8,0.7954,False,0.4032,0.4604,0.0572,0.8357,[SANDBOX DATA]
learner_0197,session_0197_06,6,2026-01-16T09:00:00,mastered,23.74,24,23,24,1.0,11.93,6,0.9583,0.7471,False,0.4604,0.4663,0.0059,0.889,[SANDBOX DATA]
learner_0197,session_0197_07,7,2026-01-20T09:00:00,mastered,25.76,19,17,19,1.0,7.41,0,0.8947,0.9462,False,0.4663,0.4794,0.013,0.9629,[SANDBOX DATA]
learner_0197,session_0197_08,8,2026-01-23T09:00:00,mastered,17.69,16,15,13,0.8125,9.18,0,0.9375,1.0,True,0.4794,0.5223,0.043,0.9187,[SANDBOX DATA]
learner_0198,session_0198_01,1,2026-01-01T09:00:00,needs_practice,32.32,8,5,5,0.625,17.52,2,0.625,0.5616,False,0.4621,0.5058,0.0437,0.6373,[SANDBOX DATA]
learner_0198,session_0198_02,2,2026-01-02T09:00:00,needs_practice,30.27,17,12,11,0.6471,16.91,5,0.7059,0.5933,True,0.5058,0.5197,0.0138,0.6628,[SANDBOX DATA]
learner_0198,session_0198_03,3,2026-01-08T09:00:00,needs_practice,31.58,15,12,9,0.6,25.76,5,0.8,0.4867,True,0.5197,0.5197,0.0,0.6407,[SANDBOX DATA]
learner_0198,session_0198_04,4,2026-01-09T09:00:00,improving,33.44,15,14,11,0.7333,19.54,2,0.9333,0.704,True,0.5197,0.5566,0.0369,0.8041,[SANDBOX DATA]
learner_0198,session_0198_05,5,2026-01-12T09:00:00,struggling,11.72,7,5,3,0.4286,32.26,3,0.7143,0.4551,True,0.5566,0.564,0.0075,0.5339,[SANDBOX DATA]
learner_0198,session_0198_06,6,2026-01-16T09:00:00,needs_practice,32.72,15,11,8,0.5333,30.55,9,0.7333,0.6751,False,0.564,0.564,0.0,0.585,[SANDBOX DATA]
learner_0198,session_0198_07,7,2026-01-20T09:00:00,improving,15.64,7,5,5,0.7143,8.95,1,0.7143,0.8772,True,0.564,0.6433,0.0793,0.7754,[SANDBOX DATA]
learner_0198,session_0198_08,8,2026-01-23T09:00:00,mastered,13.6,18,17,17,0.9444,7.76,1,0.9444,0.8923,False,0.6433,0.6689,0.0256,0.934,[SANDBOX DATA]
learner_0198,session_0198_09,9,2026-01-29T09:00:00,mastered,17.9,15,15,12,0.8,10.01,0,1.0,0.8854,False,0.6689,0.6751,0.0062,0.9071,[SANDBOX DATA]
learner_0198,session_0198_10,10,2026-02-01T09:00:00,mastered,26.2,9,9,8,0.8889,8.8,0,1.0,0.936,True,0.6751,0.7123,0.0372,0.9483,[SANDBOX DATA]
learner_0198,session_0198_11,11,2026-02-07T09:00:00,needs_practice,52.18,17,14,8,0.4706,32.65,7,0.8235,0.557,False,0.7123,0.7305,0.0182,0.5996,[SANDBOX DATA]
learner_0199,session_0199_01,1,2026-01-01T09:00:00,needs_practice,26.57,11,8,6,0.5455,17.58,6,0.7273,0.656,False,0.4432,0.4591,0.0159,0.5948,[SANDBOX DATA]
learner_0199,session_0199_02,2,2026-01-04T09:00:00,needs_practice,58.98,12,8,8,0.6667,34.87,7,0.6667,0.5574,False,0.4591,0.5263,0.0672,0.5948,[SANDBOX DATA]
learner_0199,session_0199_03,3,2026-01-09T09:00:00,needs_practice,33.6,12,7,7,0.5833,18.93,6,0.5833,0.6141,False,0.5263,0.5263,0.0,0.5728,[SANDBOX DATA]
learner_0199,session_0199_04,4,2026-01-10T09:00:00,struggling,16.96,11,8,7,0.6364,27.47,5,0.7273,0.4525,False,0.5263,0.5284,0.002,0.6041,[SANDBOX DATA]
learner_0199,session_0199_05,5,2026-01-16T09:00:00,needs_practice,29.27,21,15,8,0.381,16.6,10,0.7143,0.6709,False,0.5284,0.5299,0.0015,0.5509,[SANDBOX DATA]
learner_0199,session_0199_06,6,2026-01-18T09:00:00,needs_practice,43.77,12,9,8,0.6667,33.45,3,0.75,0.402,True,0.5299,0.553,0.0231,0.6512,[SANDBOX DATA]
learner_0199,session_0199_07,7,2026-01-24T09:00:00,needs_practice,44.4,19,13,10,0.5263,20.51,7,0.6842,0.5967,True,0.553,0.553,0.0,0.6009,[SANDBOX DATA]
learner_0199,session_0199_08,8,2026-01-29T09:00:00,needs_practice,26.94,11,7,6,0.5455,20.19,5,0.6364,0.7041,True,0.553,0.6035,0.0504,0.5999,[SANDBOX DATA]
learner_0199,session_0199_09,9,2026-02-03T09:00:00,improving,35.58,13,11,12,0.9231,20.32,3,0.8462,0.9773,True,0.6035,0.6874,0.084,0.8839,[SANDBOX DATA]
learner_0200,session_0200_01,1,2026-01-01T09:00:00,needs_practice,22.73,11,9,5,0.4545,33.75,4,0.8182,0.6405,False,0.4763,0.4763,0.0,0.619,[SANDBOX DATA]
learner_0200,session_0200_02,2,2026-01-02T09:00:00,needs_practice,29.94,12,8,8,0.6667,9.29,5,0.6667,0.6882,False,0.4763,0.4902,0.0139,0.6543,[SANDBOX DATA]
learner_0200,session_0200_03,3,2026-01-04T09:00:00,needs_practice,30.05,11,8,8,0.7273,16.72,5,0.7273,0.6268,True,0.4902,0.5588,0.0686,0.6708,[SANDBOX DATA]
learner_0200,session_0200_04,4,2026-01-09T09:00:00,improving,23.51,11,10,9,0.8182,18.49,2,0.9091,0.7602,False,0.5588,0.6503,0.0915,0.8293,[SANDBOX DATA]
learner_0200,session_0200_05,5,2026-01-13T09:00:00,improving,42.79,18,15,13,0.7222,19.66,5,0.8333,0.7636,False,0.6503,0.7019,0.0516,0.7583,[SANDBOX DATA]
learner_0200,session_0200_06,6,2026-01-14T09:00:00,needs_practice,34.94,11,6,6,0.5455,17.52,7,0.5455,0.6104,True,0.7019,0.7423,0.0404,0.5221,[SANDBOX DATA]
learner_0200,session_0200_07,7,2026-01-20T09:00:00,mastered,16.6,21,18,21,1.0,6.75,0,0.8571,1.0,False,0.7423,0.7697,0.0274,0.9643,[SANDBOX DATA]
learner_0200,session_0200_08,8,2026-01-25T09:00:00,mastered,17.84,15,15,14,0.9333,9.37,1,1.0,0.8467,False,0.7697,0.7697,0.0,0.9327,[SANDBOX DATA]
learner_0200,session_0200_09,9,2026-01-28T09:00:00,mastered,13.38,16,16,15,0.9375,10.29,0,1.0,0.852,False,0.7697,0.7888,0.0191,0.9485,[SANDBOX DATA]
learner_0200,session_0200_10,10,2026-01-31T09:00:00,mastered,23.16,18,16,16,0.8889,7.27,1,0.8889,0.8959,False,0.7888,0.8158,0.0269,0.9014,[SANDBOX DATA]
